# File produced by Open Asset Import Library (http://www.assimp.sf.net)
# (assimp v3.0.1262)

mtllib model.dae.obj.mtl

# 6988 vertex positions
v  -27.6046 72.5 15.9375
v  -27.6046 55.875 -15.9375
v  -27.6046 55.875 15.9375
v  -27.6046 55.875 -15.9375
v  -27.6046 72.5 15.9375
v  -27.6046 72.5 -15.9375
v  0 72.5 31.875
v  -27.6046 55.875 15.9375
v  0 55.875 31.875
v  -27.6046 55.875 15.9375
v  0 72.5 31.875
v  -27.6046 72.5 15.9375
v  -27.6046 89.125 15.9375
v  -27.6046 72.5 -15.9375
v  -27.6046 72.5 15.9375
v  -27.6046 72.5 -15.9375
v  -27.6046 89.125 15.9375
v  -27.6046 89.125 -15.9375
v  -27.6046 72.5 -15.9375
v  0 55.875 -31.875
v  -27.6046 55.875 -15.9375
v  0 55.875 -31.875
v  -27.6046 72.5 -15.9375
v  0 72.5 -31.875
v  27.6046 72.5 15.9375
v  0 55.875 31.875
v  27.6046 55.875 15.9375
v  0 55.875 31.875
v  27.6046 72.5 15.9375
v  0 72.5 31.875
v  0 72.5 31.875
v  -27.6046 89.125 15.9375
v  -27.6046 72.5 15.9375
v  -27.6046 89.125 15.9375
v  0 72.5 31.875
v  0 89.125 31.875
v  -27.6046 72.5 -15.9375
v  0 89.125 -31.875
v  0 72.5 -31.875
v  0 89.125 -31.875
v  -27.6046 72.5 -15.9375
v  -27.6046 89.125 -15.9375
v  0 72.5 -31.875
v  4.62594 55.875 -29.2042
v  0 55.875 -31.875
v  4.62594 55.875 -29.2042
v  0 72.5 -31.875
v  10.9588 55.875 -25.548
v  10.9588 55.875 -25.548
v  0 72.5 -31.875
v  27.6046 55.875 -15.9375
v  27.6046 55.875 -15.9375
v  0 72.5 -31.875
v  27.6046 72.5 -15.9375
v  27.6046 72.5 -15.9375
v  0 72.5 -31.875
v  4.62594 72.5 -29.2042
v  27.6046 72.5 -15.9375
v  4.62594 72.5 -29.2042
v  10.9588 72.5 -25.548
v  27.6046 55.875 -15.9375
v  27.6046 72.5 15.9375
v  27.6046 55.875 15.9375
v  27.6046 72.5 15.9375
v  27.6046 55.875 -15.9375
v  27.6046 72.5 -15.9375
v  27.6046 89.125 15.9375
v  0 72.5 31.875
v  27.6046 72.5 15.9375
v  0 72.5 31.875
v  27.6046 89.125 15.9375
v  0 89.125 31.875
v  0 89.125 -31.875
v  4.62594 72.5 -29.2042
v  0 72.5 -31.875
v  4.62594 72.5 -29.2042
v  0 89.125 -31.875
v  10.9588 72.5 -25.548
v  10.9588 72.5 -25.548
v  0 89.125 -31.875
v  27.6046 72.5 -15.9375
v  27.6046 72.5 -15.9375
v  0 89.125 -31.875
v  4.62594 89.125 -29.2042
v  27.6046 72.5 -15.9375
v  4.62594 89.125 -29.2042
v  27.6046 89.125 -15.9375
v  27.6046 89.125 -15.9375
v  4.62594 89.125 -29.2042
v  10.9588 89.125 -25.548
v  27.6046 72.5 -15.9375
v  27.6046 89.125 15.9375
v  27.6046 72.5 15.9375
v  27.6046 89.125 15.9375
v  27.6046 72.5 -15.9375
v  27.6046 89.125 -15.9375
v  -27.6046 72.5 -15.9375
v  -27.6046 72.5 15.9375
v  -27.6046 55.875 -15.9375
v  -27.6046 55.875 15.9375
v  -27.6046 55.875 -15.9375
v  -27.6046 72.5 15.9375
v  -27.6046 72.5 15.9375
v  0 72.5 31.875
v  -27.6046 55.875 15.9375
v  0 55.875 31.875
v  -27.6046 55.875 15.9375
v  0 72.5 31.875
v  -27.6046 89.125 -15.9375
v  -27.6046 89.125 15.9375
v  -27.6046 72.5 -15.9375
v  -27.6046 72.5 15.9375
v  -27.6046 72.5 -15.9375
v  -27.6046 89.125 15.9375
v  0 72.5 -31.875
v  -27.6046 72.5 -15.9375
v  0 55.875 -31.875
v  -27.6046 55.875 -15.9375
v  0 55.875 -31.875
v  -27.6046 72.5 -15.9375
v  0 72.5 31.875
v  27.6046 72.5 15.9375
v  0 55.875 31.875
v  27.6046 55.875 15.9375
v  0 55.875 31.875
v  27.6046 72.5 15.9375
v  0 89.125 31.875
v  0 72.5 31.875
v  -27.6046 89.125 15.9375
v  -27.6046 72.5 15.9375
v  -27.6046 89.125 15.9375
v  0 72.5 31.875
v  -27.6046 89.125 -15.9375
v  -27.6046 72.5 -15.9375
v  0 89.125 -31.875
v  0 72.5 -31.875
v  0 89.125 -31.875
v  -27.6046 72.5 -15.9375
v  10.9588 72.5 -25.548
v  4.62594 72.5 -29.2042
v  27.6046 72.5 -15.9375
v  4.62594 72.5 -29.2042
v  0 72.5 -31.875
v  27.6046 72.5 -15.9375
v  27.6046 72.5 -15.9375
v  0 72.5 -31.875
v  27.6046 55.875 -15.9375
v  27.6046 55.875 -15.9375
v  0 72.5 -31.875
v  10.9588 55.875 -25.548
v  10.9588 55.875 -25.548
v  0 72.5 -31.875
v  4.62594 55.875 -29.2042
v  0 55.875 -31.875
v  4.62594 55.875 -29.2042
v  0 72.5 -31.875
v  27.6046 72.5 -15.9375
v  27.6046 55.875 -15.9375
v  27.6046 72.5 15.9375
v  27.6046 55.875 15.9375
v  27.6046 72.5 15.9375
v  27.6046 55.875 -15.9375
v  0 89.125 31.875
v  27.6046 89.125 15.9375
v  0 72.5 31.875
v  27.6046 72.5 15.9375
v  0 72.5 31.875
v  27.6046 89.125 15.9375
v  10.9588 89.125 -25.548
v  4.62594 89.125 -29.2042
v  27.6046 89.125 -15.9375
v  27.6046 89.125 -15.9375
v  4.62594 89.125 -29.2042
v  27.6046 72.5 -15.9375
v  4.62594 89.125 -29.2042
v  0 89.125 -31.875
v  27.6046 72.5 -15.9375
v  27.6046 72.5 -15.9375
v  0 89.125 -31.875
v  10.9588 72.5 -25.548
v  10.9588 72.5 -25.548
v  0 89.125 -31.875
v  4.62594 72.5 -29.2042
v  0 72.5 -31.875
v  4.62594 72.5 -29.2042
v  0 89.125 -31.875
v  27.6046 89.125 -15.9375
v  27.6046 72.5 -15.9375
v  27.6046 89.125 15.9375
v  27.6046 72.5 15.9375
v  27.6046 89.125 15.9375
v  27.6046 72.5 -15.9375
v  -27.6046 55.875 -15.9375
v  -27.6046 55.875 15.9375
v  -27.6046 55.875 15.9375
v  -27.6046 72.5 15.9375
v  -27.6046 72.5 -15.9375
v  -27.6046 72.5 15.9375
v  -27.6046 55.875 -15.9375
v  -27.6046 72.5 -15.9375
v  -27.6046 55.875 15.9375
v  0 55.875 31.875
v  0 55.875 31.875
v  0 72.5 31.875
v  -27.6046 72.5 15.9375
v  0 72.5 31.875
v  -27.6046 89.125 -15.9375
v  -27.6046 89.125 15.9375
v  -27.6046 89.125 -15.9375
v  -27.6046 72.5 -15.9375
v  -27.6046 89.125 15.9375
v  -27.6046 72.5 15.9375
v  0 55.875 -31.875
v  -27.6046 55.875 -15.9375
v  0 72.5 -31.875
v  -27.6046 72.5 -15.9375
v  0 55.875 -31.875
v  0 72.5 -31.875
v  0 55.875 31.875
v  27.6046 55.875 15.9375
v  27.6046 55.875 15.9375
v  27.6046 72.5 15.9375
v  0 72.5 31.875
v  27.6046 72.5 15.9375
v  -27.6046 89.125 15.9375
v  0 89.125 31.875
v  0 89.125 31.875
v  0 72.5 31.875
v  0 89.125 -31.875
v  -27.6046 89.125 -15.9375
v  0 89.125 -31.875
v  0 72.5 -31.875
v  4.62594 72.5 -29.2042
v  0 72.5 -31.875
v  10.9588 72.5 -25.548
v  4.62594 72.5 -29.2042
v  27.6046 72.5 -15.9375
v  10.9588 72.5 -25.548
v  27.6046 55.875 -15.9375
v  27.6046 72.5 -15.9375
v  27.6046 55.875 -15.9375
v  10.9588 55.875 -25.548
v  10.9588 55.875 -25.548
v  4.62594 55.875 -29.2042
v  4.62594 55.875 -29.2042
v  0 55.875 -31.875
v  27.6046 55.875 15.9375
v  27.6046 55.875 -15.9375
v  27.6046 72.5 15.9375
v  27.6046 72.5 -15.9375
v  0 89.125 31.875
v  27.6046 89.125 15.9375
v  27.6046 89.125 15.9375
v  27.6046 72.5 15.9375
v  4.62594 89.125 -29.2042
v  0 89.125 -31.875
v  10.9588 89.125 -25.548
v  4.62594 89.125 -29.2042
v  27.6046 89.125 -15.9375
v  10.9588 89.125 -25.548
v  27.6046 89.125 -15.9375
v  27.6046 72.5 -15.9375
v  27.6046 89.125 15.9375
v  27.6046 89.125 -15.9375
v  0 8.6875 -31.875
v  27.6046 0 -15.9375
v  0 0 -31.875
v  27.6046 0 -15.9375
v  0 8.6875 -31.875
v  27.6046 8.6875 -15.9375
v  -27.6046 8.6875 -15.9375
v  0 0 -31.875
v  -27.6046 0 -15.9375
v  0 0 -31.875
v  -27.6046 8.6875 -15.9375
v  0 8.6875 -31.875
v  0 8.6875 -31.875
v  -27.6046 8.6875 -15.9375
v  -27.6046 16.0625 -15.9375
v  0 8.6875 -31.875
v  -27.6046 16.0625 -15.9375
v  0 16.0625 -31.875
v  0 16.0625 -31.875
v  27.6046 8.6875 -15.9375
v  0 8.6875 -31.875
v  27.6046 8.6875 -15.9375
v  0 16.0625 -31.875
v  27.6046 16.0625 -15.9375
v  27.6046 16.0625 -15.9375
v  0 16.0625 -31.875
v  4.62594 16.0625 -29.2042
v  27.6046 16.0625 -15.9375
v  4.62594 16.0625 -29.2042
v  10.9588 16.0625 -25.548
v  27.6046 0 -15.9375
v  27.6046 8.6875 15.9375
v  27.6046 0 15.9375
v  27.6046 8.6875 15.9375
v  27.6046 0 -15.9375
v  27.6046 16.0625 15.9375
v  27.6046 16.0625 15.9375
v  27.6046 0 -15.9375
v  27.6046 16.0625 -15.9375
v  27.6046 16.0625 -15.9375
v  27.6046 0 -15.9375
v  27.6046 8.6875 -15.9375
v  -27.6046 0 -15.9375
v  -23.7269 0 -13.6987
v  -23.7269 0 13.6987
v  -23.7269 0 -13.6987
v  -27.6046 0 -15.9375
v  0 0 -31.875
v  -23.7269 0 -13.6987
v  0 0 -31.875
v  0 0 -27.3975
v  0 0 -27.3975
v  0 0 -31.875
v  27.6046 0 -15.9375
v  0 0 -27.3975
v  27.6046 0 -15.9375
v  23.7269 0 -13.6987
v  23.7269 0 -13.6987
v  27.6046 0 -15.9375
v  23.7269 0 13.6987
v  23.7269 0 13.6987
v  27.6046 0 -15.9375
v  27.6046 0 15.9375
v  -27.6046 0 15.9375
v  -23.7269 0 13.6987
v  0 0 31.875
v  -23.7269 0 13.6987
v  -27.6046 0 15.9375
v  -27.6046 0 -15.9375
v  0 0 31.875
v  -23.7269 0 13.6987
v  0 0 27.3975
v  0 0 31.875
v  0 0 27.3975
v  27.6046 0 15.9375
v  27.6046 0 15.9375
v  0 0 27.3975
v  23.7269 0 13.6987
v  -27.6046 16.0625 -15.9375
v  -27.6046 8.6875 15.9375
v  -27.6046 16.0625 15.9375
v  -27.6046 8.6875 15.9375
v  -27.6046 16.0625 -15.9375
v  -27.6046 0 15.9375
v  -27.6046 0 15.9375
v  -27.6046 16.0625 -15.9375
v  -27.6046 0 -15.9375
v  -27.6046 0 -15.9375
v  -27.6046 16.0625 -15.9375
v  -27.6046 8.6875 -15.9375
v  -27.6046 49.0625 -15.9375
v  0 16.0625 -31.875
v  -27.6046 16.0625 -15.9375
v  0 16.0625 -31.875
v  -27.6046 49.0625 -15.9375
v  0 49.0625 -31.875
v  0 49.0625 -31.875
v  4.62594 16.0625 -29.2042
v  0 16.0625 -31.875
v  4.62594 16.0625 -29.2042
v  0 49.0625 -31.875
v  10.9588 16.0625 -25.548
v  10.9588 16.0625 -25.548
v  0 49.0625 -31.875
v  27.6046 16.0625 -15.9375
v  27.6046 16.0625 -15.9375
v  0 49.0625 -31.875
v  27.6046 49.0625 -15.9375
v  27.6046 16.0625 -15.9375
v  27.6046 49.0625 15.9375
v  27.6046 16.0625 15.9375
v  27.6046 49.0625 15.9375
v  27.6046 16.0625 -15.9375
v  27.6046 49.0625 -15.9375
v  27.6046 8.6875 15.9375
v  0 0 31.875
v  27.6046 0 15.9375
v  0 0 31.875
v  27.6046 8.6875 15.9375
v  0 8.6875 31.875
v  0 8.6875 31.875
v  27.6046 8.6875 15.9375
v  27.6046 16.0625 15.9375
v  0 8.6875 31.875
v  27.6046 16.0625 15.9375
v  0 16.0625 31.875
v  0 8.6875 31.875
v  -27.6046 0 15.9375
v  0 0 31.875
v  -27.6046 0 15.9375
v  0 8.6875 31.875
v  -27.6046 8.6875 15.9375
v  -27.6046 8.6875 15.9375
v  0 8.6875 31.875
v  0 16.0625 31.875
v  -27.6046 8.6875 15.9375
v  0 16.0625 31.875
v  -27.6046 16.0625 15.9375
v  -27.6046 49.0625 -15.9375
v  -27.6046 16.0625 15.9375
v  -27.6046 49.0625 15.9375
v  -27.6046 16.0625 15.9375
v  -27.6046 49.0625 -15.9375
v  -27.6046 16.0625 -15.9375
v  27.6046 49.0625 15.9375
v  0 16.0625 31.875
v  27.6046 16.0625 15.9375
v  0 16.0625 31.875
v  27.6046 49.0625 15.9375
v  0 49.0625 31.875
v  0 49.0625 31.875
v  -27.6046 16.0625 15.9375
v  0 16.0625 31.875
v  -27.6046 16.0625 15.9375
v  0 49.0625 31.875
v  -27.6046 49.0625 15.9375
v  27.6046 8.6875 -15.9375
v  0 8.6875 -31.875
v  27.6046 0 -15.9375
v  0 0 -31.875
v  27.6046 0 -15.9375
v  0 8.6875 -31.875
v  0 16.0625 -31.875
v  -27.6046 16.0625 -15.9375
v  0 8.6875 -31.875
v  -27.6046 16.0625 -15.9375
v  -27.6046 8.6875 -15.9375
v  0 8.6875 -31.875
v  0 8.6875 -31.875
v  -27.6046 8.6875 -15.9375
v  0 0 -31.875
v  -27.6046 0 -15.9375
v  0 0 -31.875
v  -27.6046 8.6875 -15.9375
v  10.9588 16.0625 -25.548
v  4.62594 16.0625 -29.2042
v  27.6046 16.0625 -15.9375
v  4.62594 16.0625 -29.2042
v  0 16.0625 -31.875
v  27.6046 16.0625 -15.9375
v  27.6046 16.0625 -15.9375
v  0 16.0625 -31.875
v  27.6046 8.6875 -15.9375
v  0 8.6875 -31.875
v  27.6046 8.6875 -15.9375
v  0 16.0625 -31.875
v  27.6046 8.6875 -15.9375
v  27.6046 0 -15.9375
v  27.6046 16.0625 -15.9375
v  27.6046 16.0625 -15.9375
v  27.6046 0 -15.9375
v  27.6046 16.0625 15.9375
v  27.6046 16.0625 15.9375
v  27.6046 0 -15.9375
v  27.6046 8.6875 15.9375
v  27.6046 0 15.9375
v  27.6046 8.6875 15.9375
v  27.6046 0 -15.9375
v  23.7269 0 13.6987
v  0 0 27.3975
v  27.6046 0 15.9375
v  27.6046 0 15.9375
v  0 0 27.3975
v  0 0 31.875
v  0 0 27.3975
v  -23.7269 0 13.6987
v  0 0 31.875
v  -27.6046 0 -15.9375
v  -27.6046 0 15.9375
v  -23.7269 0 13.6987
v  0 0 31.875
v  -23.7269 0 13.6987
v  -27.6046 0 15.9375
v  27.6046 0 15.9375
v  27.6046 0 -15.9375
v  23.7269 0 13.6987
v  23.7269 0 13.6987
v  27.6046 0 -15.9375
v  23.7269 0 -13.6987
v  23.7269 0 -13.6987
v  27.6046 0 -15.9375
v  0 0 -27.3975
v  27.6046 0 -15.9375
v  0 0 -31.875
v  0 0 -27.3975
v  0 0 -27.3975
v  0 0 -31.875
v  -23.7269 0 -13.6987
v  0 0 -31.875
v  -27.6046 0 -15.9375
v  -23.7269 0 -13.6987
v  -23.7269 0 13.6987
v  -23.7269 0 -13.6987
v  -27.6046 0 -15.9375
v  -27.6046 8.6875 -15.9375
v  -27.6046 16.0625 -15.9375
v  -27.6046 0 -15.9375
v  -27.6046 0 -15.9375
v  -27.6046 16.0625 -15.9375
v  -27.6046 0 15.9375
v  -27.6046 0 15.9375
v  -27.6046 16.0625 -15.9375
v  -27.6046 8.6875 15.9375
v  -27.6046 16.0625 15.9375
v  -27.6046 8.6875 15.9375
v  -27.6046 16.0625 -15.9375
v  0 49.0625 -31.875
v  -27.6046 49.0625 -15.9375
v  0 16.0625 -31.875
v  -27.6046 16.0625 -15.9375
v  0 16.0625 -31.875
v  -27.6046 49.0625 -15.9375
v  27.6046 49.0625 -15.9375
v  0 49.0625 -31.875
v  27.6046 16.0625 -15.9375
v  27.6046 16.0625 -15.9375
v  0 49.0625 -31.875
v  10.9588 16.0625 -25.548
v  10.9588 16.0625 -25.548
v  0 49.0625 -31.875
v  4.62594 16.0625 -29.2042
v  0 16.0625 -31.875
v  4.62594 16.0625 -29.2042
v  0 49.0625 -31.875
v  27.6046 49.0625 -15.9375
v  27.6046 16.0625 -15.9375
v  27.6046 49.0625 15.9375
v  27.6046 16.0625 15.9375
v  27.6046 49.0625 15.9375
v  27.6046 16.0625 -15.9375
v  0 16.0625 31.875
v  27.6046 16.0625 15.9375
v  0 8.6875 31.875
v  27.6046 16.0625 15.9375
v  27.6046 8.6875 15.9375
v  0 8.6875 31.875
v  0 8.6875 31.875
v  27.6046 8.6875 15.9375
v  0 0 31.875
v  27.6046 0 15.9375
v  0 0 31.875
v  27.6046 8.6875 15.9375
v  -27.6046 16.0625 15.9375
v  0 16.0625 31.875
v  -27.6046 8.6875 15.9375
v  0 16.0625 31.875
v  0 8.6875 31.875
v  -27.6046 8.6875 15.9375
v  -27.6046 8.6875 15.9375
v  0 8.6875 31.875
v  -27.6046 0 15.9375
v  0 0 31.875
v  -27.6046 0 15.9375
v  0 8.6875 31.875
v  -27.6046 16.0625 -15.9375
v  -27.6046 49.0625 -15.9375
v  -27.6046 16.0625 15.9375
v  -27.6046 49.0625 15.9375
v  -27.6046 16.0625 15.9375
v  -27.6046 49.0625 -15.9375
v  0 49.0625 31.875
v  27.6046 49.0625 15.9375
v  0 16.0625 31.875
v  27.6046 16.0625 15.9375
v  0 16.0625 31.875
v  27.6046 49.0625 15.9375
v  -27.6046 49.0625 15.9375
v  0 49.0625 31.875
v  -27.6046 16.0625 15.9375
v  0 16.0625 31.875
v  -27.6046 16.0625 15.9375
v  0 49.0625 31.875
v  0 0 -31.875
v  0 8.6875 -31.875
v  27.6046 8.6875 -15.9375
v  0 8.6875 -31.875
v  27.6046 0 -15.9375
v  27.6046 8.6875 -15.9375
v  27.6046 0 -15.9375
v  0 0 -31.875
v  0 0 -31.875
v  -27.6046 0 -15.9375
v  -27.6046 0 -15.9375
v  -27.6046 8.6875 -15.9375
v  -27.6046 8.6875 -15.9375
v  -27.6046 16.0625 -15.9375
v  0 16.0625 -31.875
v  -27.6046 16.0625 -15.9375
v  0 8.6875 -31.875
v  0 16.0625 -31.875
v  27.6046 8.6875 -15.9375
v  27.6046 16.0625 -15.9375
v  4.62594 16.0625 -29.2042
v  0 16.0625 -31.875
v  10.9588 16.0625 -25.548
v  4.62594 16.0625 -29.2042
v  27.6046 16.0625 -15.9375
v  10.9588 16.0625 -25.548
v  27.6046 0 15.9375
v  27.6046 0 -15.9375
v  27.6046 16.0625 15.9375
v  27.6046 16.0625 -15.9375
v  27.6046 8.6875 15.9375
v  27.6046 16.0625 15.9375
v  27.6046 0 15.9375
v  27.6046 8.6875 15.9375
v  0 0 31.875
v  27.6046 0 15.9375
v  -27.6046 0 15.9375
v  0 0 31.875
v  -27.6046 0 -15.9375
v  -27.6046 0 15.9375
v  23.7269 0 -13.6987
v  23.7269 0 13.6987
v  0 0 -27.3975
v  23.7269 0 -13.6987
v  -23.7269 0 -13.6987
v  0 0 -27.3975
v  -23.7269 0 13.6987
v  -23.7269 0 -13.6987
v  0 0 27.3975
v  -23.7269 0 13.6987
v  23.7269 0 13.6987
v  0 0 27.3975
v  -27.6046 0 15.9375
v  -27.6046 8.6875 15.9375
v  -27.6046 8.6875 15.9375
v  -27.6046 16.0625 15.9375
v  -27.6046 16.0625 -15.9375
v  -27.6046 16.0625 15.9375
v  -27.6046 16.0625 -15.9375
v  -27.6046 49.0625 -15.9375
v  0 49.0625 -31.875
v  -27.6046 49.0625 -15.9375
v  0 16.0625 -31.875
v  0 49.0625 -31.875
v  27.6046 49.0625 -15.9375
v  0 49.0625 -31.875
v  27.6046 16.0625 -15.9375
v  27.6046 49.0625 -15.9375
v  27.6046 49.0625 15.9375
v  27.6046 49.0625 -15.9375
v  27.6046 16.0625 15.9375
v  27.6046 49.0625 15.9375
v  0 16.0625 31.875
v  27.6046 16.0625 15.9375
v  0 8.6875 31.875
v  0 16.0625 31.875
v  0 0 31.875
v  0 8.6875 31.875
v  -27.6046 16.0625 15.9375
v  0 16.0625 31.875
v  -27.6046 49.0625 -15.9375
v  -27.6046 49.0625 15.9375
v  -27.6046 16.0625 15.9375
v  -27.6046 49.0625 15.9375
v  0 49.0625 31.875
v  27.6046 49.0625 15.9375
v  0 16.0625 31.875
v  0 49.0625 31.875
v  -27.6046 49.0625 15.9375
v  0 49.0625 31.875
v  -30.0345 16.0625 17.3404
v  -27.6046 16.0625 15.9375
v  -30.0345 16.0625 -17.3404
v  -27.6046 16.0625 15.9375
v  -30.0345 16.0625 17.3404
v  0 16.0625 34.6809
v  -27.6046 16.0625 15.9375
v  0 16.0625 34.6809
v  0 16.0625 31.875
v  0 16.0625 31.875
v  0 16.0625 34.6809
v  30.0345 16.0625 17.3404
v  0 16.0625 31.875
v  30.0345 16.0625 17.3404
v  27.6046 16.0625 15.9375
v  27.6046 16.0625 15.9375
v  30.0345 16.0625 17.3404
v  27.6046 16.0625 -15.9375
v  -30.0345 16.0625 -17.3404
v  -27.6046 16.0625 -15.9375
v  0 16.0625 -34.6809
v  -27.6046 16.0625 -15.9375
v  -30.0345 16.0625 -17.3404
v  -27.6046 16.0625 15.9375
v  0 16.0625 -34.6809
v  -27.6046 16.0625 -15.9375
v  0 16.0625 -31.875
v  0 16.0625 -34.6809
v  0 16.0625 -31.875
v  30.0345 16.0625 -17.3404
v  30.0345 16.0625 -17.3404
v  0 16.0625 -31.875
v  4.62594 16.0625 -29.2042
v  30.0345 16.0625 -17.3404
v  4.62594 16.0625 -29.2042
v  10.9588 16.0625 -25.548
v  30.0345 16.0625 -17.3404
v  10.9588 16.0625 -25.548
v  27.6046 16.0625 -15.9375
v  30.0345 16.0625 -17.3404
v  27.6046 16.0625 -15.9375
v  30.0345 16.0625 17.3404
v  0 16.0625 -34.6809
v  30.0345 8.6875 -17.3404
v  0 8.6875 -34.6809
v  30.0345 8.6875 -17.3404
v  0 16.0625 -34.6809
v  30.0345 16.0625 -17.3404
v  -30.0345 16.0625 -17.3404
v  0 8.6875 -34.6809
v  -30.0345 8.6875 -17.3404
v  0 8.6875 -34.6809
v  -30.0345 16.0625 -17.3404
v  0 16.0625 -34.6809
v  -30.0345 16.0625 -17.3404
v  -30.0345 8.6875 17.3404
v  -30.0345 16.0625 17.3404
v  -30.0345 8.6875 17.3404
v  -30.0345 16.0625 -17.3404
v  -30.0345 8.6875 -17.3404
v  0 16.0625 34.6809
v  -30.0345 8.6875 17.3404
v  0 8.6875 34.6809
v  -30.0345 8.6875 17.3404
v  0 16.0625 34.6809
v  -30.0345 16.0625 17.3404
v  30.0345 16.0625 17.3404
v  0 8.6875 34.6809
v  30.0345 8.6875 17.3404
v  0 8.6875 34.6809
v  30.0345 16.0625 17.3404
v  0 16.0625 34.6809
v  30.0345 8.6875 -17.3404
v  30.0345 16.0625 17.3404
v  30.0345 8.6875 17.3404
v  30.0345 16.0625 17.3404
v  30.0345 8.6875 -17.3404
v  30.0345 16.0625 -17.3404
v  -30.0345 8.6875 -17.3404
v  -27.6046 8.6875 -15.9375
v  -27.6046 8.6875 15.9375
v  -27.6046 8.6875 -15.9375
v  -30.0345 8.6875 -17.3404
v  0 8.6875 -34.6809
v  -27.6046 8.6875 -15.9375
v  0 8.6875 -34.6809
v  0 8.6875 -31.875
v  0 8.6875 -31.875
v  0 8.6875 -34.6809
v  30.0345 8.6875 -17.3404
v  0 8.6875 -31.875
v  30.0345 8.6875 -17.3404
v  27.6046 8.6875 -15.9375
v  -30.0345 8.6875 17.3404
v  -27.6046 8.6875 15.9375
v  0 8.6875 34.6809
v  -27.6046 8.6875 15.9375
v  -30.0345 8.6875 17.3404
v  -30.0345 8.6875 -17.3404
v  0 8.6875 34.6809
v  -27.6046 8.6875 15.9375
v  0 8.6875 31.875
v  0 8.6875 34.6809
v  0 8.6875 31.875
v  30.0345 8.6875 17.3404
v  30.0345 8.6875 17.3404
v  0 8.6875 31.875
v  27.6046 8.6875 15.9375
v  30.0345 8.6875 17.3404
v  27.6046 8.6875 15.9375
v  27.6046 8.6875 -15.9375
v  30.0345 8.6875 17.3404
v  27.6046 8.6875 -15.9375
v  30.0345 8.6875 -17.3404
v  30.0345 16.0625 17.3404
v  27.6046 16.0625 -15.9375
v  30.0345 16.0625 -17.3404
v  27.6046 16.0625 -15.9375
v  10.9588 16.0625 -25.548
v  30.0345 16.0625 -17.3404
v  10.9588 16.0625 -25.548
v  4.62594 16.0625 -29.2042
v  30.0345 16.0625 -17.3404
v  4.62594 16.0625 -29.2042
v  0 16.0625 -31.875
v  30.0345 16.0625 -17.3404
v  30.0345 16.0625 -17.3404
v  0 16.0625 -31.875
v  0 16.0625 -34.6809
v  0 16.0625 -31.875
v  -27.6046 16.0625 -15.9375
v  0 16.0625 -34.6809
v  -27.6046 16.0625 15.9375
v  -30.0345 16.0625 -17.3404
v  -27.6046 16.0625 -15.9375
v  0 16.0625 -34.6809
v  -27.6046 16.0625 -15.9375
v  -30.0345 16.0625 -17.3404
v  27.6046 16.0625 -15.9375
v  30.0345 16.0625 17.3404
v  27.6046 16.0625 15.9375
v  27.6046 16.0625 15.9375
v  30.0345 16.0625 17.3404
v  0 16.0625 31.875
v  30.0345 16.0625 17.3404
v  0 16.0625 34.6809
v  0 16.0625 31.875
v  0 16.0625 31.875
v  0 16.0625 34.6809
v  -27.6046 16.0625 15.9375
v  0 16.0625 34.6809
v  -30.0345 16.0625 17.3404
v  -27.6046 16.0625 15.9375
v  -30.0345 16.0625 -17.3404
v  -27.6046 16.0625 15.9375
v  -30.0345 16.0625 17.3404
v  30.0345 16.0625 -17.3404
v  0 16.0625 -34.6809
v  30.0345 8.6875 -17.3404
v  0 8.6875 -34.6809
v  30.0345 8.6875 -17.3404
v  0 16.0625 -34.6809
v  0 16.0625 -34.6809
v  -30.0345 16.0625 -17.3404
v  0 8.6875 -34.6809
v  -30.0345 8.6875 -17.3404
v  0 8.6875 -34.6809
v  -30.0345 16.0625 -17.3404
v  -30.0345 8.6875 -17.3404
v  -30.0345 16.0625 -17.3404
v  -30.0345 8.6875 17.3404
v  -30.0345 16.0625 17.3404
v  -30.0345 8.6875 17.3404
v  -30.0345 16.0625 -17.3404
v  -30.0345 16.0625 17.3404
v  0 16.0625 34.6809
v  -30.0345 8.6875 17.3404
v  0 8.6875 34.6809
v  -30.0345 8.6875 17.3404
v  0 16.0625 34.6809
v  0 16.0625 34.6809
v  30.0345 16.0625 17.3404
v  0 8.6875 34.6809
v  30.0345 8.6875 17.3404
v  0 8.6875 34.6809
v  30.0345 16.0625 17.3404
v  30.0345 16.0625 -17.3404
v  30.0345 8.6875 -17.3404
v  30.0345 16.0625 17.3404
v  30.0345 8.6875 17.3404
v  30.0345 16.0625 17.3404
v  30.0345 8.6875 -17.3404
v  30.0345 8.6875 -17.3404
v  27.6046 8.6875 -15.9375
v  30.0345 8.6875 17.3404
v  27.6046 8.6875 -15.9375
v  27.6046 8.6875 15.9375
v  30.0345 8.6875 17.3404
v  27.6046 8.6875 15.9375
v  0 8.6875 31.875
v  30.0345 8.6875 17.3404
v  30.0345 8.6875 17.3404
v  0 8.6875 31.875
v  0 8.6875 34.6809
v  0 8.6875 31.875
v  -27.6046 8.6875 15.9375
v  0 8.6875 34.6809
v  -30.0345 8.6875 -17.3404
v  -30.0345 8.6875 17.3404
v  -27.6046 8.6875 15.9375
v  0 8.6875 34.6809
v  -27.6046 8.6875 15.9375
v  -30.0345 8.6875 17.3404
v  27.6046 8.6875 -15.9375
v  30.0345 8.6875 -17.3404
v  0 8.6875 -31.875
v  30.0345 8.6875 -17.3404
v  0 8.6875 -34.6809
v  0 8.6875 -31.875
v  0 8.6875 -31.875
v  0 8.6875 -34.6809
v  -27.6046 8.6875 -15.9375
v  0 8.6875 -34.6809
v  -30.0345 8.6875 -17.3404
v  -27.6046 8.6875 -15.9375
v  -27.6046 8.6875 15.9375
v  -27.6046 8.6875 -15.9375
v  -30.0345 8.6875 -17.3404
v  30.0345 16.0625 -17.3404
v  0 16.0625 -34.6809
v  0 16.0625 -34.6809
v  -30.0345 16.0625 -17.3404
v  -30.0345 16.0625 -17.3404
v  -30.0345 16.0625 17.3404
v  -30.0345 16.0625 17.3404
v  0 16.0625 34.6809
v  0 16.0625 34.6809
v  30.0345 16.0625 17.3404
v  30.0345 16.0625 17.3404
v  30.0345 16.0625 -17.3404
v  0 16.0625 31.875
v  27.6046 16.0625 15.9375
v  -27.6046 16.0625 15.9375
v  0 16.0625 31.875
v  -27.6046 16.0625 -15.9375
v  -27.6046 16.0625 15.9375
v  0 16.0625 -31.875
v  -27.6046 16.0625 -15.9375
v  4.62594 16.0625 -29.2042
v  0 16.0625 -31.875
v  10.9588 16.0625 -25.548
v  4.62594 16.0625 -29.2042
v  27.6046 16.0625 -15.9375
v  10.9588 16.0625 -25.548
v  27.6046 16.0625 15.9375
v  27.6046 16.0625 -15.9375
v  30.0345 8.6875 -17.3404
v  0 8.6875 -34.6809
v  0 8.6875 -34.6809
v  0 16.0625 -34.6809
v  30.0345 8.6875 -17.3404
v  30.0345 16.0625 -17.3404
v  0 8.6875 -34.6809
v  -30.0345 8.6875 -17.3404
v  -30.0345 8.6875 -17.3404
v  -30.0345 16.0625 -17.3404
v  -30.0345 8.6875 -17.3404
v  -30.0345 8.6875 17.3404
v  -30.0345 8.6875 17.3404
v  -30.0345 16.0625 17.3404
v  -30.0345 8.6875 17.3404
v  0 8.6875 34.6809
v  0 8.6875 34.6809
v  0 16.0625 34.6809
v  0 8.6875 34.6809
v  30.0345 8.6875 17.3404
v  30.0345 8.6875 17.3404
v  30.0345 16.0625 17.3404
v  30.0345 8.6875 17.3404
v  30.0345 8.6875 -17.3404
v  0 8.6875 31.875
v  27.6046 8.6875 15.9375
v  27.6046 8.6875 15.9375
v  27.6046 8.6875 -15.9375
v  27.6046 8.6875 -15.9375
v  0 8.6875 -31.875
v  0 8.6875 -31.875
v  -27.6046 8.6875 -15.9375
v  -27.6046 8.6875 -15.9375
v  -27.6046 8.6875 15.9375
v  -27.6046 8.6875 15.9375
v  0 8.6875 31.875
v  -30.0345 49.0625 -17.3404
v  -27.6046 49.0625 -15.9375
v  -27.6046 49.0625 15.9375
v  -27.6046 49.0625 -15.9375
v  -30.0345 49.0625 -17.3404
v  0 49.0625 -34.6809
v  -27.6046 49.0625 -15.9375
v  0 49.0625 -34.6809
v  0 49.0625 -31.875
v  0 49.0625 -31.875
v  0 49.0625 -34.6809
v  5.84091 49.0625 -31.3086
v  0 49.0625 -31.875
v  5.84091 49.0625 -31.3086
v  27.6046 49.0625 -15.9375
v  27.6046 49.0625 -15.9375
v  5.84091 49.0625 -31.3086
v  12.1737 49.0625 -27.6523
v  27.6046 49.0625 -15.9375
v  12.1737 49.0625 -27.6523
v  30.0345 49.0625 -17.3404
v  -30.0345 49.0625 17.3404
v  -27.6046 49.0625 15.9375
v  0 49.0625 34.6809
v  -27.6046 49.0625 15.9375
v  -30.0345 49.0625 17.3404
v  -30.0345 49.0625 -17.3404
v  0 49.0625 34.6809
v  -27.6046 49.0625 15.9375
v  0 49.0625 31.875
v  0 49.0625 34.6809
v  0 49.0625 31.875
v  30.0345 49.0625 17.3404
v  30.0345 49.0625 17.3404
v  0 49.0625 31.875
v  27.6046 49.0625 15.9375
v  30.0345 49.0625 17.3404
v  27.6046 49.0625 15.9375
v  27.6046 49.0625 -15.9375
v  30.0345 49.0625 17.3404
v  27.6046 49.0625 -15.9375
v  30.0345 49.0625 -17.3404
v  5.84091 55.875 -31.3086
v  12.1737 49.0625 -27.6523
v  5.84091 49.0625 -31.3086
v  12.1737 49.0625 -27.6523
v  5.84091 55.875 -31.3086
v  12.1737 55.875 -27.6523
v  12.1737 55.875 -27.6523
v  30.0345 49.0625 -17.3404
v  12.1737 49.0625 -27.6523
v  30.0345 49.0625 -17.3404
v  12.1737 55.875 -27.6523
v  30.0345 55.875 -17.3404
v  30.0345 49.0625 -17.3404
v  30.0345 55.875 17.3404
v  30.0345 49.0625 17.3404
v  30.0345 55.875 17.3404
v  30.0345 49.0625 -17.3404
v  30.0345 55.875 -17.3404
v  30.0345 55.875 17.3404
v  0 49.0625 34.6809
v  30.0345 49.0625 17.3404
v  0 49.0625 34.6809
v  30.0345 55.875 17.3404
v  0 55.875 34.6809
v  0 55.875 34.6809
v  -30.0345 49.0625 17.3404
v  0 49.0625 34.6809
v  -30.0345 49.0625 17.3404
v  0 55.875 34.6809
v  -30.0345 55.875 17.3404
v  -30.0345 55.875 -17.3404
v  -30.0345 49.0625 17.3404
v  -30.0345 55.875 17.3404
v  -30.0345 49.0625 17.3404
v  -30.0345 55.875 -17.3404
v  -30.0345 49.0625 -17.3404
v  -30.0345 55.875 -17.3404
v  0 49.0625 -34.6809
v  -30.0345 49.0625 -17.3404
v  0 49.0625 -34.6809
v  -30.0345 55.875 -17.3404
v  0 55.875 -34.6809
v  0 55.875 -34.6809
v  5.84091 49.0625 -31.3086
v  0 49.0625 -34.6809
v  5.84091 49.0625 -31.3086
v  0 55.875 -34.6809
v  5.84091 55.875 -31.3086
v  -30.0345 55.875 17.3404
v  -27.6046 55.875 15.9375
v  -30.0345 55.875 -17.3404
v  -27.6046 55.875 15.9375
v  -30.0345 55.875 17.3404
v  0 55.875 34.6809
v  -27.6046 55.875 15.9375
v  0 55.875 34.6809
v  0 55.875 31.875
v  0 55.875 31.875
v  0 55.875 34.6809
v  30.0345 55.875 17.3404
v  0 55.875 31.875
v  30.0345 55.875 17.3404
v  27.6046 55.875 15.9375
v  27.6046 55.875 15.9375
v  30.0345 55.875 17.3404
v  27.6046 55.875 -15.9375
v  -30.0345 55.875 -17.3404
v  -27.6046 55.875 -15.9375
v  0 55.875 -34.6809
v  -27.6046 55.875 -15.9375
v  -30.0345 55.875 -17.3404
v  -27.6046 55.875 15.9375
v  0 55.875 -34.6809
v  -27.6046 55.875 -15.9375
v  0 55.875 -31.875
v  0 55.875 -34.6809
v  0 55.875 -31.875
v  4.62594 55.875 -29.2042
v  0 55.875 -34.6809
v  4.62594 55.875 -29.2042
v  5.84091 55.875 -31.3086
v  5.84091 55.875 -31.3086
v  4.62594 55.875 -29.2042
v  10.9588 55.875 -25.548
v  5.84091 55.875 -31.3086
v  10.9588 55.875 -25.548
v  12.1737 55.875 -27.6523
v  12.1737 55.875 -27.6523
v  10.9588 55.875 -25.548
v  27.6046 55.875 -15.9375
v  12.1737 55.875 -27.6523
v  27.6046 55.875 -15.9375
v  30.0345 55.875 -17.3404
v  30.0345 55.875 -17.3404
v  27.6046 55.875 -15.9375
v  30.0345 55.875 17.3404
v  30.0345 49.0625 -17.3404
v  27.6046 49.0625 -15.9375
v  30.0345 49.0625 17.3404
v  27.6046 49.0625 -15.9375
v  27.6046 49.0625 15.9375
v  30.0345 49.0625 17.3404
v  27.6046 49.0625 15.9375
v  0 49.0625 31.875
v  30.0345 49.0625 17.3404
v  30.0345 49.0625 17.3404
v  0 49.0625 31.875
v  0 49.0625 34.6809
v  0 49.0625 31.875
v  -27.6046 49.0625 15.9375
v  0 49.0625 34.6809
v  -30.0345 49.0625 -17.3404
v  -30.0345 49.0625 17.3404
v  -27.6046 49.0625 15.9375
v  0 49.0625 34.6809
v  -27.6046 49.0625 15.9375
v  -30.0345 49.0625 17.3404
v  30.0345 49.0625 -17.3404
v  12.1737 49.0625 -27.6523
v  27.6046 49.0625 -15.9375
v  12.1737 49.0625 -27.6523
v  5.84091 49.0625 -31.3086
v  27.6046 49.0625 -15.9375
v  27.6046 49.0625 -15.9375
v  5.84091 49.0625 -31.3086
v  0 49.0625 -31.875
v  5.84091 49.0625 -31.3086
v  0 49.0625 -34.6809
v  0 49.0625 -31.875
v  0 49.0625 -31.875
v  0 49.0625 -34.6809
v  -27.6046 49.0625 -15.9375
v  0 49.0625 -34.6809
v  -30.0345 49.0625 -17.3404
v  -27.6046 49.0625 -15.9375
v  -27.6046 49.0625 15.9375
v  -27.6046 49.0625 -15.9375
v  -30.0345 49.0625 -17.3404
v  12.1737 55.875 -27.6523
v  5.84091 55.875 -31.3086
v  12.1737 49.0625 -27.6523
v  5.84091 49.0625 -31.3086
v  12.1737 49.0625 -27.6523
v  5.84091 55.875 -31.3086
v  30.0345 55.875 -17.3404
v  12.1737 55.875 -27.6523
v  30.0345 49.0625 -17.3404
v  12.1737 49.0625 -27.6523
v  30.0345 49.0625 -17.3404
v  12.1737 55.875 -27.6523
v  30.0345 55.875 -17.3404
v  30.0345 49.0625 -17.3404
v  30.0345 55.875 17.3404
v  30.0345 49.0625 17.3404
v  30.0345 55.875 17.3404
v  30.0345 49.0625 -17.3404
v  0 55.875 34.6809
v  30.0345 55.875 17.3404
v  0 49.0625 34.6809
v  30.0345 49.0625 17.3404
v  0 49.0625 34.6809
v  30.0345 55.875 17.3404
v  -30.0345 55.875 17.3404
v  0 55.875 34.6809
v  -30.0345 49.0625 17.3404
v  0 49.0625 34.6809
v  -30.0345 49.0625 17.3404
v  0 55.875 34.6809
v  -30.0345 49.0625 -17.3404
v  -30.0345 55.875 -17.3404
v  -30.0345 49.0625 17.3404
v  -30.0345 55.875 17.3404
v  -30.0345 49.0625 17.3404
v  -30.0345 55.875 -17.3404
v  0 55.875 -34.6809
v  -30.0345 55.875 -17.3404
v  0 49.0625 -34.6809
v  -30.0345 49.0625 -17.3404
v  0 49.0625 -34.6809
v  -30.0345 55.875 -17.3404
v  5.84091 55.875 -31.3086
v  0 55.875 -34.6809
v  5.84091 49.0625 -31.3086
v  0 49.0625 -34.6809
v  5.84091 49.0625 -31.3086
v  0 55.875 -34.6809
v  30.0345 55.875 17.3404
v  27.6046 55.875 -15.9375
v  30.0345 55.875 -17.3404
v  30.0345 55.875 -17.3404
v  27.6046 55.875 -15.9375
v  12.1737 55.875 -27.6523
v  27.6046 55.875 -15.9375
v  10.9588 55.875 -25.548
v  12.1737 55.875 -27.6523
v  12.1737 55.875 -27.6523
v  10.9588 55.875 -25.548
v  5.84091 55.875 -31.3086
v  10.9588 55.875 -25.548
v  4.62594 55.875 -29.2042
v  5.84091 55.875 -31.3086
v  5.84091 55.875 -31.3086
v  4.62594 55.875 -29.2042
v  0 55.875 -34.6809
v  4.62594 55.875 -29.2042
v  0 55.875 -31.875
v  0 55.875 -34.6809
v  0 55.875 -31.875
v  -27.6046 55.875 -15.9375
v  0 55.875 -34.6809
v  -27.6046 55.875 15.9375
v  -30.0345 55.875 -17.3404
v  -27.6046 55.875 -15.9375
v  0 55.875 -34.6809
v  -27.6046 55.875 -15.9375
v  -30.0345 55.875 -17.3404
v  27.6046 55.875 -15.9375
v  30.0345 55.875 17.3404
v  27.6046 55.875 15.9375
v  27.6046 55.875 15.9375
v  30.0345 55.875 17.3404
v  0 55.875 31.875
v  30.0345 55.875 17.3404
v  0 55.875 34.6809
v  0 55.875 31.875
v  0 55.875 31.875
v  0 55.875 34.6809
v  -27.6046 55.875 15.9375
v  0 55.875 34.6809
v  -30.0345 55.875 17.3404
v  -27.6046 55.875 15.9375
v  -30.0345 55.875 -17.3404
v  -27.6046 55.875 15.9375
v  -30.0345 55.875 17.3404
v  12.1737 49.0625 -27.6523
v  5.84091 49.0625 -31.3086
v  30.0345 49.0625 -17.3404
v  12.1737 49.0625 -27.6523
v  30.0345 49.0625 17.3404
v  30.0345 49.0625 -17.3404
v  0 49.0625 34.6809
v  30.0345 49.0625 17.3404
v  -30.0345 49.0625 17.3404
v  0 49.0625 34.6809
v  -30.0345 49.0625 -17.3404
v  -30.0345 49.0625 17.3404
v  0 49.0625 -34.6809
v  -30.0345 49.0625 -17.3404
v  5.84091 49.0625 -31.3086
v  0 49.0625 -34.6809
v  27.6046 49.0625 -15.9375
v  0 49.0625 -31.875
v  0 49.0625 -31.875
v  -27.6046 49.0625 -15.9375
v  -27.6046 49.0625 -15.9375
v  -27.6046 49.0625 15.9375
v  -27.6046 49.0625 15.9375
v  0 49.0625 31.875
v  0 49.0625 31.875
v  27.6046 49.0625 15.9375
v  27.6046 49.0625 15.9375
v  27.6046 49.0625 -15.9375
v  5.84091 49.0625 -31.3086
v  5.84091 55.875 -31.3086
v  12.1737 55.875 -27.6523
v  5.84091 55.875 -31.3086
v  12.1737 49.0625 -27.6523
v  12.1737 55.875 -27.6523
v  30.0345 55.875 -17.3404
v  12.1737 55.875 -27.6523
v  30.0345 49.0625 -17.3404
v  30.0345 55.875 -17.3404
v  30.0345 55.875 17.3404
v  30.0345 55.875 -17.3404
v  30.0345 49.0625 17.3404
v  30.0345 55.875 17.3404
v  0 55.875 34.6809
v  30.0345 55.875 17.3404
v  0 49.0625 34.6809
v  0 55.875 34.6809
v  -30.0345 55.875 17.3404
v  0 55.875 34.6809
v  -30.0345 49.0625 17.3404
v  -30.0345 55.875 17.3404
v  -30.0345 55.875 -17.3404
v  -30.0345 55.875 17.3404
v  -30.0345 49.0625 -17.3404
v  -30.0345 55.875 -17.3404
v  0 55.875 -34.6809
v  -30.0345 55.875 -17.3404
v  0 55.875 -34.6809
v  0 49.0625 -34.6809
v  5.84091 55.875 -31.3086
v  0 55.875 -34.6809
v  10.9588 55.875 -25.548
v  4.62594 55.875 -29.2042
v  27.6046 55.875 -15.9375
v  10.9588 55.875 -25.548
v  27.6046 55.875 15.9375
v  27.6046 55.875 -15.9375
v  0 55.875 31.875
v  27.6046 55.875 15.9375
v  -27.6046 55.875 15.9375
v  0 55.875 31.875
v  -27.6046 55.875 -15.9375
v  -27.6046 55.875 15.9375
v  0 55.875 -31.875
v  -27.6046 55.875 -15.9375
v  4.62594 55.875 -29.2042
v  0 55.875 -31.875
v  -23.7269 3.875 -13.6987
v  0 3.875 27.3975
v  -23.7269 3.875 13.6987
v  0 3.875 27.3975
v  -23.7269 3.875 -13.6987
v  0 3.875 -27.3975
v  0 3.875 27.3975
v  0 3.875 -27.3975
v  23.7269 3.875 -13.6987
v  0 3.875 27.3975
v  23.7269 3.875 -13.6987
v  23.7269 3.875 13.6987
v  23.7269 3.875 -13.6987
v  23.7269 0 13.6987
v  23.7269 3.875 13.6987
v  23.7269 0 13.6987
v  23.7269 3.875 -13.6987
v  23.7269 0 -13.6987
v  0 3.875 27.3975
v  23.7269 0 13.6987
v  0 0 27.3975
v  23.7269 0 13.6987
v  0 3.875 27.3975
v  23.7269 3.875 13.6987
v  -23.7269 3.875 13.6987
v  0 0 27.3975
v  -23.7269 0 13.6987
v  0 0 27.3975
v  -23.7269 3.875 13.6987
v  0 3.875 27.3975
v  -23.7269 0 -13.6987
v  -23.7269 3.875 13.6987
v  -23.7269 0 13.6987
v  -23.7269 3.875 13.6987
v  -23.7269 0 -13.6987
v  -23.7269 3.875 -13.6987
v  0 3.875 -27.3975
v  -23.7269 0 -13.6987
v  0 0 -27.3975
v  -23.7269 0 -13.6987
v  0 3.875 -27.3975
v  -23.7269 3.875 -13.6987
v  23.7269 3.875 -13.6987
v  0 0 -27.3975
v  23.7269 0 -13.6987
v  0 0 -27.3975
v  23.7269 3.875 -13.6987
v  0 3.875 -27.3975
v  23.7269 3.875 13.6987
v  23.7269 3.875 -13.6987
v  0 3.875 27.3975
v  23.7269 3.875 -13.6987
v  0 3.875 -27.3975
v  0 3.875 27.3975
v  0 3.875 -27.3975
v  -23.7269 3.875 -13.6987
v  0 3.875 27.3975
v  -23.7269 3.875 13.6987
v  0 3.875 27.3975
v  -23.7269 3.875 -13.6987
v  23.7269 0 -13.6987
v  23.7269 3.875 -13.6987
v  23.7269 0 13.6987
v  23.7269 3.875 13.6987
v  23.7269 0 13.6987
v  23.7269 3.875 -13.6987
v  23.7269 3.875 13.6987
v  0 3.875 27.3975
v  23.7269 0 13.6987
v  0 0 27.3975
v  23.7269 0 13.6987
v  0 3.875 27.3975
v  0 3.875 27.3975
v  -23.7269 3.875 13.6987
v  0 0 27.3975
v  -23.7269 0 13.6987
v  0 0 27.3975
v  -23.7269 3.875 13.6987
v  -23.7269 3.875 -13.6987
v  -23.7269 0 -13.6987
v  -23.7269 3.875 13.6987
v  -23.7269 0 13.6987
v  -23.7269 3.875 13.6987
v  -23.7269 0 -13.6987
v  -23.7269 3.875 -13.6987
v  0 3.875 -27.3975
v  -23.7269 0 -13.6987
v  0 0 -27.3975
v  -23.7269 0 -13.6987
v  0 3.875 -27.3975
v  0 3.875 -27.3975
v  23.7269 3.875 -13.6987
v  0 0 -27.3975
v  23.7269 0 -13.6987
v  0 0 -27.3975
v  23.7269 3.875 -13.6987
v  23.7269 3.875 -13.6987
v  23.7269 3.875 13.6987
v  23.7269 3.875 13.6987
v  0 3.875 27.3975
v  0 3.875 27.3975
v  -23.7269 3.875 13.6987
v  -23.7269 3.875 13.6987
v  -23.7269 3.875 -13.6987
v  -23.7269 3.875 -13.6987
v  0 3.875 -27.3975
v  0 3.875 -27.3975
v  23.7269 3.875 -13.6987
v  23.7269 0 -13.6987
v  23.7269 0 13.6987
v  23.7269 0 13.6987
v  23.7269 3.875 13.6987
v  23.7269 0 -13.6987
v  23.7269 3.875 -13.6987
v  23.7269 0 13.6987
v  0 0 27.3975
v  0 0 27.3975
v  0 3.875 27.3975
v  0 0 27.3975
v  -23.7269 0 13.6987
v  -23.7269 0 13.6987
v  -23.7269 3.875 13.6987
v  -23.7269 0 13.6987
v  -23.7269 0 -13.6987
v  -23.7269 0 -13.6987
v  -23.7269 3.875 -13.6987
v  -23.7269 0 -13.6987
v  0 0 -27.3975
v  0 0 -27.3975
v  0 3.875 -27.3975
v  0 0 -27.3975
v  23.7269 0 -13.6987
v  5.84091 95.9375 -31.3086
v  12.1737 89.125 -27.6523
v  5.84091 89.125 -31.3086
v  12.1737 89.125 -27.6523
v  5.84091 95.9375 -31.3086
v  12.1737 95.9375 -27.6523
v  -30.0345 95.9375 17.3404
v  -27.6046 95.9375 15.9375
v  -30.0345 95.9375 -17.3404
v  -27.6046 95.9375 15.9375
v  -30.0345 95.9375 17.3404
v  0 95.9375 34.6809
v  -27.6046 95.9375 15.9375
v  0 95.9375 34.6809
v  0 95.9375 31.875
v  0 95.9375 31.875
v  0 95.9375 34.6809
v  30.0345 95.9375 17.3404
v  0 95.9375 31.875
v  30.0345 95.9375 17.3404
v  27.6046 95.9375 15.9375
v  27.6046 95.9375 15.9375
v  30.0345 95.9375 17.3404
v  27.6046 95.9375 -15.9375
v  -30.0345 95.9375 -17.3404
v  -27.6046 95.9375 -15.9375
v  0 95.9375 -34.6809
v  -27.6046 95.9375 -15.9375
v  -30.0345 95.9375 -17.3404
v  -27.6046 95.9375 15.9375
v  0 95.9375 -34.6809
v  -27.6046 95.9375 -15.9375
v  0 95.9375 -31.875
v  0 95.9375 -34.6809
v  0 95.9375 -31.875
v  27.6046 95.9375 -15.9375
v  0 95.9375 -34.6809
v  27.6046 95.9375 -15.9375
v  5.84091 95.9375 -31.3086
v  5.84091 95.9375 -31.3086
v  27.6046 95.9375 -15.9375
v  12.1737 95.9375 -27.6523
v  12.1737 95.9375 -27.6523
v  27.6046 95.9375 -15.9375
v  30.0345 95.9375 -17.3404
v  30.0345 95.9375 -17.3404
v  27.6046 95.9375 -15.9375
v  30.0345 95.9375 17.3404
v  12.1737 95.9375 -27.6523
v  30.0345 89.125 -17.3404
v  12.1737 89.125 -27.6523
v  30.0345 89.125 -17.3404
v  12.1737 95.9375 -27.6523
v  30.0345 95.9375 -17.3404
v  -30.0345 89.125 -17.3404
v  -27.6046 89.125 -15.9375
v  -27.6046 89.125 15.9375
v  -27.6046 89.125 -15.9375
v  -30.0345 89.125 -17.3404
v  0 89.125 -34.6809
v  -27.6046 89.125 -15.9375
v  0 89.125 -34.6809
v  0 89.125 -31.875
v  0 89.125 -31.875
v  0 89.125 -34.6809
v  5.84091 89.125 -31.3086
v  0 89.125 -31.875
v  5.84091 89.125 -31.3086
v  4.62594 89.125 -29.2042
v  4.62594 89.125 -29.2042
v  5.84091 89.125 -31.3086
v  10.9588 89.125 -25.548
v  10.9588 89.125 -25.548
v  5.84091 89.125 -31.3086
v  12.1737 89.125 -27.6523
v  10.9588 89.125 -25.548
v  12.1737 89.125 -27.6523
v  27.6046 89.125 -15.9375
v  27.6046 89.125 -15.9375
v  12.1737 89.125 -27.6523
v  30.0345 89.125 -17.3404
v  -30.0345 89.125 17.3404
v  -27.6046 89.125 15.9375
v  0 89.125 34.6809
v  -27.6046 89.125 15.9375
v  -30.0345 89.125 17.3404
v  -30.0345 89.125 -17.3404
v  0 89.125 34.6809
v  -27.6046 89.125 15.9375
v  0 89.125 31.875
v  0 89.125 34.6809
v  0 89.125 31.875
v  30.0345 89.125 17.3404
v  30.0345 89.125 17.3404
v  0 89.125 31.875
v  27.6046 89.125 15.9375
v  30.0345 89.125 17.3404
v  27.6046 89.125 15.9375
v  27.6046 89.125 -15.9375
v  30.0345 89.125 17.3404
v  27.6046 89.125 -15.9375
v  30.0345 89.125 -17.3404
v  0 95.9375 -34.6809
v  5.84091 89.125 -31.3086
v  0 89.125 -34.6809
v  5.84091 89.125 -31.3086
v  0 95.9375 -34.6809
v  5.84091 95.9375 -31.3086
v  -30.0345 89.125 -17.3404
v  0 95.9375 -34.6809
v  0 89.125 -34.6809
v  0 95.9375 -34.6809
v  -30.0345 89.125 -17.3404
v  -30.0345 95.9375 -17.3404
v  -30.0345 95.9375 17.3404
v  -30.0345 89.125 -17.3404
v  -30.0345 89.125 17.3404
v  -30.0345 89.125 -17.3404
v  -30.0345 95.9375 17.3404
v  -30.0345 95.9375 -17.3404
v  0 89.125 34.6809
v  -30.0345 95.9375 17.3404
v  -30.0345 89.125 17.3404
v  -30.0345 95.9375 17.3404
v  0 89.125 34.6809
v  0 95.9375 34.6809
v  30.0345 95.9375 17.3404
v  0 89.125 34.6809
v  30.0345 89.125 17.3404
v  0 89.125 34.6809
v  30.0345 95.9375 17.3404
v  0 95.9375 34.6809
v  30.0345 89.125 -17.3404
v  30.0345 95.9375 17.3404
v  30.0345 89.125 17.3404
v  30.0345 95.9375 17.3404
v  30.0345 89.125 -17.3404
v  30.0345 95.9375 -17.3404
v  12.1737 95.9375 -27.6523
v  5.84091 95.9375 -31.3086
v  12.1737 89.125 -27.6523
v  5.84091 89.125 -31.3086
v  12.1737 89.125 -27.6523
v  5.84091 95.9375 -31.3086
v  30.0345 95.9375 17.3404
v  27.6046 95.9375 -15.9375
v  30.0345 95.9375 -17.3404
v  30.0345 95.9375 -17.3404
v  27.6046 95.9375 -15.9375
v  12.1737 95.9375 -27.6523
v  12.1737 95.9375 -27.6523
v  27.6046 95.9375 -15.9375
v  5.84091 95.9375 -31.3086
v  5.84091 95.9375 -31.3086
v  27.6046 95.9375 -15.9375
v  0 95.9375 -34.6809
v  27.6046 95.9375 -15.9375
v  0 95.9375 -31.875
v  0 95.9375 -34.6809
v  0 95.9375 -31.875
v  -27.6046 95.9375 -15.9375
v  0 95.9375 -34.6809
v  -27.6046 95.9375 15.9375
v  -30.0345 95.9375 -17.3404
v  -27.6046 95.9375 -15.9375
v  0 95.9375 -34.6809
v  -27.6046 95.9375 -15.9375
v  -30.0345 95.9375 -17.3404
v  27.6046 95.9375 -15.9375
v  30.0345 95.9375 17.3404
v  27.6046 95.9375 15.9375
v  27.6046 95.9375 15.9375
v  30.0345 95.9375 17.3404
v  0 95.9375 31.875
v  30.0345 95.9375 17.3404
v  0 95.9375 34.6809
v  0 95.9375 31.875
v  0 95.9375 31.875
v  0 95.9375 34.6809
v  -27.6046 95.9375 15.9375
v  0 95.9375 34.6809
v  -30.0345 95.9375 17.3404
v  -27.6046 95.9375 15.9375
v  -30.0345 95.9375 -17.3404
v  -27.6046 95.9375 15.9375
v  -30.0345 95.9375 17.3404
v  30.0345 95.9375 -17.3404
v  12.1737 95.9375 -27.6523
v  30.0345 89.125 -17.3404
v  12.1737 89.125 -27.6523
v  30.0345 89.125 -17.3404
v  12.1737 95.9375 -27.6523
v  30.0345 89.125 -17.3404
v  27.6046 89.125 -15.9375
v  30.0345 89.125 17.3404
v  27.6046 89.125 -15.9375
v  27.6046 89.125 15.9375
v  30.0345 89.125 17.3404
v  27.6046 89.125 15.9375
v  0 89.125 31.875
v  30.0345 89.125 17.3404
v  30.0345 89.125 17.3404
v  0 89.125 31.875
v  0 89.125 34.6809
v  0 89.125 31.875
v  -27.6046 89.125 15.9375
v  0 89.125 34.6809
v  -30.0345 89.125 -17.3404
v  -30.0345 89.125 17.3404
v  -27.6046 89.125 15.9375
v  0 89.125 34.6809
v  -27.6046 89.125 15.9375
v  -30.0345 89.125 17.3404
v  30.0345 89.125 -17.3404
v  12.1737 89.125 -27.6523
v  27.6046 89.125 -15.9375
v  27.6046 89.125 -15.9375
v  12.1737 89.125 -27.6523
v  10.9588 89.125 -25.548
v  12.1737 89.125 -27.6523
v  5.84091 89.125 -31.3086
v  10.9588 89.125 -25.548
v  10.9588 89.125 -25.548
v  5.84091 89.125 -31.3086
v  4.62594 89.125 -29.2042
v  4.62594 89.125 -29.2042
v  5.84091 89.125 -31.3086
v  0 89.125 -31.875
v  5.84091 89.125 -31.3086
v  0 89.125 -34.6809
v  0 89.125 -31.875
v  0 89.125 -31.875
v  0 89.125 -34.6809
v  -27.6046 89.125 -15.9375
v  0 89.125 -34.6809
v  -30.0345 89.125 -17.3404
v  -27.6046 89.125 -15.9375
v  -27.6046 89.125 15.9375
v  -27.6046 89.125 -15.9375
v  -30.0345 89.125 -17.3404
v  5.84091 95.9375 -31.3086
v  0 95.9375 -34.6809
v  5.84091 89.125 -31.3086
v  0 89.125 -34.6809
v  5.84091 89.125 -31.3086
v  0 95.9375 -34.6809
v  -30.0345 95.9375 -17.3404
v  -30.0345 89.125 -17.3404
v  0 95.9375 -34.6809
v  0 89.125 -34.6809
v  0 95.9375 -34.6809
v  -30.0345 89.125 -17.3404
v  -30.0345 95.9375 -17.3404
v  -30.0345 95.9375 17.3404
v  -30.0345 89.125 -17.3404
v  -30.0345 89.125 17.3404
v  -30.0345 89.125 -17.3404
v  -30.0345 95.9375 17.3404
v  0 95.9375 34.6809
v  0 89.125 34.6809
v  -30.0345 95.9375 17.3404
v  -30.0345 89.125 17.3404
v  -30.0345 95.9375 17.3404
v  0 89.125 34.6809
v  0 95.9375 34.6809
v  30.0345 95.9375 17.3404
v  0 89.125 34.6809
v  30.0345 89.125 17.3404
v  0 89.125 34.6809
v  30.0345 95.9375 17.3404
v  30.0345 95.9375 -17.3404
v  30.0345 89.125 -17.3404
v  30.0345 95.9375 17.3404
v  30.0345 89.125 17.3404
v  30.0345 95.9375 17.3404
v  30.0345 89.125 -17.3404
v  12.1737 95.9375 -27.6523
v  5.84091 95.9375 -31.3086
v  12.1737 95.9375 -27.6523
v  12.1737 89.125 -27.6523
v  12.1737 89.125 -27.6523
v  5.84091 89.125 -31.3086
v  5.84091 95.9375 -31.3086
v  5.84091 89.125 -31.3086
v  5.84091 95.9375 -31.3086
v  0 95.9375 -34.6809
v  0 95.9375 -34.6809
v  -30.0345 95.9375 -17.3404
v  -30.0345 95.9375 -17.3404
v  -30.0345 95.9375 17.3404
v  -30.0345 95.9375 17.3404
v  0 95.9375 34.6809
v  0 95.9375 34.6809
v  30.0345 95.9375 17.3404
v  30.0345 95.9375 17.3404
v  30.0345 95.9375 -17.3404
v  30.0345 95.9375 -17.3404
v  12.1737 95.9375 -27.6523
v  27.6046 95.9375 -15.9375
v  0 95.9375 -31.875
v  27.6046 95.9375 15.9375
v  27.6046 95.9375 -15.9375
v  0 95.9375 31.875
v  27.6046 95.9375 15.9375
v  -27.6046 95.9375 15.9375
v  0 95.9375 31.875
v  -27.6046 95.9375 -15.9375
v  -27.6046 95.9375 15.9375
v  0 95.9375 -31.875
v  -27.6046 95.9375 -15.9375
v  30.0345 95.9375 -17.3404
v  30.0345 89.125 -17.3404
v  30.0345 89.125 -17.3404
v  12.1737 89.125 -27.6523
v  30.0345 89.125 17.3404
v  30.0345 89.125 -17.3404
v  0 89.125 34.6809
v  30.0345 89.125 17.3404
v  -30.0345 89.125 17.3404
v  0 89.125 34.6809
v  -30.0345 89.125 -17.3404
v  -30.0345 89.125 17.3404
v  0 89.125 -34.6809
v  -30.0345 89.125 -17.3404
v  5.84091 89.125 -31.3086
v  0 89.125 -34.6809
v  10.9588 89.125 -25.548
v  4.62594 89.125 -29.2042
v  4.62594 89.125 -29.2042
v  0 89.125 -31.875
v  0 89.125 -31.875
v  -27.6046 89.125 -15.9375
v  -27.6046 89.125 -15.9375
v  -27.6046 89.125 15.9375
v  -27.6046 89.125 15.9375
v  0 89.125 31.875
v  0 89.125 31.875
v  27.6046 89.125 15.9375
v  27.6046 89.125 15.9375
v  27.6046 89.125 -15.9375
v  27.6046 89.125 -15.9375
v  10.9588 89.125 -25.548
v  0 89.125 -34.6809
v  0 95.9375 -34.6809
v  -30.0345 95.9375 -17.3404
v  -30.0345 89.125 -17.3404
v  -30.0345 95.9375 17.3404
v  -30.0345 89.125 17.3404
v  0 95.9375 34.6809
v  0 89.125 34.6809
v  30.0345 95.9375 17.3404
v  30.0345 89.125 17.3404
v  -30.0345 128.938 -17.3404
v  -27.6046 128.938 -15.9375
v  -27.6046 128.938 15.9375
v  -27.6046 128.938 -15.9375
v  -30.0345 128.938 -17.3404
v  0 128.938 -34.6809
v  -27.6046 128.938 -15.9375
v  0 128.938 -34.6809
v  0 128.938 -31.875
v  0 128.938 -31.875
v  0 128.938 -34.6809
v  30.0345 128.938 -17.3404
v  0 128.938 -31.875
v  30.0345 128.938 -17.3404
v  4.62594 128.938 -29.2042
v  4.62594 128.938 -29.2042
v  30.0345 128.938 -17.3404
v  10.9588 128.938 -25.548
v  10.9588 128.938 -25.548
v  30.0345 128.938 -17.3404
v  27.6046 128.938 -15.9375
v  -30.0345 128.938 17.3404
v  -27.6046 128.938 15.9375
v  0 128.938 34.6809
v  -27.6046 128.938 15.9375
v  -30.0345 128.938 17.3404
v  -30.0345 128.938 -17.3404
v  0 128.938 34.6809
v  -27.6046 128.938 15.9375
v  0 128.938 31.875
v  0 128.938 34.6809
v  0 128.938 31.875
v  30.0345 128.938 17.3404
v  30.0345 128.938 17.3404
v  0 128.938 31.875
v  27.6046 128.938 15.9375
v  30.0345 128.938 17.3404
v  27.6046 128.938 15.9375
v  27.6046 128.938 -15.9375
v  30.0345 128.938 17.3404
v  27.6046 128.938 -15.9375
v  30.0345 128.938 -17.3404
v  0 136.312 -34.6809
v  30.0345 128.938 -17.3404
v  0 128.938 -34.6809
v  30.0345 128.938 -17.3404
v  0 136.312 -34.6809
v  30.0345 136.312 -17.3404
v  30.0345 128.938 -17.3404
v  30.0345 136.312 17.3404
v  30.0345 128.938 17.3404
v  30.0345 136.312 17.3404
v  30.0345 128.938 -17.3404
v  30.0345 136.312 -17.3404
v  30.0345 136.312 17.3404
v  0 128.938 34.6809
v  30.0345 128.938 17.3404
v  0 128.938 34.6809
v  30.0345 136.312 17.3404
v  0 136.312 34.6809
v  0 128.938 34.6809
v  -30.0345 136.312 17.3404
v  -30.0345 128.938 17.3404
v  -30.0345 136.312 17.3404
v  0 128.938 34.6809
v  0 136.312 34.6809
v  -30.0345 136.312 17.3404
v  -30.0345 128.938 -17.3404
v  -30.0345 128.938 17.3404
v  -30.0345 128.938 -17.3404
v  -30.0345 136.312 17.3404
v  -30.0345 136.312 -17.3404
v  -30.0345 128.938 -17.3404
v  0 136.312 -34.6809
v  0 128.938 -34.6809
v  0 136.312 -34.6809
v  -30.0345 128.938 -17.3404
v  -30.0345 136.312 -17.3404
v  -30.0345 136.312 17.3404
v  -27.6046 136.312 15.9375
v  -30.0345 136.312 -17.3404
v  -27.6046 136.312 15.9375
v  -30.0345 136.312 17.3404
v  0 136.312 34.6809
v  -27.6046 136.312 15.9375
v  0 136.312 34.6809
v  0 136.312 31.875
v  0 136.312 31.875
v  0 136.312 34.6809
v  30.0345 136.312 17.3404
v  0 136.312 31.875
v  30.0345 136.312 17.3404
v  27.6046 136.312 15.9375
v  27.6046 136.312 15.9375
v  30.0345 136.312 17.3404
v  27.6046 136.312 -15.9375
v  -30.0345 136.312 -17.3404
v  -27.6046 136.312 -15.9375
v  0 136.312 -34.6809
v  -27.6046 136.312 -15.9375
v  -30.0345 136.312 -17.3404
v  -27.6046 136.312 15.9375
v  0 136.312 -34.6809
v  -27.6046 136.312 -15.9375
v  0 136.312 -31.875
v  0 136.312 -34.6809
v  0 136.312 -31.875
v  30.0345 136.312 -17.3404
v  30.0345 136.312 -17.3404
v  0 136.312 -31.875
v  27.6046 136.312 -15.9375
v  30.0345 136.312 -17.3404
v  27.6046 136.312 -15.9375
v  30.0345 136.312 17.3404
v  30.0345 128.938 -17.3404
v  27.6046 128.938 -15.9375
v  30.0345 128.938 17.3404
v  27.6046 128.938 -15.9375
v  27.6046 128.938 15.9375
v  30.0345 128.938 17.3404
v  27.6046 128.938 15.9375
v  0 128.938 31.875
v  30.0345 128.938 17.3404
v  30.0345 128.938 17.3404
v  0 128.938 31.875
v  0 128.938 34.6809
v  0 128.938 31.875
v  -27.6046 128.938 15.9375
v  0 128.938 34.6809
v  -30.0345 128.938 -17.3404
v  -30.0345 128.938 17.3404
v  -27.6046 128.938 15.9375
v  0 128.938 34.6809
v  -27.6046 128.938 15.9375
v  -30.0345 128.938 17.3404
v  27.6046 128.938 -15.9375
v  30.0345 128.938 -17.3404
v  10.9588 128.938 -25.548
v  10.9588 128.938 -25.548
v  30.0345 128.938 -17.3404
v  4.62594 128.938 -29.2042
v  4.62594 128.938 -29.2042
v  30.0345 128.938 -17.3404
v  0 128.938 -31.875
v  30.0345 128.938 -17.3404
v  0 128.938 -34.6809
v  0 128.938 -31.875
v  0 128.938 -31.875
v  0 128.938 -34.6809
v  -27.6046 128.938 -15.9375
v  0 128.938 -34.6809
v  -30.0345 128.938 -17.3404
v  -27.6046 128.938 -15.9375
v  -27.6046 128.938 15.9375
v  -27.6046 128.938 -15.9375
v  -30.0345 128.938 -17.3404
v  30.0345 136.312 -17.3404
v  0 136.312 -34.6809
v  30.0345 128.938 -17.3404
v  0 128.938 -34.6809
v  30.0345 128.938 -17.3404
v  0 136.312 -34.6809
v  30.0345 136.312 -17.3404
v  30.0345 128.938 -17.3404
v  30.0345 136.312 17.3404
v  30.0345 128.938 17.3404
v  30.0345 136.312 17.3404
v  30.0345 128.938 -17.3404
v  0 136.312 34.6809
v  30.0345 136.312 17.3404
v  0 128.938 34.6809
v  30.0345 128.938 17.3404
v  0 128.938 34.6809
v  30.0345 136.312 17.3404
v  0 136.312 34.6809
v  0 128.938 34.6809
v  -30.0345 136.312 17.3404
v  -30.0345 128.938 17.3404
v  -30.0345 136.312 17.3404
v  0 128.938 34.6809
v  -30.0345 136.312 -17.3404
v  -30.0345 136.312 17.3404
v  -30.0345 128.938 -17.3404
v  -30.0345 128.938 17.3404
v  -30.0345 128.938 -17.3404
v  -30.0345 136.312 17.3404
v  -30.0345 136.312 -17.3404
v  -30.0345 128.938 -17.3404
v  0 136.312 -34.6809
v  0 128.938 -34.6809
v  0 136.312 -34.6809
v  -30.0345 128.938 -17.3404
v  30.0345 136.312 17.3404
v  27.6046 136.312 -15.9375
v  30.0345 136.312 -17.3404
v  27.6046 136.312 -15.9375
v  0 136.312 -31.875
v  30.0345 136.312 -17.3404
v  30.0345 136.312 -17.3404
v  0 136.312 -31.875
v  0 136.312 -34.6809
v  0 136.312 -31.875
v  -27.6046 136.312 -15.9375
v  0 136.312 -34.6809
v  -27.6046 136.312 15.9375
v  -30.0345 136.312 -17.3404
v  -27.6046 136.312 -15.9375
v  0 136.312 -34.6809
v  -27.6046 136.312 -15.9375
v  -30.0345 136.312 -17.3404
v  27.6046 136.312 -15.9375
v  30.0345 136.312 17.3404
v  27.6046 136.312 15.9375
v  27.6046 136.312 15.9375
v  30.0345 136.312 17.3404
v  0 136.312 31.875
v  30.0345 136.312 17.3404
v  0 136.312 34.6809
v  0 136.312 31.875
v  0 136.312 31.875
v  0 136.312 34.6809
v  -27.6046 136.312 15.9375
v  0 136.312 34.6809
v  -30.0345 136.312 17.3404
v  -27.6046 136.312 15.9375
v  -30.0345 136.312 -17.3404
v  -27.6046 136.312 15.9375
v  -30.0345 136.312 17.3404
v  30.0345 128.938 -17.3404
v  0 128.938 -34.6809
v  30.0345 128.938 17.3404
v  30.0345 128.938 -17.3404
v  0 128.938 34.6809
v  30.0345 128.938 17.3404
v  -30.0345 128.938 17.3404
v  0 128.938 34.6809
v  -30.0345 128.938 -17.3404
v  -30.0345 128.938 17.3404
v  0 128.938 -34.6809
v  -30.0345 128.938 -17.3404
v  0 128.938 31.875
v  27.6046 128.938 15.9375
v  27.6046 128.938 15.9375
v  27.6046 128.938 -15.9375
v  27.6046 128.938 -15.9375
v  10.9588 128.938 -25.548
v  10.9588 128.938 -25.548
v  4.62594 128.938 -29.2042
v  4.62594 128.938 -29.2042
v  0 128.938 -31.875
v  0 128.938 -31.875
v  -27.6046 128.938 -15.9375
v  -27.6046 128.938 -15.9375
v  -27.6046 128.938 15.9375
v  -27.6046 128.938 15.9375
v  0 128.938 31.875
v  30.0345 136.312 -17.3404
v  0 136.312 -34.6809
v  30.0345 136.312 -17.3404
v  30.0345 128.938 -17.3404
v  0 136.312 -34.6809
v  0 128.938 -34.6809
v  30.0345 136.312 17.3404
v  30.0345 136.312 -17.3404
v  30.0345 136.312 17.3404
v  30.0345 128.938 17.3404
v  0 136.312 34.6809
v  30.0345 136.312 17.3404
v  0 136.312 34.6809
v  0 128.938 34.6809
v  -30.0345 136.312 17.3404
v  0 136.312 34.6809
v  -30.0345 136.312 17.3404
v  -30.0345 128.938 17.3404
v  -30.0345 136.312 -17.3404
v  -30.0345 136.312 17.3404
v  -30.0345 136.312 -17.3404
v  -30.0345 128.938 -17.3404
v  0 136.312 -34.6809
v  -30.0345 136.312 -17.3404
v  0 136.312 31.875
v  27.6046 136.312 15.9375
v  -27.6046 136.312 15.9375
v  0 136.312 31.875
v  -27.6046 136.312 -15.9375
v  -27.6046 136.312 15.9375
v  0 136.312 -31.875
v  -27.6046 136.312 -15.9375
v  27.6046 136.312 -15.9375
v  0 136.312 -31.875
v  27.6046 136.312 15.9375
v  27.6046 136.312 -15.9375
v  27.6046 95.9375 -15.9375
v  27.6046 128.938 15.9375
v  27.6046 95.9375 15.9375
v  27.6046 128.938 15.9375
v  27.6046 95.9375 -15.9375
v  27.6046 128.938 -15.9375
v  0 128.938 -31.875
v  27.6046 95.9375 -15.9375
v  0 95.9375 -31.875
v  27.6046 95.9375 -15.9375
v  0 128.938 -31.875
v  4.62594 128.938 -29.2042
v  27.6046 95.9375 -15.9375
v  4.62594 128.938 -29.2042
v  27.6046 128.938 -15.9375
v  27.6046 128.938 -15.9375
v  4.62594 128.938 -29.2042
v  10.9588 128.938 -25.548
v  27.6046 128.938 -15.9375
v  27.6046 136.312 15.9375
v  27.6046 128.938 15.9375
v  27.6046 136.312 15.9375
v  27.6046 128.938 -15.9375
v  27.6046 145 15.9375
v  27.6046 145 15.9375
v  27.6046 128.938 -15.9375
v  27.6046 136.312 -15.9375
v  27.6046 145 15.9375
v  27.6046 136.312 -15.9375
v  27.6046 145 -15.9375
v  27.6046 128.938 15.9375
v  0 95.9375 31.875
v  27.6046 95.9375 15.9375
v  0 95.9375 31.875
v  27.6046 128.938 15.9375
v  0 128.938 31.875
v  -27.6046 95.9375 -15.9375
v  0 128.938 -31.875
v  0 95.9375 -31.875
v  0 128.938 -31.875
v  -27.6046 95.9375 -15.9375
v  -27.6046 128.938 -15.9375
v  0 136.312 -31.875
v  4.62594 128.938 -29.2042
v  0 128.938 -31.875
v  4.62594 128.938 -29.2042
v  0 136.312 -31.875
v  10.9588 128.938 -25.548
v  10.9588 128.938 -25.548
v  0 136.312 -31.875
v  27.6046 128.938 -15.9375
v  27.6046 128.938 -15.9375
v  0 136.312 -31.875
v  27.6046 136.312 -15.9375
v  -27.6046 145 15.9375
v  -23.7269 145 13.6987
v  -27.6046 145 -15.9375
v  -23.7269 145 13.6987
v  -27.6046 145 15.9375
v  0 145 31.875
v  -23.7269 145 13.6987
v  0 145 31.875
v  0 145 27.3975
v  0 145 27.3975
v  0 145 31.875
v  27.6046 145 15.9375
v  0 145 27.3975
v  27.6046 145 15.9375
v  23.7269 145 13.6987
v  23.7269 145 13.6987
v  27.6046 145 15.9375
v  23.7269 145 -13.6987
v  -27.6046 145 -15.9375
v  -23.7269 145 -13.6987
v  0 145 -31.875
v  -23.7269 145 -13.6987
v  -27.6046 145 -15.9375
v  -23.7269 145 13.6987
v  0 145 -31.875
v  -23.7269 145 -13.6987
v  0 145 -27.3975
v  0 145 -31.875
v  0 145 -27.3975
v  23.7269 145 -13.6987
v  0 145 -31.875
v  23.7269 145 -13.6987
v  27.6046 145 -15.9375
v  27.6046 145 -15.9375
v  23.7269 145 -13.6987
v  27.6046 145 15.9375
v  27.6046 136.312 15.9375
v  0 128.938 31.875
v  27.6046 128.938 15.9375
v  0 128.938 31.875
v  27.6046 136.312 15.9375
v  0 136.312 31.875
v  0 136.312 31.875
v  27.6046 136.312 15.9375
v  27.6046 145 15.9375
v  0 136.312 31.875
v  27.6046 145 15.9375
v  0 145 31.875
v  0 145 -31.875
v  27.6046 136.312 -15.9375
v  0 136.312 -31.875
v  27.6046 136.312 -15.9375
v  0 145 -31.875
v  27.6046 145 -15.9375
v  0 95.9375 31.875
v  -27.6046 128.938 15.9375
v  -27.6046 95.9375 15.9375
v  -27.6046 128.938 15.9375
v  0 95.9375 31.875
v  0 128.938 31.875
v  -27.6046 128.938 15.9375
v  -27.6046 95.9375 -15.9375
v  -27.6046 95.9375 15.9375
v  -27.6046 95.9375 -15.9375
v  -27.6046 128.938 15.9375
v  -27.6046 128.938 -15.9375
v  -27.6046 128.938 -15.9375
v  0 136.312 -31.875
v  0 128.938 -31.875
v  0 136.312 -31.875
v  -27.6046 128.938 -15.9375
v  -27.6046 136.312 -15.9375
v  0 136.312 -31.875
v  -27.6046 136.312 -15.9375
v  0 145 -31.875
v  0 145 -31.875
v  -27.6046 136.312 -15.9375
v  -27.6046 145 -15.9375
v  -27.6046 136.312 15.9375
v  -27.6046 128.938 -15.9375
v  -27.6046 128.938 15.9375
v  -27.6046 128.938 -15.9375
v  -27.6046 136.312 15.9375
v  -27.6046 145 15.9375
v  -27.6046 128.938 -15.9375
v  -27.6046 145 15.9375
v  -27.6046 136.312 -15.9375
v  -27.6046 136.312 -15.9375
v  -27.6046 145 15.9375
v  -27.6046 145 -15.9375
v  0 128.938 31.875
v  -27.6046 136.312 15.9375
v  -27.6046 128.938 15.9375
v  -27.6046 136.312 15.9375
v  0 128.938 31.875
v  0 136.312 31.875
v  -27.6046 136.312 15.9375
v  0 136.312 31.875
v  -27.6046 145 15.9375
v  -27.6046 145 15.9375
v  0 136.312 31.875
v  0 145 31.875
v  27.6046 128.938 -15.9375
v  27.6046 95.9375 -15.9375
v  27.6046 128.938 15.9375
v  27.6046 95.9375 15.9375
v  27.6046 128.938 15.9375
v  27.6046 95.9375 -15.9375
v  10.9588 128.938 -25.548
v  4.62594 128.938 -29.2042
v  27.6046 128.938 -15.9375
v  27.6046 128.938 -15.9375
v  4.62594 128.938 -29.2042
v  27.6046 95.9375 -15.9375
v  4.62594 128.938 -29.2042
v  0 128.938 -31.875
v  27.6046 95.9375 -15.9375
v  0 95.9375 -31.875
v  27.6046 95.9375 -15.9375
v  0 128.938 -31.875
v  27.6046 145 -15.9375
v  27.6046 136.312 -15.9375
v  27.6046 145 15.9375
v  27.6046 136.312 -15.9375
v  27.6046 128.938 -15.9375
v  27.6046 145 15.9375
v  27.6046 145 15.9375
v  27.6046 128.938 -15.9375
v  27.6046 136.312 15.9375
v  27.6046 128.938 15.9375
v  27.6046 136.312 15.9375
v  27.6046 128.938 -15.9375
v  0 128.938 31.875
v  27.6046 128.938 15.9375
v  0 95.9375 31.875
v  27.6046 95.9375 15.9375
v  0 95.9375 31.875
v  27.6046 128.938 15.9375
v  -27.6046 128.938 -15.9375
v  -27.6046 95.9375 -15.9375
v  0 128.938 -31.875
v  0 95.9375 -31.875
v  0 128.938 -31.875
v  -27.6046 95.9375 -15.9375
v  27.6046 136.312 -15.9375
v  0 136.312 -31.875
v  27.6046 128.938 -15.9375
v  27.6046 128.938 -15.9375
v  0 136.312 -31.875
v  10.9588 128.938 -25.548
v  10.9588 128.938 -25.548
v  0 136.312 -31.875
v  4.62594 128.938 -29.2042
v  0 128.938 -31.875
v  4.62594 128.938 -29.2042
v  0 136.312 -31.875
v  27.6046 145 15.9375
v  23.7269 145 -13.6987
v  27.6046 145 -15.9375
v  27.6046 145 -15.9375
v  23.7269 145 -13.6987
v  0 145 -31.875
v  23.7269 145 -13.6987
v  0 145 -27.3975
v  0 145 -31.875
v  0 145 -27.3975
v  -23.7269 145 -13.6987
v  0 145 -31.875
v  -23.7269 145 13.6987
v  -27.6046 145 -15.9375
v  -23.7269 145 -13.6987
v  0 145 -31.875
v  -23.7269 145 -13.6987
v  -27.6046 145 -15.9375
v  23.7269 145 -13.6987
v  27.6046 145 15.9375
v  23.7269 145 13.6987
v  23.7269 145 13.6987
v  27.6046 145 15.9375
v  0 145 27.3975
v  27.6046 145 15.9375
v  0 145 31.875
v  0 145 27.3975
v  0 145 27.3975
v  0 145 31.875
v  -23.7269 145 13.6987
v  0 145 31.875
v  -27.6046 145 15.9375
v  -23.7269 145 13.6987
v  -27.6046 145 -15.9375
v  -23.7269 145 13.6987
v  -27.6046 145 15.9375
v  0 145 31.875
v  27.6046 145 15.9375
v  0 136.312 31.875
v  27.6046 145 15.9375
v  27.6046 136.312 15.9375
v  0 136.312 31.875
v  0 136.312 31.875
v  27.6046 136.312 15.9375
v  0 128.938 31.875
v  27.6046 128.938 15.9375
v  0 128.938 31.875
v  27.6046 136.312 15.9375
v  27.6046 145 -15.9375
v  0 145 -31.875
v  27.6046 136.312 -15.9375
v  0 136.312 -31.875
v  27.6046 136.312 -15.9375
v  0 145 -31.875
v  0 128.938 31.875
v  0 95.9375 31.875
v  -27.6046 128.938 15.9375
v  -27.6046 95.9375 15.9375
v  -27.6046 128.938 15.9375
v  0 95.9375 31.875
v  -27.6046 128.938 -15.9375
v  -27.6046 128.938 15.9375
v  -27.6046 95.9375 -15.9375
v  -27.6046 95.9375 15.9375
v  -27.6046 95.9375 -15.9375
v  -27.6046 128.938 15.9375
v  -27.6046 145 -15.9375
v  -27.6046 136.312 -15.9375
v  0 145 -31.875
v  0 145 -31.875
v  -27.6046 136.312 -15.9375
v  0 136.312 -31.875
v  -27.6046 136.312 -15.9375
v  -27.6046 128.938 -15.9375
v  0 136.312 -31.875
v  0 128.938 -31.875
v  0 136.312 -31.875
v  -27.6046 128.938 -15.9375
v  -27.6046 145 -15.9375
v  -27.6046 145 15.9375
v  -27.6046 136.312 -15.9375
v  -27.6046 136.312 -15.9375
v  -27.6046 145 15.9375
v  -27.6046 128.938 -15.9375
v  -27.6046 145 15.9375
v  -27.6046 136.312 15.9375
v  -27.6046 128.938 -15.9375
v  -27.6046 128.938 15.9375
v  -27.6046 128.938 -15.9375
v  -27.6046 136.312 15.9375
v  0 145 31.875
v  0 136.312 31.875
v  -27.6046 145 15.9375
v  -27.6046 145 15.9375
v  0 136.312 31.875
v  -27.6046 136.312 15.9375
v  0 136.312 31.875
v  0 128.938 31.875
v  -27.6046 136.312 15.9375
v  -27.6046 128.938 15.9375
v  -27.6046 136.312 15.9375
v  0 128.938 31.875
v  27.6046 128.938 -15.9375
v  27.6046 95.9375 -15.9375
v  27.6046 128.938 15.9375
v  27.6046 128.938 -15.9375
v  27.6046 128.938 15.9375
v  27.6046 95.9375 15.9375
v  27.6046 95.9375 15.9375
v  27.6046 95.9375 -15.9375
v  0 128.938 -31.875
v  0 95.9375 -31.875
v  4.62594 128.938 -29.2042
v  0 128.938 -31.875
v  10.9588 128.938 -25.548
v  4.62594 128.938 -29.2042
v  27.6046 128.938 -15.9375
v  10.9588 128.938 -25.548
v  27.6046 95.9375 -15.9375
v  0 95.9375 -31.875
v  27.6046 145 15.9375
v  27.6046 145 -15.9375
v  27.6046 145 15.9375
v  27.6046 136.312 15.9375
v  27.6046 136.312 15.9375
v  27.6046 128.938 15.9375
v  27.6046 136.312 -15.9375
v  27.6046 128.938 -15.9375
v  27.6046 145 -15.9375
v  27.6046 136.312 -15.9375
v  0 95.9375 31.875
v  27.6046 95.9375 15.9375
v  0 128.938 31.875
v  27.6046 128.938 15.9375
v  0 128.938 31.875
v  0 95.9375 31.875
v  -27.6046 128.938 -15.9375
v  -27.6046 95.9375 -15.9375
v  0 128.938 -31.875
v  -27.6046 128.938 -15.9375
v  0 95.9375 -31.875
v  -27.6046 95.9375 -15.9375
v  0 136.312 -31.875
v  0 128.938 -31.875
v  27.6046 136.312 -15.9375
v  0 136.312 -31.875
v  0 145 31.875
v  27.6046 145 15.9375
v  27.6046 145 -15.9375
v  0 145 -31.875
v  0 145 -31.875
v  -27.6046 145 -15.9375
v  -27.6046 145 -15.9375
v  -27.6046 145 15.9375
v  -27.6046 145 15.9375
v  0 145 31.875
v  23.7269 145 -13.6987
v  23.7269 145 13.6987
v  23.7269 145 13.6987
v  0 145 27.3975
v  0 145 27.3975
v  -23.7269 145 13.6987
v  -23.7269 145 13.6987
v  -23.7269 145 -13.6987
v  -23.7269 145 -13.6987
v  0 145 -27.3975
v  0 145 -27.3975
v  23.7269 145 -13.6987
v  0 145 31.875
v  0 136.312 31.875
v  0 136.312 31.875
v  0 128.938 31.875
v  0 145 -31.875
v  0 136.312 -31.875
v  -27.6046 95.9375 15.9375
v  0 95.9375 31.875
v  -27.6046 128.938 15.9375
v  0 128.938 31.875
v  -27.6046 128.938 15.9375
v  -27.6046 95.9375 15.9375
v  -27.6046 95.9375 -15.9375
v  -27.6046 95.9375 15.9375
v  -27.6046 128.938 -15.9375
v  -27.6046 128.938 15.9375
v  -27.6046 136.312 -15.9375
v  -27.6046 128.938 -15.9375
v  -27.6046 145 -15.9375
v  -27.6046 136.312 -15.9375
v  -27.6046 136.312 15.9375
v  -27.6046 128.938 15.9375
v  -27.6046 145 15.9375
v  -27.6046 136.312 15.9375
v  23.7269 141.125 -13.6987
v  -23.7269 141.125 -13.6987
v  -23.7269 141.125 13.6987
v  -23.7269 141.125 -13.6987
v  23.7269 141.125 -13.6987
v  0 141.125 -27.3975
v  -23.7269 141.125 -13.6987
v  -23.7269 145 13.6987
v  -23.7269 141.125 13.6987
v  -23.7269 145 13.6987
v  -23.7269 141.125 -13.6987
v  -23.7269 145 -13.6987
v  0 141.125 27.3975
v  23.7269 141.125 -13.6987
v  -23.7269 141.125 13.6987
v  23.7269 141.125 -13.6987
v  0 141.125 27.3975
v  23.7269 141.125 13.6987
v  23.7269 141.125 -13.6987
v  0 145 -27.3975
v  0 141.125 -27.3975
v  0 145 -27.3975
v  23.7269 141.125 -13.6987
v  23.7269 145 -13.6987
v  0 145 -27.3975
v  -23.7269 141.125 -13.6987
v  0 141.125 -27.3975
v  -23.7269 141.125 -13.6987
v  0 145 -27.3975
v  -23.7269 145 -13.6987
v  -23.7269 145 13.6987
v  0 141.125 27.3975
v  -23.7269 141.125 13.6987
v  0 141.125 27.3975
v  -23.7269 145 13.6987
v  0 145 27.3975
v  23.7269 145 13.6987
v  23.7269 141.125 -13.6987
v  23.7269 141.125 13.6987
v  23.7269 141.125 -13.6987
v  23.7269 145 13.6987
v  23.7269 145 -13.6987
v  0 141.125 27.3975
v  23.7269 145 13.6987
v  23.7269 141.125 13.6987
v  23.7269 145 13.6987
v  0 141.125 27.3975
v  0 145 27.3975
v  0 141.125 -27.3975
v  23.7269 141.125 -13.6987
v  -23.7269 141.125 -13.6987
v  -23.7269 141.125 13.6987
v  -23.7269 141.125 -13.6987
v  23.7269 141.125 -13.6987
v  -23.7269 145 -13.6987
v  -23.7269 141.125 -13.6987
v  -23.7269 145 13.6987
v  -23.7269 141.125 13.6987
v  -23.7269 145 13.6987
v  -23.7269 141.125 -13.6987
v  23.7269 141.125 13.6987
v  0 141.125 27.3975
v  23.7269 141.125 -13.6987
v  -23.7269 141.125 13.6987
v  23.7269 141.125 -13.6987
v  0 141.125 27.3975
v  23.7269 145 -13.6987
v  23.7269 141.125 -13.6987
v  0 145 -27.3975
v  0 141.125 -27.3975
v  0 145 -27.3975
v  23.7269 141.125 -13.6987
v  -23.7269 145 -13.6987
v  0 145 -27.3975
v  -23.7269 141.125 -13.6987
v  0 141.125 -27.3975
v  -23.7269 141.125 -13.6987
v  0 145 -27.3975
v  0 145 27.3975
v  -23.7269 145 13.6987
v  0 141.125 27.3975
v  -23.7269 141.125 13.6987
v  0 141.125 27.3975
v  -23.7269 145 13.6987
v  23.7269 145 -13.6987
v  23.7269 145 13.6987
v  23.7269 141.125 -13.6987
v  23.7269 141.125 13.6987
v  23.7269 141.125 -13.6987
v  23.7269 145 13.6987
v  0 145 27.3975
v  0 141.125 27.3975
v  23.7269 145 13.6987
v  23.7269 141.125 13.6987
v  23.7269 145 13.6987
v  0 141.125 27.3975
v  -23.7269 141.125 13.6987
v  -23.7269 141.125 -13.6987
v  -23.7269 141.125 13.6987
v  23.7269 141.125 -13.6987
v  0 141.125 -27.3975
v  23.7269 141.125 -13.6987
v  -23.7269 141.125 -13.6987
v  0 141.125 -27.3975
v  -23.7269 145 13.6987
v  -23.7269 145 -13.6987
v  -23.7269 145 13.6987
v  -23.7269 141.125 13.6987
v  -23.7269 145 -13.6987
v  -23.7269 141.125 -13.6987
v  23.7269 141.125 -13.6987
v  23.7269 141.125 13.6987
v  0 141.125 27.3975
v  -23.7269 141.125 13.6987
v  23.7269 141.125 13.6987
v  0 141.125 27.3975
v  0 145 -27.3975
v  23.7269 145 -13.6987
v  0 145 -27.3975
v  0 141.125 -27.3975
v  23.7269 145 -13.6987
v  23.7269 141.125 -13.6987
v  -23.7269 145 -13.6987
v  0 145 -27.3975
v  0 145 27.3975
v  -23.7269 145 13.6987
v  0 145 27.3975
v  0 141.125 27.3975
v  23.7269 145 -13.6987
v  23.7269 145 13.6987
v  23.7269 145 13.6987
v  23.7269 141.125 13.6987
v  23.7269 145 13.6987
v  0 145 27.3975
v  27.6046 95.9375 -15.9375
v  27.6046 89.125 -15.9375
v  27.6046 49.0625 -15.9375
v  27.6046 55.875 -15.9375
v  0 72.5 31.875
v  0 72.5 -31.875
v  -32.2569 71.2822 -60.0891
v  -25.8335 70.0645 -44.7451
v  -34.0836 70.0645 -59.0345
v  -25.8335 70.0645 -44.7451
v  -32.2569 71.2822 -60.0891
v  -24.0069 71.2822 -45.7997
v  -34.0836 70.0645 -59.0345
v  -27.6602 71.2822 -43.6904
v  -35.9102 71.2822 -57.9799
v  -27.6602 71.2822 -43.6904
v  -34.0836 70.0645 -59.0345
v  -25.8335 70.0645 -44.7451
v  -32.2569 71.2822 -60.0891
v  -24.0069 73.7178 -45.7997
v  -24.0069 71.2822 -45.7997
v  -24.0069 73.7178 -45.7997
v  -32.2569 71.2822 -60.0891
v  -32.2569 73.7178 -60.0891
v  -27.6602 73.7178 -43.6904
v  -35.9102 71.2822 -57.9799
v  -27.6602 71.2822 -43.6904
v  -35.9102 71.2822 -57.9799
v  -27.6602 73.7178 -43.6904
v  -35.9102 73.7178 -57.9799
v  -25.8335 74.9355 -44.7451
v  -32.2569 73.7178 -60.0891
v  -34.0836 74.9355 -59.0345
v  -32.2569 73.7178 -60.0891
v  -25.8335 74.9355 -44.7451
v  -24.0069 73.7178 -45.7997
v  -27.6602 73.7178 -43.6904
v  -34.0836 74.9355 -59.0345
v  -35.9102 73.7178 -57.9799
v  -34.0836 74.9355 -59.0345
v  -27.6602 73.7178 -43.6904
v  -25.8335 74.9355 -44.7451
v  -24.0069 71.2822 -45.7997
v  -32.2569 71.2822 -60.0891
v  -25.8335 70.0645 -44.7451
v  -34.0836 70.0645 -59.0345
v  -25.8335 70.0645 -44.7451
v  -32.2569 71.2822 -60.0891
v  -25.8335 70.0645 -44.7451
v  -34.0836 70.0645 -59.0345
v  -27.6602 71.2822 -43.6904
v  -35.9102 71.2822 -57.9799
v  -27.6602 71.2822 -43.6904
v  -34.0836 70.0645 -59.0345
v  -32.2569 73.7178 -60.0891
v  -32.2569 71.2822 -60.0891
v  -24.0069 73.7178 -45.7997
v  -24.0069 71.2822 -45.7997
v  -24.0069 73.7178 -45.7997
v  -32.2569 71.2822 -60.0891
v  -35.9102 73.7178 -57.9799
v  -27.6602 73.7178 -43.6904
v  -35.9102 71.2822 -57.9799
v  -27.6602 71.2822 -43.6904
v  -35.9102 71.2822 -57.9799
v  -27.6602 73.7178 -43.6904
v  -24.0069 73.7178 -45.7997
v  -25.8335 74.9355 -44.7451
v  -32.2569 73.7178 -60.0891
v  -34.0836 74.9355 -59.0345
v  -32.2569 73.7178 -60.0891
v  -25.8335 74.9355 -44.7451
v  -25.8335 74.9355 -44.7451
v  -27.6602 73.7178 -43.6904
v  -34.0836 74.9355 -59.0345
v  -35.9102 73.7178 -57.9799
v  -34.0836 74.9355 -59.0345
v  -27.6602 73.7178 -43.6904
v  -24.0069 71.2822 -45.7997
v  -25.8335 70.0645 -44.7451
v  -25.8335 70.0645 -44.7451
v  -34.0836 70.0645 -59.0345
v  -32.2569 71.2822 -60.0891
v  -34.0836 70.0645 -59.0345
v  -24.0069 71.2822 -45.7997
v  -32.2569 71.2822 -60.0891
v  -25.8335 70.0645 -44.7451
v  -27.6602 71.2822 -43.6904
v  -27.6602 71.2822 -43.6904
v  -35.9102 71.2822 -57.9799
v  -34.0836 70.0645 -59.0345
v  -35.9102 71.2822 -57.9799
v  -24.0069 73.7178 -45.7997
v  -24.0069 71.2822 -45.7997
v  -32.2569 73.7178 -60.0891
v  -32.2569 71.2822 -60.0891
v  -24.0069 73.7178 -45.7997
v  -32.2569 73.7178 -60.0891
v  -27.6602 71.2822 -43.6904
v  -27.6602 73.7178 -43.6904
v  -27.6602 73.7178 -43.6904
v  -35.9102 73.7178 -57.9799
v  -35.9102 71.2822 -57.9799
v  -35.9102 73.7178 -57.9799
v  -25.8335 74.9355 -44.7451
v  -24.0069 73.7178 -45.7997
v  -34.0836 74.9355 -59.0345
v  -32.2569 73.7178 -60.0891
v  -25.8335 74.9355 -44.7451
v  -34.0836 74.9355 -59.0345
v  -35.9102 73.7178 -57.9799
v  -34.0836 74.9355 -59.0345
v  -27.6602 73.7178 -43.6904
v  -25.8335 74.9355 -44.7451
v  -22.271 70.125 -46.8019
v  -10.2398 74.875 -25.9631
v  -10.2398 70.125 -25.9631
v  -10.2398 74.875 -25.9631
v  -22.271 70.125 -46.8019
v  -22.271 74.875 -46.8019
v  -22.271 70.125 -46.8019
v  -13.8023 67.75 -23.9063
v  -25.8335 67.75 -44.7451
v  -13.8023 67.75 -23.9063
v  -22.271 70.125 -46.8019
v  -10.2398 70.125 -25.9631
v  -29.396 70.125 -42.6882
v  -25.8335 70.0645 -44.7451
v  -25.8335 67.75 -44.7451
v  -25.8335 70.0645 -44.7451
v  -29.396 70.125 -42.6882
v  -27.6602 71.2822 -43.6904
v  -27.6602 71.2822 -43.6904
v  -29.396 70.125 -42.6882
v  -29.396 74.875 -42.6882
v  -27.6602 71.2822 -43.6904
v  -29.396 74.875 -42.6882
v  -27.6602 73.7178 -43.6904
v  -27.6602 73.7178 -43.6904
v  -29.396 74.875 -42.6882
v  -25.8335 74.9355 -44.7451
v  -25.8335 74.9355 -44.7451
v  -29.396 74.875 -42.6882
v  -25.8335 77.25 -44.7451
v  -25.8335 70.0645 -44.7451
v  -22.271 70.125 -46.8019
v  -25.8335 67.75 -44.7451
v  -22.271 70.125 -46.8019
v  -25.8335 70.0645 -44.7451
v  -24.0069 71.2822 -45.7997
v  -22.271 70.125 -46.8019
v  -24.0069 71.2822 -45.7997
v  -22.271 74.875 -46.8019
v  -22.271 74.875 -46.8019
v  -24.0069 71.2822 -45.7997
v  -24.0069 73.7178 -45.7997
v  -22.271 74.875 -46.8019
v  -24.0069 73.7178 -45.7997
v  -25.8335 74.9355 -44.7451
v  -22.271 74.875 -46.8019
v  -25.8335 74.9355 -44.7451
v  -25.8335 77.25 -44.7451
v  -13.8023 77.25 -23.9063
v  -22.271 74.875 -46.8019
v  -25.8335 77.25 -44.7451
v  -22.271 74.875 -46.8019
v  -13.8023 77.25 -23.9063
v  -10.2398 74.875 -25.9631
v  -25.8335 67.75 -44.7451
v  -17.3648 70.125 -21.8495
v  -29.396 70.125 -42.6882
v  -17.3648 70.125 -21.8495
v  -25.8335 67.75 -44.7451
v  -13.8023 67.75 -23.9063
v  -17.3648 74.875 -21.8495
v  -29.396 70.125 -42.6882
v  -17.3648 70.125 -21.8495
v  -29.396 70.125 -42.6882
v  -17.3648 74.875 -21.8495
v  -29.396 74.875 -42.6882
v  -17.3648 74.875 -21.8495
v  -25.8335 77.25 -44.7451
v  -29.396 74.875 -42.6882
v  -25.8335 77.25 -44.7451
v  -17.3648 74.875 -21.8495
v  -13.8023 77.25 -23.9063
v  -22.271 74.875 -46.8019
v  -22.271 70.125 -46.8019
v  -10.2398 74.875 -25.9631
v  -10.2398 70.125 -25.9631
v  -10.2398 74.875 -25.9631
v  -22.271 70.125 -46.8019
v  -10.2398 70.125 -25.9631
v  -22.271 70.125 -46.8019
v  -13.8023 67.75 -23.9063
v  -25.8335 67.75 -44.7451
v  -13.8023 67.75 -23.9063
v  -22.271 70.125 -46.8019
v  -25.8335 77.25 -44.7451
v  -25.8335 74.9355 -44.7451
v  -22.271 74.875 -46.8019
v  -25.8335 74.9355 -44.7451
v  -24.0069 73.7178 -45.7997
v  -22.271 74.875 -46.8019
v  -24.0069 73.7178 -45.7997
v  -24.0069 71.2822 -45.7997
v  -22.271 74.875 -46.8019
v  -22.271 74.875 -46.8019
v  -24.0069 71.2822 -45.7997
v  -22.271 70.125 -46.8019
v  -24.0069 71.2822 -45.7997
v  -25.8335 70.0645 -44.7451
v  -22.271 70.125 -46.8019
v  -25.8335 67.75 -44.7451
v  -22.271 70.125 -46.8019
v  -25.8335 70.0645 -44.7451
v  -25.8335 77.25 -44.7451
v  -29.396 74.875 -42.6882
v  -25.8335 74.9355 -44.7451
v  -25.8335 74.9355 -44.7451
v  -29.396 74.875 -42.6882
v  -27.6602 73.7178 -43.6904
v  -27.6602 73.7178 -43.6904
v  -29.396 74.875 -42.6882
v  -27.6602 71.2822 -43.6904
v  -29.396 74.875 -42.6882
v  -29.396 70.125 -42.6882
v  -27.6602 71.2822 -43.6904
v  -27.6602 71.2822 -43.6904
v  -29.396 70.125 -42.6882
v  -25.8335 70.0645 -44.7451
v  -25.8335 67.75 -44.7451
v  -25.8335 70.0645 -44.7451
v  -29.396 70.125 -42.6882
v  -10.2398 74.875 -25.9631
v  -13.8023 77.25 -23.9063
v  -22.271 74.875 -46.8019
v  -25.8335 77.25 -44.7451
v  -22.271 74.875 -46.8019
v  -13.8023 77.25 -23.9063
v  -13.8023 67.75 -23.9063
v  -25.8335 67.75 -44.7451
v  -17.3648 70.125 -21.8495
v  -29.396 70.125 -42.6882
v  -17.3648 70.125 -21.8495
v  -25.8335 67.75 -44.7451
v  -29.396 74.875 -42.6882
v  -17.3648 74.875 -21.8495
v  -29.396 70.125 -42.6882
v  -17.3648 70.125 -21.8495
v  -29.396 70.125 -42.6882
v  -17.3648 74.875 -21.8495
v  -13.8023 77.25 -23.9063
v  -17.3648 74.875 -21.8495
v  -25.8335 77.25 -44.7451
v  -29.396 74.875 -42.6882
v  -25.8335 77.25 -44.7451
v  -17.3648 74.875 -21.8495
v  -10.2398 70.125 -25.9631
v  -22.271 70.125 -46.8019
v  -22.271 70.125 -46.8019
v  -22.271 74.875 -46.8019
v  -10.2398 74.875 -25.9631
v  -22.271 74.875 -46.8019
v  -10.2398 70.125 -25.9631
v  -10.2398 74.875 -25.9631
v  -13.8023 67.75 -23.9063
v  -10.2398 70.125 -25.9631
v  -13.8023 67.75 -23.9063
v  -25.8335 67.75 -44.7451
v  -25.8335 67.75 -44.7451
v  -22.271 70.125 -46.8019
v  -29.396 70.125 -42.6882
v  -25.8335 67.75 -44.7451
v  -29.396 74.875 -42.6882
v  -29.396 70.125 -42.6882
v  -25.8335 77.25 -44.7451
v  -29.396 74.875 -42.6882
v  -22.271 74.875 -46.8019
v  -25.8335 77.25 -44.7451
v  -25.8335 74.9355 -44.7451
v  -24.0069 73.7178 -45.7997
v  -27.6602 73.7178 -43.6904
v  -25.8335 74.9355 -44.7451
v  -27.6602 71.2822 -43.6904
v  -27.6602 73.7178 -43.6904
v  -25.8335 70.0645 -44.7451
v  -27.6602 71.2822 -43.6904
v  -24.0069 71.2822 -45.7997
v  -25.8335 70.0645 -44.7451
v  -24.0069 73.7178 -45.7997
v  -24.0069 71.2822 -45.7997
v  -10.2398 74.875 -25.9631
v  -13.8023 77.25 -23.9063
v  -13.8023 77.25 -23.9063
v  -25.8335 77.25 -44.7451
v  -17.3648 70.125 -21.8495
v  -13.8023 67.75 -23.9063
v  -17.3648 70.125 -21.8495
v  -29.396 70.125 -42.6882
v  -17.3648 74.875 -21.8495
v  -17.3648 70.125 -21.8495
v  -17.3648 74.875 -21.8495
v  -29.396 74.875 -42.6882
v  -13.8023 77.25 -23.9063
v  -17.3648 74.875 -21.8495
v  -123.504 71.2822 -209.697
v  -119.851 71.2822 -211.806
v  -121.677 70.0645 -210.751
v  -119.851 71.2822 -211.806
v  -123.504 71.2822 -209.697
v  -123.504 73.7178 -209.697
v  -119.851 71.2822 -211.806
v  -123.504 73.7178 -209.697
v  -119.851 73.7178 -211.806
v  -119.851 73.7178 -211.806
v  -123.504 73.7178 -209.697
v  -121.677 74.9355 -210.751
v  -116.004 73.7178 -196.706
v  -121.677 74.9355 -210.751
v  -123.504 73.7178 -209.697
v  -121.677 74.9355 -210.751
v  -116.004 73.7178 -196.706
v  -114.177 74.9355 -197.761
v  -114.177 74.9355 -197.761
v  -119.851 73.7178 -211.806
v  -121.677 74.9355 -210.751
v  -119.851 73.7178 -211.806
v  -114.177 74.9355 -197.761
v  -112.351 73.7178 -198.816
v  -119.851 71.2822 -211.806
v  -112.351 73.7178 -198.816
v  -112.351 71.2822 -198.816
v  -112.351 73.7178 -198.816
v  -119.851 71.2822 -211.806
v  -119.851 73.7178 -211.806
v  -119.851 71.2822 -211.806
v  -114.177 70.0645 -197.761
v  -121.677 70.0645 -210.751
v  -114.177 70.0645 -197.761
v  -119.851 71.2822 -211.806
v  -112.351 71.2822 -198.816
v  -121.677 70.0645 -210.751
v  -116.004 71.2822 -196.706
v  -123.504 71.2822 -209.697
v  -116.004 71.2822 -196.706
v  -121.677 70.0645 -210.751
v  -114.177 70.0645 -197.761
v  -116.004 73.7178 -196.706
v  -123.504 71.2822 -209.697
v  -116.004 71.2822 -196.706
v  -123.504 71.2822 -209.697
v  -116.004 73.7178 -196.706
v  -123.504 73.7178 -209.697
v  -121.677 74.9355 -210.751
v  -123.504 73.7178 -209.697
v  -119.851 73.7178 -211.806
v  -119.851 73.7178 -211.806
v  -123.504 73.7178 -209.697
v  -119.851 71.2822 -211.806
v  -123.504 73.7178 -209.697
v  -123.504 71.2822 -209.697
v  -119.851 71.2822 -211.806
v  -121.677 70.0645 -210.751
v  -119.851 71.2822 -211.806
v  -123.504 71.2822 -209.697
v  -114.177 74.9355 -197.761
v  -116.004 73.7178 -196.706
v  -121.677 74.9355 -210.751
v  -123.504 73.7178 -209.697
v  -121.677 74.9355 -210.751
v  -116.004 73.7178 -196.706
v  -112.351 73.7178 -198.816
v  -114.177 74.9355 -197.761
v  -119.851 73.7178 -211.806
v  -121.677 74.9355 -210.751
v  -119.851 73.7178 -211.806
v  -114.177 74.9355 -197.761
v  -119.851 73.7178 -211.806
v  -119.851 71.2822 -211.806
v  -112.351 73.7178 -198.816
v  -112.351 71.2822 -198.816
v  -112.351 73.7178 -198.816
v  -119.851 71.2822 -211.806
v  -112.351 71.2822 -198.816
v  -119.851 71.2822 -211.806
v  -114.177 70.0645 -197.761
v  -121.677 70.0645 -210.751
v  -114.177 70.0645 -197.761
v  -119.851 71.2822 -211.806
v  -114.177 70.0645 -197.761
v  -121.677 70.0645 -210.751
v  -116.004 71.2822 -196.706
v  -123.504 71.2822 -209.697
v  -116.004 71.2822 -196.706
v  -121.677 70.0645 -210.751
v  -123.504 73.7178 -209.697
v  -116.004 73.7178 -196.706
v  -123.504 71.2822 -209.697
v  -116.004 71.2822 -196.706
v  -123.504 71.2822 -209.697
v  -116.004 73.7178 -196.706
v  -123.504 73.7178 -209.697
v  -121.677 74.9355 -210.751
v  -121.677 74.9355 -210.751
v  -119.851 73.7178 -211.806
v  -119.851 73.7178 -211.806
v  -119.851 71.2822 -211.806
v  -119.851 71.2822 -211.806
v  -121.677 70.0645 -210.751
v  -121.677 70.0645 -210.751
v  -123.504 71.2822 -209.697
v  -123.504 71.2822 -209.697
v  -123.504 73.7178 -209.697
v  -116.004 73.7178 -196.706
v  -114.177 74.9355 -197.761
v  -114.177 74.9355 -197.761
v  -121.677 74.9355 -210.751
v  -116.004 73.7178 -196.706
v  -123.504 73.7178 -209.697
v  -114.177 74.9355 -197.761
v  -112.351 73.7178 -198.816
v  -112.351 73.7178 -198.816
v  -119.851 73.7178 -211.806
v  -112.351 73.7178 -198.816
v  -112.351 71.2822 -198.816
v  -112.351 71.2822 -198.816
v  -119.851 71.2822 -211.806
v  -112.351 71.2822 -198.816
v  -114.177 70.0645 -197.761
v  -114.177 70.0645 -197.761
v  -121.677 70.0645 -210.751
v  -114.177 70.0645 -197.761
v  -116.004 71.2822 -196.706
v  -116.004 71.2822 -196.706
v  -123.504 71.2822 -209.697
v  -116.004 71.2822 -196.706
v  -116.004 73.7178 -196.706
v  -34.0836 77.25 -59.0345
v  -41.6148 74.875 -80.3062
v  -45.1773 77.25 -78.2494
v  -41.6148 74.875 -80.3062
v  -34.0836 77.25 -59.0345
v  -30.521 74.875 -61.0913
v  -30.521 70.125 -61.0913
v  -34.0836 70.0645 -59.0345
v  -34.0836 67.75 -59.0345
v  -34.0836 70.0645 -59.0345
v  -30.521 70.125 -61.0913
v  -32.2569 71.2822 -60.0891
v  -32.2569 71.2822 -60.0891
v  -30.521 70.125 -61.0913
v  -30.521 74.875 -61.0913
v  -32.2569 71.2822 -60.0891
v  -30.521 74.875 -61.0913
v  -32.2569 73.7178 -60.0891
v  -32.2569 73.7178 -60.0891
v  -30.521 74.875 -61.0913
v  -34.0836 74.9355 -59.0345
v  -34.0836 74.9355 -59.0345
v  -30.521 74.875 -61.0913
v  -34.0836 77.25 -59.0345
v  -34.0836 70.0645 -59.0345
v  -37.6461 70.125 -56.9777
v  -34.0836 67.75 -59.0345
v  -37.6461 70.125 -56.9777
v  -34.0836 70.0645 -59.0345
v  -35.9102 71.2822 -57.9799
v  -37.6461 70.125 -56.9777
v  -35.9102 71.2822 -57.9799
v  -37.6461 74.875 -56.9777
v  -37.6461 74.875 -56.9777
v  -35.9102 71.2822 -57.9799
v  -35.9102 73.7178 -57.9799
v  -37.6461 74.875 -56.9777
v  -35.9102 73.7178 -57.9799
v  -34.0836 74.9355 -59.0345
v  -37.6461 74.875 -56.9777
v  -34.0836 74.9355 -59.0345
v  -34.0836 77.25 -59.0345
v  -41.6148 70.125 -80.3062
v  -30.521 74.875 -61.0913
v  -30.521 70.125 -61.0913
v  -30.521 74.875 -61.0913
v  -41.6148 70.125 -80.3062
v  -41.6148 74.875 -80.3062
v  -48.7398 70.125 -76.1926
v  -45.1773 70.0645 -78.2494
v  -45.1773 67.75 -78.2494
v  -45.1773 70.0645 -78.2494
v  -48.7398 70.125 -76.1926
v  -47.0039 71.2822 -77.1948
v  -47.0039 71.2822 -77.1948
v  -48.7398 70.125 -76.1926
v  -48.7398 74.875 -76.1926
v  -47.0039 71.2822 -77.1948
v  -48.7398 74.875 -76.1926
v  -47.0039 73.7178 -77.1948
v  -47.0039 73.7178 -77.1948
v  -48.7398 74.875 -76.1926
v  -45.1773 74.9355 -78.2494
v  -45.1773 74.9355 -78.2494
v  -48.7398 74.875 -76.1926
v  -45.1773 77.25 -78.2494
v  -45.1773 70.0645 -78.2494
v  -41.6148 70.125 -80.3062
v  -45.1773 67.75 -78.2494
v  -41.6148 70.125 -80.3062
v  -45.1773 70.0645 -78.2494
v  -43.3507 71.2822 -79.304
v  -41.6148 70.125 -80.3062
v  -43.3507 71.2822 -79.304
v  -41.6148 74.875 -80.3062
v  -41.6148 74.875 -80.3062
v  -43.3507 71.2822 -79.304
v  -43.3507 73.7178 -79.304
v  -41.6148 74.875 -80.3062
v  -43.3507 73.7178 -79.304
v  -45.1773 74.9355 -78.2494
v  -41.6148 74.875 -80.3062
v  -45.1773 74.9355 -78.2494
v  -45.1773 77.25 -78.2494
v  -37.6461 74.875 -56.9777
v  -45.1773 77.25 -78.2494
v  -48.7398 74.875 -76.1926
v  -45.1773 77.25 -78.2494
v  -37.6461 74.875 -56.9777
v  -34.0836 77.25 -59.0345
v  -41.6148 70.125 -80.3062
v  -34.0836 67.75 -59.0345
v  -45.1773 67.75 -78.2494
v  -34.0836 67.75 -59.0345
v  -41.6148 70.125 -80.3062
v  -30.521 70.125 -61.0913
v  -37.6461 74.875 -56.9777
v  -48.7398 70.125 -76.1926
v  -37.6461 70.125 -56.9777
v  -48.7398 70.125 -76.1926
v  -37.6461 74.875 -56.9777
v  -48.7398 74.875 -76.1926
v  -45.1773 67.75 -78.2494
v  -37.6461 70.125 -56.9777
v  -48.7398 70.125 -76.1926
v  -37.6461 70.125 -56.9777
v  -45.1773 67.75 -78.2494
v  -34.0836 67.75 -59.0345
v  -30.521 74.875 -61.0913
v  -34.0836 77.25 -59.0345
v  -41.6148 74.875 -80.3062
v  -45.1773 77.25 -78.2494
v  -41.6148 74.875 -80.3062
v  -34.0836 77.25 -59.0345
v  -34.0836 77.25 -59.0345
v  -34.0836 74.9355 -59.0345
v  -37.6461 74.875 -56.9777
v  -34.0836 74.9355 -59.0345
v  -35.9102 73.7178 -57.9799
v  -37.6461 74.875 -56.9777
v  -35.9102 73.7178 -57.9799
v  -35.9102 71.2822 -57.9799
v  -37.6461 74.875 -56.9777
v  -37.6461 74.875 -56.9777
v  -35.9102 71.2822 -57.9799
v  -37.6461 70.125 -56.9777
v  -35.9102 71.2822 -57.9799
v  -34.0836 70.0645 -59.0345
v  -37.6461 70.125 -56.9777
v  -34.0836 67.75 -59.0345
v  -37.6461 70.125 -56.9777
v  -34.0836 70.0645 -59.0345
v  -34.0836 77.25 -59.0345
v  -30.521 74.875 -61.0913
v  -34.0836 74.9355 -59.0345
v  -34.0836 74.9355 -59.0345
v  -30.521 74.875 -61.0913
v  -32.2569 73.7178 -60.0891
v  -32.2569 73.7178 -60.0891
v  -30.521 74.875 -61.0913
v  -32.2569 71.2822 -60.0891
v  -30.521 74.875 -61.0913
v  -30.521 70.125 -61.0913
v  -32.2569 71.2822 -60.0891
v  -32.2569 71.2822 -60.0891
v  -30.521 70.125 -61.0913
v  -34.0836 70.0645 -59.0345
v  -34.0836 67.75 -59.0345
v  -34.0836 70.0645 -59.0345
v  -30.521 70.125 -61.0913
v  -41.6148 74.875 -80.3062
v  -41.6148 70.125 -80.3062
v  -30.521 74.875 -61.0913
v  -30.521 70.125 -61.0913
v  -30.521 74.875 -61.0913
v  -41.6148 70.125 -80.3062
v  -45.1773 77.25 -78.2494
v  -45.1773 74.9355 -78.2494
v  -41.6148 74.875 -80.3062
v  -45.1773 74.9355 -78.2494
v  -43.3507 73.7178 -79.304
v  -41.6148 74.875 -80.3062
v  -43.3507 73.7178 -79.304
v  -43.3507 71.2822 -79.304
v  -41.6148 74.875 -80.3062
v  -41.6148 74.875 -80.3062
v  -43.3507 71.2822 -79.304
v  -41.6148 70.125 -80.3062
v  -43.3507 71.2822 -79.304
v  -45.1773 70.0645 -78.2494
v  -41.6148 70.125 -80.3062
v  -45.1773 67.75 -78.2494
v  -41.6148 70.125 -80.3062
v  -45.1773 70.0645 -78.2494
v  -45.1773 77.25 -78.2494
v  -48.7398 74.875 -76.1926
v  -45.1773 74.9355 -78.2494
v  -45.1773 74.9355 -78.2494
v  -48.7398 74.875 -76.1926
v  -47.0039 73.7178 -77.1948
v  -47.0039 73.7178 -77.1948
v  -48.7398 74.875 -76.1926
v  -47.0039 71.2822 -77.1948
v  -48.7398 74.875 -76.1926
v  -48.7398 70.125 -76.1926
v  -47.0039 71.2822 -77.1948
v  -47.0039 71.2822 -77.1948
v  -48.7398 70.125 -76.1926
v  -45.1773 70.0645 -78.2494
v  -45.1773 67.75 -78.2494
v  -45.1773 70.0645 -78.2494
v  -48.7398 70.125 -76.1926
v  -34.0836 77.25 -59.0345
v  -37.6461 74.875 -56.9777
v  -45.1773 77.25 -78.2494
v  -48.7398 74.875 -76.1926
v  -45.1773 77.25 -78.2494
v  -37.6461 74.875 -56.9777
v  -30.521 70.125 -61.0913
v  -41.6148 70.125 -80.3062
v  -34.0836 67.75 -59.0345
v  -45.1773 67.75 -78.2494
v  -34.0836 67.75 -59.0345
v  -41.6148 70.125 -80.3062
v  -48.7398 74.875 -76.1926
v  -37.6461 74.875 -56.9777
v  -48.7398 70.125 -76.1926
v  -37.6461 70.125 -56.9777
v  -48.7398 70.125 -76.1926
v  -37.6461 74.875 -56.9777
v  -34.0836 67.75 -59.0345
v  -45.1773 67.75 -78.2494
v  -37.6461 70.125 -56.9777
v  -48.7398 70.125 -76.1926
v  -37.6461 70.125 -56.9777
v  -45.1773 67.75 -78.2494
v  -34.0836 77.25 -59.0345
v  -30.521 74.875 -61.0913
v  -30.521 74.875 -61.0913
v  -41.6148 74.875 -80.3062
v  -45.1773 77.25 -78.2494
v  -41.6148 74.875 -80.3062
v  -34.0836 77.25 -59.0345
v  -45.1773 77.25 -78.2494
v  -30.521 70.125 -61.0913
v  -34.0836 67.75 -59.0345
v  -30.521 74.875 -61.0913
v  -30.521 70.125 -61.0913
v  -37.6461 74.875 -56.9777
v  -34.0836 77.25 -59.0345
v  -37.6461 70.125 -56.9777
v  -37.6461 74.875 -56.9777
v  -34.0836 67.75 -59.0345
v  -37.6461 70.125 -56.9777
v  -34.0836 74.9355 -59.0345
v  -32.2569 73.7178 -60.0891
v  -32.2569 73.7178 -60.0891
v  -32.2569 71.2822 -60.0891
v  -32.2569 71.2822 -60.0891
v  -34.0836 70.0645 -59.0345
v  -34.0836 70.0645 -59.0345
v  -35.9102 71.2822 -57.9799
v  -35.9102 71.2822 -57.9799
v  -35.9102 73.7178 -57.9799
v  -35.9102 73.7178 -57.9799
v  -34.0836 74.9355 -59.0345
v  -30.521 70.125 -61.0913
v  -41.6148 70.125 -80.3062
v  -41.6148 74.875 -80.3062
v  -41.6148 70.125 -80.3062
v  -41.6148 70.125 -80.3062
v  -45.1773 67.75 -78.2494
v  -45.1773 67.75 -78.2494
v  -48.7398 70.125 -76.1926
v  -48.7398 70.125 -76.1926
v  -48.7398 74.875 -76.1926
v  -48.7398 74.875 -76.1926
v  -45.1773 77.25 -78.2494
v  -45.1773 74.9355 -78.2494
v  -43.3507 73.7178 -79.304
v  -47.0039 73.7178 -77.1948
v  -45.1773 74.9355 -78.2494
v  -47.0039 71.2822 -77.1948
v  -47.0039 73.7178 -77.1948
v  -45.1773 70.0645 -78.2494
v  -47.0039 71.2822 -77.1948
v  -43.3507 71.2822 -79.304
v  -45.1773 70.0645 -78.2494
v  -43.3507 73.7178 -79.304
v  -43.3507 71.2822 -79.304
v  -37.6461 74.875 -56.9777
v  -48.7398 74.875 -76.1926
v  -34.0836 67.75 -59.0345
v  -45.1773 67.75 -78.2494
v  -37.6461 70.125 -56.9777
v  -48.7398 70.125 -76.1926
v  -53.7665 73.7178 -88.9079
v  -55.6773 74.9355 -96.4359
v  -57.5039 73.7178 -95.3813
v  -55.6773 74.9355 -96.4359
v  -53.7665 73.7178 -88.9079
v  -51.9398 74.9355 -89.9625
v  -47.0039 73.7178 -77.1948
v  -57.5039 71.2822 -95.3813
v  -47.0039 71.2822 -77.1948
v  -57.5039 71.2822 -95.3813
v  -47.0039 73.7178 -77.1948
v  -52.2539 73.7178 -86.2881
v  -57.5039 71.2822 -95.3813
v  -52.2539 73.7178 -86.2881
v  -53.7665 73.7178 -88.9079
v  -57.5039 71.2822 -95.3813
v  -53.7665 73.7178 -88.9079
v  -57.5039 73.7178 -95.3813
v  -61.1078 88.4005 -84.6693
v  -51.9398 74.9355 -89.9625
v  -53.7665 73.7178 -88.9079
v  -51.9398 74.9355 -89.9625
v  -61.1078 88.4005 -84.6693
v  -59.2812 89.6183 -85.7239
v  -51.9398 74.9355 -89.9625
v  -53.8507 73.7178 -97.4906
v  -55.6773 74.9355 -96.4359
v  -53.8507 73.7178 -97.4906
v  -51.9398 74.9355 -89.9625
v  -43.3507 73.7178 -79.304
v  -43.3507 73.7178 -79.304
v  -51.9398 74.9355 -89.9625
v  -50.4273 74.9355 -87.3427
v  -43.3507 73.7178 -79.304
v  -50.4273 74.9355 -87.3427
v  -45.1773 74.9355 -78.2494
v  -47.0039 73.7178 -77.1948
v  -50.4273 74.9355 -87.3427
v  -52.2539 73.7178 -86.2881
v  -50.4273 74.9355 -87.3427
v  -47.0039 73.7178 -77.1948
v  -45.1773 74.9355 -78.2494
v  -89.7241 106.951 -112.813
v  -80.1644 90.2676 -115.52
v  -88.5063 106.951 -110.704
v  -80.1644 90.2676 -115.52
v  -89.7241 106.951 -112.813
v  -81.3821 90.2676 -117.629
v  -110.954 106.951 -149.584
v  -101.675 90.2676 -152.778
v  -110.017 106.951 -147.962
v  -101.675 90.2676 -152.778
v  -110.954 106.951 -149.584
v  -102.612 90.2676 -154.4
v  -132.621 106.951 -187.113
v  -123.061 90.2676 -189.82
v  -131.403 106.951 -185.003
v  -123.061 90.2676 -189.82
v  -132.621 106.951 -187.113
v  -123.345 88.4005 -192.468
v  -80.1644 90.2676 -115.52
v  -61.1078 88.4005 -84.6693
v  -62.0414 90.2676 -84.1303
v  -61.1078 88.4005 -84.6693
v  -80.1644 90.2676 -115.52
v  -123.345 88.4005 -192.468
v  -123.345 88.4005 -192.468
v  -80.1644 90.2676 -115.52
v  -81.3821 90.2676 -117.629
v  -123.345 88.4005 -192.468
v  -81.3821 90.2676 -117.629
v  -101.675 90.2676 -152.778
v  -123.345 88.4005 -192.468
v  -101.675 90.2676 -152.778
v  -102.612 90.2676 -154.4
v  -123.345 88.4005 -192.468
v  -102.612 90.2676 -154.4
v  -123.061 90.2676 -189.82
v  -70.3833 106.951 -79.3141
v  -52.2539 73.7178 -86.2881
v  -68.8708 106.951 -76.6943
v  -52.2539 73.7178 -86.2881
v  -70.3833 106.951 -79.3141
v  -62.0414 90.2676 -84.1303
v  -52.2539 73.7178 -86.2881
v  -62.0414 90.2676 -84.1303
v  -61.1078 88.4005 -84.6693
v  -52.2539 73.7178 -86.2881
v  -61.1078 88.4005 -84.6693
v  -53.7665 73.7178 -88.9079
v  -55.6773 70.0645 -96.4359
v  -47.0039 71.2822 -77.1948
v  -57.5039 71.2822 -95.3813
v  -47.0039 71.2822 -77.1948
v  -55.6773 70.0645 -96.4359
v  -51.9384 70.0645 -89.9599
v  -47.0039 71.2822 -77.1948
v  -51.9384 70.0645 -89.9599
v  -50.4273 70.0645 -87.3427
v  -47.0039 71.2822 -77.1948
v  -50.4273 70.0645 -87.3427
v  -45.1773 70.0645 -78.2494
v  -121.519 89.6183 -193.522
v  -61.1078 88.4005 -84.6693
v  -123.345 88.4005 -192.468
v  -61.1078 88.4005 -84.6693
v  -121.519 89.6183 -193.522
v  -59.2812 89.6183 -85.7239
v  -50.4273 74.9355 -87.3427
v  -68.5567 108.169 -80.3687
v  -67.0442 108.169 -77.7489
v  -68.5567 108.169 -80.3687
v  -50.4273 74.9355 -87.3427
v  -60.2148 91.4854 -85.1849
v  -60.2148 91.4854 -85.1849
v  -50.4273 74.9355 -87.3427
v  -59.2812 89.6183 -85.7239
v  -59.2812 89.6183 -85.7239
v  -50.4273 74.9355 -87.3427
v  -51.9398 74.9355 -89.9625
v  -59.2812 89.6183 -85.7239
v  -78.3378 91.4854 -116.575
v  -60.2148 91.4854 -85.1849
v  -78.3378 91.4854 -116.575
v  -59.2812 89.6183 -85.7239
v  -121.519 89.6183 -193.522
v  -78.3378 91.4854 -116.575
v  -121.519 89.6183 -193.522
v  -79.5555 91.4854 -118.684
v  -79.5555 91.4854 -118.684
v  -121.519 89.6183 -193.522
v  -99.8486 91.4854 -153.833
v  -99.8486 91.4854 -153.833
v  -121.519 89.6183 -193.522
v  -100.785 91.4854 -155.455
v  -100.785 91.4854 -155.455
v  -121.519 89.6183 -193.522
v  -121.234 91.4854 -190.874
v  -121.234 91.4854 -190.874
v  -130.794 108.169 -188.167
v  -129.576 108.169 -186.058
v  -130.794 108.169 -188.167
v  -121.234 91.4854 -190.874
v  -121.519 89.6183 -193.522
v  -99.8486 91.4854 -153.833
v  -109.127 108.169 -150.639
v  -108.191 108.169 -149.017
v  -109.127 108.169 -150.639
v  -99.8486 91.4854 -153.833
v  -100.785 91.4854 -155.455
v  -78.3378 91.4854 -116.575
v  -87.8975 108.169 -113.868
v  -86.6797 108.169 -111.759
v  -87.8975 108.169 -113.868
v  -78.3378 91.4854 -116.575
v  -79.5555 91.4854 -118.684
v  -48.6007 71.2822 -88.3973
v  -43.3507 73.7178 -79.304
v  -43.3507 71.2822 -79.304
v  -43.3507 73.7178 -79.304
v  -48.6007 71.2822 -88.3973
v  -53.8507 73.7178 -97.4906
v  -53.8507 73.7178 -97.4906
v  -48.6007 71.2822 -88.3973
v  -50.1117 71.2822 -91.0145
v  -53.8507 73.7178 -97.4906
v  -50.1117 71.2822 -91.0145
v  -53.8507 71.2822 -97.4906
v  -50.4273 74.9355 -87.3427
v  -68.8708 106.951 -76.6943
v  -52.2539 73.7178 -86.2881
v  -68.8708 106.951 -76.6943
v  -50.4273 74.9355 -87.3427
v  -67.0442 108.169 -77.7489
v  -68.8708 106.951 -76.6943
v  -68.5567 108.169 -80.3687
v  -70.3833 106.951 -79.3141
v  -68.5567 108.169 -80.3687
v  -68.8708 106.951 -76.6943
v  -67.0442 108.169 -77.7489
v  -70.3833 106.951 -79.3141
v  -60.2148 91.4854 -85.1849
v  -62.0414 90.2676 -84.1303
v  -60.2148 91.4854 -85.1849
v  -70.3833 106.951 -79.3141
v  -68.5567 108.169 -80.3687
v  -62.0414 90.2676 -84.1303
v  -78.3378 91.4854 -116.575
v  -80.1644 90.2676 -115.52
v  -78.3378 91.4854 -116.575
v  -62.0414 90.2676 -84.1303
v  -60.2148 91.4854 -85.1849
v  -78.3378 91.4854 -116.575
v  -88.5063 106.951 -110.704
v  -80.1644 90.2676 -115.52
v  -88.5063 106.951 -110.704
v  -78.3378 91.4854 -116.575
v  -86.6797 108.169 -111.759
v  -88.5063 106.951 -110.704
v  -87.8975 108.169 -113.868
v  -89.7241 106.951 -112.813
v  -87.8975 108.169 -113.868
v  -88.5063 106.951 -110.704
v  -86.6797 108.169 -111.759
v  -89.7241 106.951 -112.813
v  -79.5555 91.4854 -118.684
v  -81.3821 90.2676 -117.629
v  -79.5555 91.4854 -118.684
v  -89.7241 106.951 -112.813
v  -87.8975 108.169 -113.868
v  -81.3821 90.2676 -117.629
v  -99.8486 91.4854 -153.833
v  -101.675 90.2676 -152.778
v  -99.8486 91.4854 -153.833
v  -81.3821 90.2676 -117.629
v  -79.5555 91.4854 -118.684
v  -99.8486 91.4854 -153.833
v  -110.017 106.951 -147.962
v  -101.675 90.2676 -152.778
v  -110.017 106.951 -147.962
v  -99.8486 91.4854 -153.833
v  -108.191 108.169 -149.017
v  -110.017 106.951 -147.962
v  -109.127 108.169 -150.639
v  -110.954 106.951 -149.584
v  -109.127 108.169 -150.639
v  -110.017 106.951 -147.962
v  -108.191 108.169 -149.017
v  -110.954 106.951 -149.584
v  -100.785 91.4854 -155.455
v  -102.612 90.2676 -154.4
v  -100.785 91.4854 -155.455
v  -110.954 106.951 -149.584
v  -109.127 108.169 -150.639
v  -102.612 90.2676 -154.4
v  -121.234 91.4854 -190.874
v  -123.061 90.2676 -189.82
v  -121.234 91.4854 -190.874
v  -102.612 90.2676 -154.4
v  -100.785 91.4854 -155.455
v  -121.234 91.4854 -190.874
v  -131.403 106.951 -185.003
v  -123.061 90.2676 -189.82
v  -131.403 106.951 -185.003
v  -121.234 91.4854 -190.874
v  -129.576 108.169 -186.058
v  -131.403 106.951 -185.003
v  -130.794 108.169 -188.167
v  -132.621 106.951 -187.113
v  -130.794 108.169 -188.167
v  -131.403 106.951 -185.003
v  -129.576 108.169 -186.058
v  -132.621 106.951 -187.113
v  -121.519 89.6183 -193.522
v  -123.345 88.4005 -192.468
v  -121.519 89.6183 -193.522
v  -132.621 106.951 -187.113
v  -130.794 108.169 -188.167
v  -53.8507 71.2822 -97.4906
v  -51.9384 70.0645 -89.9599
v  -55.6773 70.0645 -96.4359
v  -51.9384 70.0645 -89.9599
v  -53.8507 71.2822 -97.4906
v  -50.1117 71.2822 -91.0145
v  -51.9384 70.0645 -89.9599
v  -35.759 40.7279 -95.8114
v  -50.4273 70.0645 -87.3427
v  -35.759 40.7279 -95.8114
v  -51.9384 70.0645 -89.9599
v  -45.6302 57.4481 -93.6019
v  -35.759 40.7279 -95.8114
v  -45.6302 57.4481 -93.6019
v  -44.6042 55.3962 -94.1943
v  -35.759 40.7279 -95.8114
v  -44.6042 55.3962 -94.1943
v  -37.2701 40.7279 -98.4286
v  -107.869 57.4481 -201.403
v  -44.6042 55.3962 -94.1943
v  -45.6302 57.4481 -93.6019
v  -44.6042 55.3962 -94.1943
v  -107.869 57.4481 -201.403
v  -62.6133 55.3962 -125.387
v  -62.6133 55.3962 -125.387
v  -107.869 57.4481 -201.403
v  -63.8649 55.3962 -127.555
v  -63.8649 55.3962 -127.555
v  -107.869 57.4481 -201.403
v  -83.9634 55.3962 -162.366
v  -83.9634 55.3962 -162.366
v  -107.869 57.4481 -201.403
v  -84.9963 55.3962 -164.155
v  -84.9963 55.3962 -164.155
v  -107.869 57.4481 -201.403
v  -105.798 55.3962 -200.185
v  -105.798 55.3962 -200.185
v  -107.869 57.4481 -201.403
v  -98.4636 40.7279 -204.419
v  -98.4636 40.7279 -204.419
v  -107.869 57.4481 -201.403
v  -99.509 40.7279 -206.23
v  -84.9963 55.3962 -164.155
v  -76.6293 40.7279 -166.601
v  -83.9634 55.3962 -162.366
v  -76.6293 40.7279 -166.601
v  -84.9963 55.3962 -164.155
v  -77.6621 40.7279 -168.39
v  -63.8649 55.3962 -127.555
v  -55.2791 40.7279 -129.621
v  -62.6133 55.3962 -125.387
v  -55.2791 40.7279 -129.621
v  -63.8649 55.3962 -127.555
v  -56.5308 40.7279 -131.789
v  -48.6007 71.2822 -88.3973
v  -45.1773 70.0645 -78.2494
v  -50.4273 70.0645 -87.3427
v  -45.1773 70.0645 -78.2494
v  -48.6007 71.2822 -88.3973
v  -43.3507 71.2822 -79.304
v  -33.9324 41.9456 -96.866
v  -50.1117 71.2822 -91.0145
v  -48.6007 71.2822 -88.3973
v  -50.1117 71.2822 -91.0145
v  -33.9324 41.9456 -96.866
v  -43.8035 58.6659 -94.6565
v  -43.8035 58.6659 -94.6565
v  -33.9324 41.9456 -96.866
v  -42.7776 56.6139 -95.2489
v  -42.7776 56.6139 -95.2489
v  -33.9324 41.9456 -96.866
v  -35.4434 41.9456 -99.4833
v  -53.4525 41.9456 -130.676
v  -62.0383 56.6139 -128.609
v  -60.7867 56.6139 -126.442
v  -62.0383 56.6139 -128.609
v  -53.4525 41.9456 -130.676
v  -54.7041 41.9456 -132.844
v  -74.8026 41.9456 -167.655
v  -83.1696 56.6139 -165.21
v  -82.1368 56.6139 -163.421
v  -83.1696 56.6139 -165.21
v  -74.8026 41.9456 -167.655
v  -75.8355 41.9456 -169.444
v  -42.7776 56.6139 -95.2489
v  -106.042 58.6659 -202.458
v  -43.8035 58.6659 -94.6565
v  -106.042 58.6659 -202.458
v  -42.7776 56.6139 -95.2489
v  -60.7867 56.6139 -126.442
v  -106.042 58.6659 -202.458
v  -60.7867 56.6139 -126.442
v  -62.0383 56.6139 -128.609
v  -106.042 58.6659 -202.458
v  -62.0383 56.6139 -128.609
v  -82.1368 56.6139 -163.421
v  -106.042 58.6659 -202.458
v  -82.1368 56.6139 -163.421
v  -83.1696 56.6139 -165.21
v  -106.042 58.6659 -202.458
v  -83.1696 56.6139 -165.21
v  -103.971 56.6139 -201.239
v  -106.042 58.6659 -202.458
v  -103.971 56.6139 -201.239
v  -96.637 41.9456 -205.474
v  -106.042 58.6659 -202.458
v  -96.637 41.9456 -205.474
v  -97.6824 41.9456 -207.284
v  -51.9384 70.0645 -89.9599
v  -43.8035 58.6659 -94.6565
v  -45.6302 57.4481 -93.6019
v  -43.8035 58.6659 -94.6565
v  -51.9384 70.0645 -89.9599
v  -50.1117 71.2822 -91.0145
v  -45.6302 57.4481 -93.6019
v  -106.042 58.6659 -202.458
v  -107.869 57.4481 -201.403
v  -106.042 58.6659 -202.458
v  -45.6302 57.4481 -93.6019
v  -43.8035 58.6659 -94.6565
v  -107.869 57.4481 -201.403
v  -97.6824 41.9456 -207.284
v  -99.509 40.7279 -206.23
v  -97.6824 41.9456 -207.284
v  -107.869 57.4481 -201.403
v  -106.042 58.6659 -202.458
v  -97.6824 41.9456 -207.284
v  -98.4636 40.7279 -204.419
v  -99.509 40.7279 -206.23
v  -98.4636 40.7279 -204.419
v  -97.6824 41.9456 -207.284
v  -96.637 41.9456 -205.474
v  -96.637 41.9456 -205.474
v  -105.798 55.3962 -200.185
v  -98.4636 40.7279 -204.419
v  -105.798 55.3962 -200.185
v  -96.637 41.9456 -205.474
v  -103.971 56.6139 -201.239
v  -103.971 56.6139 -201.239
v  -84.9963 55.3962 -164.155
v  -105.798 55.3962 -200.185
v  -84.9963 55.3962 -164.155
v  -103.971 56.6139 -201.239
v  -83.1696 56.6139 -165.21
v  -84.9963 55.3962 -164.155
v  -75.8355 41.9456 -169.444
v  -77.6621 40.7279 -168.39
v  -75.8355 41.9456 -169.444
v  -84.9963 55.3962 -164.155
v  -83.1696 56.6139 -165.21
v  -75.8355 41.9456 -169.444
v  -76.6293 40.7279 -166.601
v  -77.6621 40.7279 -168.39
v  -76.6293 40.7279 -166.601
v  -75.8355 41.9456 -169.444
v  -74.8026 41.9456 -167.655
v  -74.8026 41.9456 -167.655
v  -83.9634 55.3962 -162.366
v  -76.6293 40.7279 -166.601
v  -83.9634 55.3962 -162.366
v  -74.8026 41.9456 -167.655
v  -82.1368 56.6139 -163.421
v  -82.1368 56.6139 -163.421
v  -63.8649 55.3962 -127.555
v  -83.9634 55.3962 -162.366
v  -63.8649 55.3962 -127.555
v  -82.1368 56.6139 -163.421
v  -62.0383 56.6139 -128.609
v  -63.8649 55.3962 -127.555
v  -54.7041 41.9456 -132.844
v  -56.5308 40.7279 -131.789
v  -54.7041 41.9456 -132.844
v  -63.8649 55.3962 -127.555
v  -62.0383 56.6139 -128.609
v  -54.7041 41.9456 -132.844
v  -55.2791 40.7279 -129.621
v  -56.5308 40.7279 -131.789
v  -55.2791 40.7279 -129.621
v  -54.7041 41.9456 -132.844
v  -53.4525 41.9456 -130.676
v  -53.4525 41.9456 -130.676
v  -62.6133 55.3962 -125.387
v  -55.2791 40.7279 -129.621
v  -62.6133 55.3962 -125.387
v  -53.4525 41.9456 -130.676
v  -60.7867 56.6139 -126.442
v  -60.7867 56.6139 -126.442
v  -44.6042 55.3962 -94.1943
v  -62.6133 55.3962 -125.387
v  -44.6042 55.3962 -94.1943
v  -60.7867 56.6139 -126.442
v  -42.7776 56.6139 -95.2489
v  -44.6042 55.3962 -94.1943
v  -35.4434 41.9456 -99.4833
v  -37.2701 40.7279 -98.4286
v  -35.4434 41.9456 -99.4833
v  -44.6042 55.3962 -94.1943
v  -42.7776 56.6139 -95.2489
v  -35.4434 41.9456 -99.4833
v  -35.759 40.7279 -95.8114
v  -37.2701 40.7279 -98.4286
v  -35.759 40.7279 -95.8114
v  -35.4434 41.9456 -99.4833
v  -33.9324 41.9456 -96.866
v  -33.9324 41.9456 -96.866
v  -50.4273 70.0645 -87.3427
v  -35.759 40.7279 -95.8114
v  -50.4273 70.0645 -87.3427
v  -33.9324 41.9456 -96.866
v  -48.6007 71.2822 -88.3973
v  -51.9398 74.9355 -89.9625
v  -53.7665 73.7178 -88.9079
v  -55.6773 74.9355 -96.4359
v  -57.5039 73.7178 -95.3813
v  -55.6773 74.9355 -96.4359
v  -53.7665 73.7178 -88.9079
v  -57.5039 73.7178 -95.3813
v  -53.7665 73.7178 -88.9079
v  -57.5039 71.2822 -95.3813
v  -53.7665 73.7178 -88.9079
v  -52.2539 73.7178 -86.2881
v  -57.5039 71.2822 -95.3813
v  -52.2539 73.7178 -86.2881
v  -47.0039 73.7178 -77.1948
v  -57.5039 71.2822 -95.3813
v  -47.0039 71.2822 -77.1948
v  -57.5039 71.2822 -95.3813
v  -47.0039 73.7178 -77.1948
v  -59.2812 89.6183 -85.7239
v  -61.1078 88.4005 -84.6693
v  -51.9398 74.9355 -89.9625
v  -53.7665 73.7178 -88.9079
v  -51.9398 74.9355 -89.9625
v  -61.1078 88.4005 -84.6693
v  -45.1773 74.9355 -78.2494
v  -50.4273 74.9355 -87.3427
v  -43.3507 73.7178 -79.304
v  -50.4273 74.9355 -87.3427
v  -51.9398 74.9355 -89.9625
v  -43.3507 73.7178 -79.304
v  -43.3507 73.7178 -79.304
v  -51.9398 74.9355 -89.9625
v  -53.8507 73.7178 -97.4906
v  -55.6773 74.9355 -96.4359
v  -53.8507 73.7178 -97.4906
v  -51.9398 74.9355 -89.9625
v  -45.1773 74.9355 -78.2494
v  -47.0039 73.7178 -77.1948
v  -50.4273 74.9355 -87.3427
v  -52.2539 73.7178 -86.2881
v  -50.4273 74.9355 -87.3427
v  -47.0039 73.7178 -77.1948
v  -53.7665 73.7178 -88.9079
v  -61.1078 88.4005 -84.6693
v  -52.2539 73.7178 -86.2881
v  -61.1078 88.4005 -84.6693
v  -62.0414 90.2676 -84.1303
v  -52.2539 73.7178 -86.2881
v  -62.0414 90.2676 -84.1303
v  -70.3833 106.951 -79.3141
v  -52.2539 73.7178 -86.2881
v  -68.8708 106.951 -76.6943
v  -52.2539 73.7178 -86.2881
v  -70.3833 106.951 -79.3141
v  -123.061 90.2676 -189.82
v  -102.612 90.2676 -154.4
v  -123.345 88.4005 -192.468
v  -102.612 90.2676 -154.4
v  -101.675 90.2676 -152.778
v  -123.345 88.4005 -192.468
v  -101.675 90.2676 -152.778
v  -81.3821 90.2676 -117.629
v  -123.345 88.4005 -192.468
v  -81.3821 90.2676 -117.629
v  -80.1644 90.2676 -115.52
v  -123.345 88.4005 -192.468
v  -123.345 88.4005 -192.468
v  -80.1644 90.2676 -115.52
v  -61.1078 88.4005 -84.6693
v  -62.0414 90.2676 -84.1303
v  -61.1078 88.4005 -84.6693
v  -80.1644 90.2676 -115.52
v  -123.345 88.4005 -192.468
v  -132.621 106.951 -187.113
v  -123.061 90.2676 -189.82
v  -131.403 106.951 -185.003
v  -123.061 90.2676 -189.82
v  -132.621 106.951 -187.113
v  -102.612 90.2676 -154.4
v  -110.954 106.951 -149.584
v  -101.675 90.2676 -152.778
v  -110.017 106.951 -147.962
v  -101.675 90.2676 -152.778
v  -110.954 106.951 -149.584
v  -81.3821 90.2676 -117.629
v  -89.7241 106.951 -112.813
v  -80.1644 90.2676 -115.52
v  -88.5063 106.951 -110.704
v  -80.1644 90.2676 -115.52
v  -89.7241 106.951 -112.813
v  -45.1773 70.0645 -78.2494
v  -50.4273 70.0645 -87.3427
v  -47.0039 71.2822 -77.1948
v  -50.4273 70.0645 -87.3427
v  -51.9384 70.0645 -89.9599
v  -47.0039 71.2822 -77.1948
v  -51.9384 70.0645 -89.9599
v  -55.6773 70.0645 -96.4359
v  -47.0039 71.2822 -77.1948
v  -57.5039 71.2822 -95.3813
v  -47.0039 71.2822 -77.1948
v  -55.6773 70.0645 -96.4359
v  -59.2812 89.6183 -85.7239
v  -121.519 89.6183 -193.522
v  -61.1078 88.4005 -84.6693
v  -123.345 88.4005 -192.468
v  -61.1078 88.4005 -84.6693
v  -121.519 89.6183 -193.522
v  -79.5555 91.4854 -118.684
v  -78.3378 91.4854 -116.575
v  -87.8975 108.169 -113.868
v  -86.6797 108.169 -111.759
v  -87.8975 108.169 -113.868
v  -78.3378 91.4854 -116.575
v  -100.785 91.4854 -155.455
v  -99.8486 91.4854 -153.833
v  -109.127 108.169 -150.639
v  -108.191 108.169 -149.017
v  -109.127 108.169 -150.639
v  -99.8486 91.4854 -153.833
v  -121.519 89.6183 -193.522
v  -121.234 91.4854 -190.874
v  -130.794 108.169 -188.167
v  -129.576 108.169 -186.058
v  -130.794 108.169 -188.167
v  -121.234 91.4854 -190.874
v  -121.234 91.4854 -190.874
v  -121.519 89.6183 -193.522
v  -100.785 91.4854 -155.455
v  -100.785 91.4854 -155.455
v  -121.519 89.6183 -193.522
v  -99.8486 91.4854 -153.833
v  -99.8486 91.4854 -153.833
v  -121.519 89.6183 -193.522
v  -79.5555 91.4854 -118.684
v  -79.5555 91.4854 -118.684
v  -121.519 89.6183 -193.522
v  -78.3378 91.4854 -116.575
v  -121.519 89.6183 -193.522
v  -59.2812 89.6183 -85.7239
v  -78.3378 91.4854 -116.575
v  -60.2148 91.4854 -85.1849
v  -78.3378 91.4854 -116.575
v  -59.2812 89.6183 -85.7239
v  -51.9398 74.9355 -89.9625
v  -50.4273 74.9355 -87.3427
v  -59.2812 89.6183 -85.7239
v  -59.2812 89.6183 -85.7239
v  -50.4273 74.9355 -87.3427
v  -60.2148 91.4854 -85.1849
v  -60.2148 91.4854 -85.1849
v  -50.4273 74.9355 -87.3427
v  -68.5567 108.169 -80.3687
v  -67.0442 108.169 -77.7489
v  -68.5567 108.169 -80.3687
v  -50.4273 74.9355 -87.3427
v  -53.8507 71.2822 -97.4906
v  -50.1117 71.2822 -91.0145
v  -53.8507 73.7178 -97.4906
v  -50.1117 71.2822 -91.0145
v  -48.6007 71.2822 -88.3973
v  -53.8507 73.7178 -97.4906
v  -53.8507 73.7178 -97.4906
v  -48.6007 71.2822 -88.3973
v  -43.3507 73.7178 -79.304
v  -43.3507 71.2822 -79.304
v  -43.3507 73.7178 -79.304
v  -48.6007 71.2822 -88.3973
v  -67.0442 108.169 -77.7489
v  -50.4273 74.9355 -87.3427
v  -68.8708 106.951 -76.6943
v  -52.2539 73.7178 -86.2881
v  -68.8708 106.951 -76.6943
v  -50.4273 74.9355 -87.3427
v  -67.0442 108.169 -77.7489
v  -68.8708 106.951 -76.6943
v  -68.5567 108.169 -80.3687
v  -70.3833 106.951 -79.3141
v  -68.5567 108.169 -80.3687
v  -68.8708 106.951 -76.6943
v  -68.5567 108.169 -80.3687
v  -70.3833 106.951 -79.3141
v  -60.2148 91.4854 -85.1849
v  -62.0414 90.2676 -84.1303
v  -60.2148 91.4854 -85.1849
v  -70.3833 106.951 -79.3141
v  -60.2148 91.4854 -85.1849
v  -62.0414 90.2676 -84.1303
v  -78.3378 91.4854 -116.575
v  -80.1644 90.2676 -115.52
v  -78.3378 91.4854 -116.575
v  -62.0414 90.2676 -84.1303
v  -86.6797 108.169 -111.759
v  -78.3378 91.4854 -116.575
v  -88.5063 106.951 -110.704
v  -80.1644 90.2676 -115.52
v  -88.5063 106.951 -110.704
v  -78.3378 91.4854 -116.575
v  -86.6797 108.169 -111.759
v  -88.5063 106.951 -110.704
v  -87.8975 108.169 -113.868
v  -89.7241 106.951 -112.813
v  -87.8975 108.169 -113.868
v  -88.5063 106.951 -110.704
v  -87.8975 108.169 -113.868
v  -89.7241 106.951 -112.813
v  -79.5555 91.4854 -118.684
v  -81.3821 90.2676 -117.629
v  -79.5555 91.4854 -118.684
v  -89.7241 106.951 -112.813
v  -79.5555 91.4854 -118.684
v  -81.3821 90.2676 -117.629
v  -99.8486 91.4854 -153.833
v  -101.675 90.2676 -152.778
v  -99.8486 91.4854 -153.833
v  -81.3821 90.2676 -117.629
v  -108.191 108.169 -149.017
v  -99.8486 91.4854 -153.833
v  -110.017 106.951 -147.962
v  -101.675 90.2676 -152.778
v  -110.017 106.951 -147.962
v  -99.8486 91.4854 -153.833
v  -108.191 108.169 -149.017
v  -110.017 106.951 -147.962
v  -109.127 108.169 -150.639
v  -110.954 106.951 -149.584
v  -109.127 108.169 -150.639
v  -110.017 106.951 -147.962
v  -109.127 108.169 -150.639
v  -110.954 106.951 -149.584
v  -100.785 91.4854 -155.455
v  -102.612 90.2676 -154.4
v  -100.785 91.4854 -155.455
v  -110.954 106.951 -149.584
v  -100.785 91.4854 -155.455
v  -102.612 90.2676 -154.4
v  -121.234 91.4854 -190.874
v  -123.061 90.2676 -189.82
v  -121.234 91.4854 -190.874
v  -102.612 90.2676 -154.4
v  -129.576 108.169 -186.058
v  -121.234 91.4854 -190.874
v  -131.403 106.951 -185.003
v  -123.061 90.2676 -189.82
v  -131.403 106.951 -185.003
v  -121.234 91.4854 -190.874
v  -129.576 108.169 -186.058
v  -131.403 106.951 -185.003
v  -130.794 108.169 -188.167
v  -132.621 106.951 -187.113
v  -130.794 108.169 -188.167
v  -131.403 106.951 -185.003
v  -130.794 108.169 -188.167
v  -132.621 106.951 -187.113
v  -121.519 89.6183 -193.522
v  -123.345 88.4005 -192.468
v  -121.519 89.6183 -193.522
v  -132.621 106.951 -187.113
v  -50.1117 71.2822 -91.0145
v  -53.8507 71.2822 -97.4906
v  -51.9384 70.0645 -89.9599
v  -55.6773 70.0645 -96.4359
v  -51.9384 70.0645 -89.9599
v  -53.8507 71.2822 -97.4906
v  -56.5308 40.7279 -131.789
v  -63.8649 55.3962 -127.555
v  -55.2791 40.7279 -129.621
v  -62.6133 55.3962 -125.387
v  -55.2791 40.7279 -129.621
v  -63.8649 55.3962 -127.555
v  -77.6621 40.7279 -168.39
v  -84.9963 55.3962 -164.155
v  -76.6293 40.7279 -166.601
v  -83.9634 55.3962 -162.366
v  -76.6293 40.7279 -166.601
v  -84.9963 55.3962 -164.155
v  -99.509 40.7279 -206.23
v  -107.869 57.4481 -201.403
v  -98.4636 40.7279 -204.419
v  -98.4636 40.7279 -204.419
v  -107.869 57.4481 -201.403
v  -105.798 55.3962 -200.185
v  -105.798 55.3962 -200.185
v  -107.869 57.4481 -201.403
v  -84.9963 55.3962 -164.155
v  -84.9963 55.3962 -164.155
v  -107.869 57.4481 -201.403
v  -83.9634 55.3962 -162.366
v  -83.9634 55.3962 -162.366
v  -107.869 57.4481 -201.403
v  -63.8649 55.3962 -127.555
v  -63.8649 55.3962 -127.555
v  -107.869 57.4481 -201.403
v  -62.6133 55.3962 -125.387
v  -62.6133 55.3962 -125.387
v  -107.869 57.4481 -201.403
v  -44.6042 55.3962 -94.1943
v  -45.6302 57.4481 -93.6019
v  -44.6042 55.3962 -94.1943
v  -107.869 57.4481 -201.403
v  -37.2701 40.7279 -98.4286
v  -44.6042 55.3962 -94.1943
v  -35.759 40.7279 -95.8114
v  -44.6042 55.3962 -94.1943
v  -45.6302 57.4481 -93.6019
v  -35.759 40.7279 -95.8114
v  -45.6302 57.4481 -93.6019
v  -51.9384 70.0645 -89.9599
v  -35.759 40.7279 -95.8114
v  -50.4273 70.0645 -87.3427
v  -35.759 40.7279 -95.8114
v  -51.9384 70.0645 -89.9599
v  -43.3507 71.2822 -79.304
v  -48.6007 71.2822 -88.3973
v  -45.1773 70.0645 -78.2494
v  -50.4273 70.0645 -87.3427
v  -45.1773 70.0645 -78.2494
v  -48.6007 71.2822 -88.3973
v  -97.6824 41.9456 -207.284
v  -96.637 41.9456 -205.474
v  -106.042 58.6659 -202.458
v  -96.637 41.9456 -205.474
v  -103.971 56.6139 -201.239
v  -106.042 58.6659 -202.458
v  -103.971 56.6139 -201.239
v  -83.1696 56.6139 -165.21
v  -106.042 58.6659 -202.458
v  -83.1696 56.6139 -165.21
v  -82.1368 56.6139 -163.421
v  -106.042 58.6659 -202.458
v  -82.1368 56.6139 -163.421
v  -62.0383 56.6139 -128.609
v  -106.042 58.6659 -202.458
v  -62.0383 56.6139 -128.609
v  -60.7867 56.6139 -126.442
v  -106.042 58.6659 -202.458
v  -60.7867 56.6139 -126.442
v  -42.7776 56.6139 -95.2489
v  -106.042 58.6659 -202.458
v  -43.8035 58.6659 -94.6565
v  -106.042 58.6659 -202.458
v  -42.7776 56.6139 -95.2489
v  -75.8355 41.9456 -169.444
v  -74.8026 41.9456 -167.655
v  -83.1696 56.6139 -165.21
v  -82.1368 56.6139 -163.421
v  -83.1696 56.6139 -165.21
v  -74.8026 41.9456 -167.655
v  -54.7041 41.9456 -132.844
v  -53.4525 41.9456 -130.676
v  -62.0383 56.6139 -128.609
v  -60.7867 56.6139 -126.442
v  -62.0383 56.6139 -128.609
v  -53.4525 41.9456 -130.676
v  -35.4434 41.9456 -99.4833
v  -33.9324 41.9456 -96.866
v  -42.7776 56.6139 -95.2489
v  -42.7776 56.6139 -95.2489
v  -33.9324 41.9456 -96.866
v  -43.8035 58.6659 -94.6565
v  -43.8035 58.6659 -94.6565
v  -33.9324 41.9456 -96.866
v  -50.1117 71.2822 -91.0145
v  -48.6007 71.2822 -88.3973
v  -50.1117 71.2822 -91.0145
v  -33.9324 41.9456 -96.866
v  -50.1117 71.2822 -91.0145
v  -51.9384 70.0645 -89.9599
v  -43.8035 58.6659 -94.6565
v  -45.6302 57.4481 -93.6019
v  -43.8035 58.6659 -94.6565
v  -51.9384 70.0645 -89.9599
v  -43.8035 58.6659 -94.6565
v  -45.6302 57.4481 -93.6019
v  -106.042 58.6659 -202.458
v  -107.869 57.4481 -201.403
v  -106.042 58.6659 -202.458
v  -45.6302 57.4481 -93.6019
v  -106.042 58.6659 -202.458
v  -107.869 57.4481 -201.403
v  -97.6824 41.9456 -207.284
v  -99.509 40.7279 -206.23
v  -97.6824 41.9456 -207.284
v  -107.869 57.4481 -201.403
v  -96.637 41.9456 -205.474
v  -97.6824 41.9456 -207.284
v  -98.4636 40.7279 -204.419
v  -99.509 40.7279 -206.23
v  -98.4636 40.7279 -204.419
v  -97.6824 41.9456 -207.284
v  -103.971 56.6139 -201.239
v  -96.637 41.9456 -205.474
v  -105.798 55.3962 -200.185
v  -98.4636 40.7279 -204.419
v  -105.798 55.3962 -200.185
v  -96.637 41.9456 -205.474
v  -83.1696 56.6139 -165.21
v  -103.971 56.6139 -201.239
v  -84.9963 55.3962 -164.155
v  -105.798 55.3962 -200.185
v  -84.9963 55.3962 -164.155
v  -103.971 56.6139 -201.239
v  -83.1696 56.6139 -165.21
v  -84.9963 55.3962 -164.155
v  -75.8355 41.9456 -169.444
v  -77.6621 40.7279 -168.39
v  -75.8355 41.9456 -169.444
v  -84.9963 55.3962 -164.155
v  -74.8026 41.9456 -167.655
v  -75.8355 41.9456 -169.444
v  -76.6293 40.7279 -166.601
v  -77.6621 40.7279 -168.39
v  -76.6293 40.7279 -166.601
v  -75.8355 41.9456 -169.444
v  -82.1368 56.6139 -163.421
v  -74.8026 41.9456 -167.655
v  -83.9634 55.3962 -162.366
v  -76.6293 40.7279 -166.601
v  -83.9634 55.3962 -162.366
v  -74.8026 41.9456 -167.655
v  -62.0383 56.6139 -128.609
v  -82.1368 56.6139 -163.421
v  -63.8649 55.3962 -127.555
v  -83.9634 55.3962 -162.366
v  -63.8649 55.3962 -127.555
v  -82.1368 56.6139 -163.421
v  -62.0383 56.6139 -128.609
v  -63.8649 55.3962 -127.555
v  -54.7041 41.9456 -132.844
v  -56.5308 40.7279 -131.789
v  -54.7041 41.9456 -132.844
v  -63.8649 55.3962 -127.555
v  -53.4525 41.9456 -130.676
v  -54.7041 41.9456 -132.844
v  -55.2791 40.7279 -129.621
v  -56.5308 40.7279 -131.789
v  -55.2791 40.7279 -129.621
v  -54.7041 41.9456 -132.844
v  -60.7867 56.6139 -126.442
v  -53.4525 41.9456 -130.676
v  -62.6133 55.3962 -125.387
v  -55.2791 40.7279 -129.621
v  -62.6133 55.3962 -125.387
v  -53.4525 41.9456 -130.676
v  -42.7776 56.6139 -95.2489
v  -60.7867 56.6139 -126.442
v  -44.6042 55.3962 -94.1943
v  -62.6133 55.3962 -125.387
v  -44.6042 55.3962 -94.1943
v  -60.7867 56.6139 -126.442
v  -42.7776 56.6139 -95.2489
v  -44.6042 55.3962 -94.1943
v  -35.4434 41.9456 -99.4833
v  -37.2701 40.7279 -98.4286
v  -35.4434 41.9456 -99.4833
v  -44.6042 55.3962 -94.1943
v  -33.9324 41.9456 -96.866
v  -35.4434 41.9456 -99.4833
v  -35.759 40.7279 -95.8114
v  -37.2701 40.7279 -98.4286
v  -35.759 40.7279 -95.8114
v  -35.4434 41.9456 -99.4833
v  -48.6007 71.2822 -88.3973
v  -33.9324 41.9456 -96.866
v  -50.4273 70.0645 -87.3427
v  -35.759 40.7279 -95.8114
v  -50.4273 70.0645 -87.3427
v  -33.9324 41.9456 -96.866
v  -53.7665 73.7178 -88.9079
v  -57.5039 73.7178 -95.3813
v  -53.7665 73.7178 -88.9079
v  -51.9398 74.9355 -89.9625
v  -51.9398 74.9355 -89.9625
v  -55.6773 74.9355 -96.4359
v  -57.5039 73.7178 -95.3813
v  -55.6773 74.9355 -96.4359
v  -47.0039 71.2822 -77.1948
v  -47.0039 73.7178 -77.1948
v  -47.0039 73.7178 -77.1948
v  -52.2539 73.7178 -86.2881
v  -52.2539 73.7178 -86.2881
v  -53.7665 73.7178 -88.9079
v  -57.5039 71.2822 -95.3813
v  -57.5039 73.7178 -95.3813
v  -47.0039 71.2822 -77.1948
v  -57.5039 71.2822 -95.3813
v  -53.7665 73.7178 -88.9079
v  -61.1078 88.4005 -84.6693
v  -59.2812 89.6183 -85.7239
v  -61.1078 88.4005 -84.6693
v  -51.9398 74.9355 -89.9625
v  -59.2812 89.6183 -85.7239
v  -45.1773 74.9355 -78.2494
v  -43.3507 73.7178 -79.304
v  -43.3507 73.7178 -79.304
v  -53.8507 73.7178 -97.4906
v  -55.6773 74.9355 -96.4359
v  -53.8507 73.7178 -97.4906
v  -50.4273 74.9355 -87.3427
v  -51.9398 74.9355 -89.9625
v  -45.1773 74.9355 -78.2494
v  -50.4273 74.9355 -87.3427
v  -50.4273 74.9355 -87.3427
v  -52.2539 73.7178 -86.2881
v  -47.0039 73.7178 -77.1948
v  -45.1773 74.9355 -78.2494
v  -52.2539 73.7178 -86.2881
v  -68.8708 106.951 -76.6943
v  -68.8708 106.951 -76.6943
v  -70.3833 106.951 -79.3141
v  -62.0414 90.2676 -84.1303
v  -70.3833 106.951 -79.3141
v  -62.0414 90.2676 -84.1303
v  -80.1644 90.2676 -115.52
v  -80.1644 90.2676 -115.52
v  -88.5063 106.951 -110.704
v  -88.5063 106.951 -110.704
v  -89.7241 106.951 -112.813
v  -81.3821 90.2676 -117.629
v  -89.7241 106.951 -112.813
v  -81.3821 90.2676 -117.629
v  -101.675 90.2676 -152.778
v  -101.675 90.2676 -152.778
v  -110.017 106.951 -147.962
v  -110.017 106.951 -147.962
v  -110.954 106.951 -149.584
v  -102.612 90.2676 -154.4
v  -110.954 106.951 -149.584
v  -102.612 90.2676 -154.4
v  -123.061 90.2676 -189.82
v  -123.061 90.2676 -189.82
v  -131.403 106.951 -185.003
v  -131.403 106.951 -185.003
v  -132.621 106.951 -187.113
v  -123.345 88.4005 -192.468
v  -132.621 106.951 -187.113
v  -61.1078 88.4005 -84.6693
v  -123.345 88.4005 -192.468
v  -45.1773 70.0645 -78.2494
v  -47.0039 71.2822 -77.1948
v  -55.6773 70.0645 -96.4359
v  -57.5039 71.2822 -95.3813
v  -51.9384 70.0645 -89.9599
v  -55.6773 70.0645 -96.4359
v  -50.4273 70.0645 -87.3427
v  -51.9384 70.0645 -89.9599
v  -45.1773 70.0645 -78.2494
v  -50.4273 70.0645 -87.3427
v  -121.519 89.6183 -193.522
v  -123.345 88.4005 -192.468
v  -59.2812 89.6183 -85.7239
v  -121.519 89.6183 -193.522
v  -121.519 89.6183 -193.522
v  -130.794 108.169 -188.167
v  -129.576 108.169 -186.058
v  -130.794 108.169 -188.167
v  -121.234 91.4854 -190.874
v  -129.576 108.169 -186.058
v  -100.785 91.4854 -155.455
v  -121.234 91.4854 -190.874
v  -100.785 91.4854 -155.455
v  -109.127 108.169 -150.639
v  -108.191 108.169 -149.017
v  -109.127 108.169 -150.639
v  -99.8486 91.4854 -153.833
v  -108.191 108.169 -149.017
v  -79.5555 91.4854 -118.684
v  -99.8486 91.4854 -153.833
v  -79.5555 91.4854 -118.684
v  -87.8975 108.169 -113.868
v  -86.6797 108.169 -111.759
v  -87.8975 108.169 -113.868
v  -78.3378 91.4854 -116.575
v  -86.6797 108.169 -111.759
v  -60.2148 91.4854 -85.1849
v  -78.3378 91.4854 -116.575
v  -60.2148 91.4854 -85.1849
v  -68.5567 108.169 -80.3687
v  -67.0442 108.169 -77.7489
v  -68.5567 108.169 -80.3687
v  -50.4273 74.9355 -87.3427
v  -67.0442 108.169 -77.7489
v  -43.3507 73.7178 -79.304
v  -43.3507 71.2822 -79.304
v  -43.3507 71.2822 -79.304
v  -48.6007 71.2822 -88.3973
v  -48.6007 71.2822 -88.3973
v  -50.1117 71.2822 -91.0145
v  -50.1117 71.2822 -91.0145
v  -53.8507 71.2822 -97.4906
v  -53.8507 73.7178 -97.4906
v  -53.8507 71.2822 -97.4906
v  -67.0442 108.169 -77.7489
v  -68.8708 106.951 -76.6943
v  -70.3833 106.951 -79.3141
v  -68.5567 108.169 -80.3687
v  -62.0414 90.2676 -84.1303
v  -60.2148 91.4854 -85.1849
v  -78.3378 91.4854 -116.575
v  -80.1644 90.2676 -115.52
v  -86.6797 108.169 -111.759
v  -88.5063 106.951 -110.704
v  -89.7241 106.951 -112.813
v  -87.8975 108.169 -113.868
v  -81.3821 90.2676 -117.629
v  -79.5555 91.4854 -118.684
v  -99.8486 91.4854 -153.833
v  -101.675 90.2676 -152.778
v  -108.191 108.169 -149.017
v  -110.017 106.951 -147.962
v  -110.954 106.951 -149.584
v  -109.127 108.169 -150.639
v  -102.612 90.2676 -154.4
v  -100.785 91.4854 -155.455
v  -121.234 91.4854 -190.874
v  -123.061 90.2676 -189.82
v  -129.576 108.169 -186.058
v  -131.403 106.951 -185.003
v  -132.621 106.951 -187.113
v  -130.794 108.169 -188.167
v  -50.1117 71.2822 -91.0145
v  -51.9384 70.0645 -89.9599
v  -53.8507 71.2822 -97.4906
v  -55.6773 70.0645 -96.4359
v  -51.9384 70.0645 -89.9599
v  -45.6302 57.4481 -93.6019
v  -45.6302 57.4481 -93.6019
v  -107.869 57.4481 -201.403
v  -107.869 57.4481 -201.403
v  -99.509 40.7279 -206.23
v  -98.4636 40.7279 -204.419
v  -99.509 40.7279 -206.23
v  -105.798 55.3962 -200.185
v  -98.4636 40.7279 -204.419
v  -84.9963 55.3962 -164.155
v  -105.798 55.3962 -200.185
v  -84.9963 55.3962 -164.155
v  -77.6621 40.7279 -168.39
v  -76.6293 40.7279 -166.601
v  -77.6621 40.7279 -168.39
v  -83.9634 55.3962 -162.366
v  -76.6293 40.7279 -166.601
v  -63.8649 55.3962 -127.555
v  -83.9634 55.3962 -162.366
v  -63.8649 55.3962 -127.555
v  -56.5308 40.7279 -131.789
v  -55.2791 40.7279 -129.621
v  -56.5308 40.7279 -131.789
v  -62.6133 55.3962 -125.387
v  -55.2791 40.7279 -129.621
v  -44.6042 55.3962 -94.1943
v  -62.6133 55.3962 -125.387
v  -44.6042 55.3962 -94.1943
v  -37.2701 40.7279 -98.4286
v  -35.759 40.7279 -95.8114
v  -37.2701 40.7279 -98.4286
v  -50.4273 70.0645 -87.3427
v  -35.759 40.7279 -95.8114
v  -50.4273 70.0645 -87.3427
v  -48.6007 71.2822 -88.3973
v  -43.3507 71.2822 -79.304
v  -45.1773 70.0645 -78.2494
v  -48.6007 71.2822 -88.3973
v  -33.9324 41.9456 -96.866
v  -33.9324 41.9456 -96.866
v  -35.4434 41.9456 -99.4833
v  -42.7776 56.6139 -95.2489
v  -35.4434 41.9456 -99.4833
v  -42.7776 56.6139 -95.2489
v  -60.7867 56.6139 -126.442
v  -60.7867 56.6139 -126.442
v  -53.4525 41.9456 -130.676
v  -53.4525 41.9456 -130.676
v  -54.7041 41.9456 -132.844
v  -62.0383 56.6139 -128.609
v  -54.7041 41.9456 -132.844
v  -62.0383 56.6139 -128.609
v  -82.1368 56.6139 -163.421
v  -82.1368 56.6139 -163.421
v  -74.8026 41.9456 -167.655
v  -74.8026 41.9456 -167.655
v  -75.8355 41.9456 -169.444
v  -83.1696 56.6139 -165.21
v  -75.8355 41.9456 -169.444
v  -83.1696 56.6139 -165.21
v  -103.971 56.6139 -201.239
v  -103.971 56.6139 -201.239
v  -96.637 41.9456 -205.474
v  -96.637 41.9456 -205.474
v  -97.6824 41.9456 -207.284
v  -106.042 58.6659 -202.458
v  -97.6824 41.9456 -207.284
v  -43.8035 58.6659 -94.6565
v  -106.042 58.6659 -202.458
v  -50.1117 71.2822 -91.0145
v  -43.8035 58.6659 -94.6565
v  -45.6302 57.4481 -93.6019
v  -43.8035 58.6659 -94.6565
v  -107.869 57.4481 -201.403
v  -106.042 58.6659 -202.458
v  -99.509 40.7279 -206.23
v  -97.6824 41.9456 -207.284
v  -96.637 41.9456 -205.474
v  -98.4636 40.7279 -204.419
v  -103.971 56.6139 -201.239
v  -105.798 55.3962 -200.185
v  -83.1696 56.6139 -165.21
v  -84.9963 55.3962 -164.155
v  -75.8355 41.9456 -169.444
v  -77.6621 40.7279 -168.39
v  -76.6293 40.7279 -166.601
v  -74.8026 41.9456 -167.655
v  -83.9634 55.3962 -162.366
v  -82.1368 56.6139 -163.421
v  -62.0383 56.6139 -128.609
v  -63.8649 55.3962 -127.555
v  -54.7041 41.9456 -132.844
v  -56.5308 40.7279 -131.789
v  -55.2791 40.7279 -129.621
v  -53.4525 41.9456 -130.676
v  -62.6133 55.3962 -125.387
v  -60.7867 56.6139 -126.442
v  -42.7776 56.6139 -95.2489
v  -44.6042 55.3962 -94.1943
v  -35.4434 41.9456 -99.4833
v  -37.2701 40.7279 -98.4286
v  -35.759 40.7279 -95.8114
v  -33.9324 41.9456 -96.866
v  -117.74 70.125 -195.704
v  -114.177 70.0645 -197.761
v  -114.177 67.75 -197.761
v  -114.177 70.0645 -197.761
v  -117.74 70.125 -195.704
v  -116.004 71.2822 -196.706
v  -116.004 71.2822 -196.706
v  -117.74 70.125 -195.704
v  -117.74 74.875 -195.704
v  -116.004 71.2822 -196.706
v  -117.74 74.875 -195.704
v  -116.004 73.7178 -196.706
v  -116.004 73.7178 -196.706
v  -117.74 74.875 -195.704
v  -114.177 74.9355 -197.761
v  -114.177 74.9355 -197.761
v  -117.74 74.875 -195.704
v  -114.177 77.25 -197.761
v  -114.177 70.0645 -197.761
v  -110.615 70.125 -199.818
v  -114.177 67.75 -197.761
v  -110.615 70.125 -199.818
v  -114.177 70.0645 -197.761
v  -112.351 71.2822 -198.816
v  -110.615 70.125 -199.818
v  -112.351 71.2822 -198.816
v  -110.615 74.875 -199.818
v  -110.615 74.875 -199.818
v  -112.351 71.2822 -198.816
v  -112.351 73.7178 -198.816
v  -110.615 74.875 -199.818
v  -112.351 73.7178 -198.816
v  -114.177 74.9355 -197.761
v  -110.615 74.875 -199.818
v  -114.177 74.9355 -197.761
v  -114.177 77.25 -197.761
v  -110.615 70.125 -199.818
v  -55.6773 67.75 -96.4359
v  -114.177 67.75 -197.761
v  -55.6773 67.75 -96.4359
v  -110.615 70.125 -199.818
v  -52.1148 70.125 -98.4928
v  -114.177 67.75 -197.761
v  -59.2398 70.125 -94.3791
v  -117.74 70.125 -195.704
v  -59.2398 70.125 -94.3791
v  -114.177 67.75 -197.761
v  -55.6773 67.75 -96.4359
v  -59.2398 74.875 -94.3791
v  -117.74 70.125 -195.704
v  -59.2398 70.125 -94.3791
v  -117.74 70.125 -195.704
v  -59.2398 74.875 -94.3791
v  -117.74 74.875 -195.704
v  -59.2398 74.875 -94.3791
v  -114.177 77.25 -197.761
v  -117.74 74.875 -195.704
v  -114.177 77.25 -197.761
v  -59.2398 74.875 -94.3791
v  -55.6773 77.25 -96.4359
v  -55.6773 77.25 -96.4359
v  -110.615 74.875 -199.818
v  -114.177 77.25 -197.761
v  -110.615 74.875 -199.818
v  -55.6773 77.25 -96.4359
v  -52.1148 74.875 -98.4928
v  -110.615 70.125 -199.818
v  -52.1148 74.875 -98.4928
v  -52.1148 70.125 -98.4928
v  -52.1148 74.875 -98.4928
v  -110.615 70.125 -199.818
v  -110.615 74.875 -199.818
v  -52.1148 70.125 -98.4928
v  -55.6773 70.0645 -96.4359
v  -55.6773 67.75 -96.4359
v  -55.6773 70.0645 -96.4359
v  -52.1148 70.125 -98.4928
v  -53.8507 71.2822 -97.4906
v  -53.8507 71.2822 -97.4906
v  -52.1148 70.125 -98.4928
v  -52.1148 74.875 -98.4928
v  -53.8507 71.2822 -97.4906
v  -52.1148 74.875 -98.4928
v  -53.8507 73.7178 -97.4906
v  -53.8507 73.7178 -97.4906
v  -52.1148 74.875 -98.4928
v  -55.6773 74.9355 -96.4359
v  -55.6773 74.9355 -96.4359
v  -52.1148 74.875 -98.4928
v  -55.6773 77.25 -96.4359
v  -55.6773 70.0645 -96.4359
v  -59.2398 70.125 -94.3791
v  -55.6773 67.75 -96.4359
v  -59.2398 70.125 -94.3791
v  -55.6773 70.0645 -96.4359
v  -57.5039 71.2822 -95.3813
v  -59.2398 70.125 -94.3791
v  -57.5039 71.2822 -95.3813
v  -59.2398 74.875 -94.3791
v  -59.2398 74.875 -94.3791
v  -57.5039 71.2822 -95.3813
v  -57.5039 73.7178 -95.3813
v  -59.2398 74.875 -94.3791
v  -57.5039 73.7178 -95.3813
v  -55.6773 74.9355 -96.4359
v  -59.2398 74.875 -94.3791
v  -55.6773 74.9355 -96.4359
v  -55.6773 77.25 -96.4359
v  -114.177 77.25 -197.761
v  -114.177 74.9355 -197.761
v  -110.615 74.875 -199.818
v  -114.177 74.9355 -197.761
v  -112.351 73.7178 -198.816
v  -110.615 74.875 -199.818
v  -112.351 73.7178 -198.816
v  -112.351 71.2822 -198.816
v  -110.615 74.875 -199.818
v  -110.615 74.875 -199.818
v  -112.351 71.2822 -198.816
v  -110.615 70.125 -199.818
v  -112.351 71.2822 -198.816
v  -114.177 70.0645 -197.761
v  -110.615 70.125 -199.818
v  -114.177 67.75 -197.761
v  -110.615 70.125 -199.818
v  -114.177 70.0645 -197.761
v  -114.177 77.25 -197.761
v  -117.74 74.875 -195.704
v  -114.177 74.9355 -197.761
v  -114.177 74.9355 -197.761
v  -117.74 74.875 -195.704
v  -116.004 73.7178 -196.706
v  -116.004 73.7178 -196.706
v  -117.74 74.875 -195.704
v  -116.004 71.2822 -196.706
v  -117.74 74.875 -195.704
v  -117.74 70.125 -195.704
v  -116.004 71.2822 -196.706
v  -116.004 71.2822 -196.706
v  -117.74 70.125 -195.704
v  -114.177 70.0645 -197.761
v  -114.177 67.75 -197.761
v  -114.177 70.0645 -197.761
v  -117.74 70.125 -195.704
v  -52.1148 70.125 -98.4928
v  -110.615 70.125 -199.818
v  -55.6773 67.75 -96.4359
v  -114.177 67.75 -197.761
v  -55.6773 67.75 -96.4359
v  -110.615 70.125 -199.818
v  -55.6773 67.75 -96.4359
v  -114.177 67.75 -197.761
v  -59.2398 70.125 -94.3791
v  -117.74 70.125 -195.704
v  -59.2398 70.125 -94.3791
v  -114.177 67.75 -197.761
v  -117.74 74.875 -195.704
v  -59.2398 74.875 -94.3791
v  -117.74 70.125 -195.704
v  -59.2398 70.125 -94.3791
v  -117.74 70.125 -195.704
v  -59.2398 74.875 -94.3791
v  -55.6773 77.25 -96.4359
v  -59.2398 74.875 -94.3791
v  -114.177 77.25 -197.761
v  -117.74 74.875 -195.704
v  -114.177 77.25 -197.761
v  -59.2398 74.875 -94.3791
v  -52.1148 74.875 -98.4928
v  -55.6773 77.25 -96.4359
v  -110.615 74.875 -199.818
v  -114.177 77.25 -197.761
v  -110.615 74.875 -199.818
v  -55.6773 77.25 -96.4359
v  -110.615 74.875 -199.818
v  -110.615 70.125 -199.818
v  -52.1148 74.875 -98.4928
v  -52.1148 70.125 -98.4928
v  -52.1148 74.875 -98.4928
v  -110.615 70.125 -199.818
v  -55.6773 77.25 -96.4359
v  -55.6773 74.9355 -96.4359
v  -59.2398 74.875 -94.3791
v  -55.6773 74.9355 -96.4359
v  -57.5039 73.7178 -95.3813
v  -59.2398 74.875 -94.3791
v  -57.5039 73.7178 -95.3813
v  -57.5039 71.2822 -95.3813
v  -59.2398 74.875 -94.3791
v  -59.2398 74.875 -94.3791
v  -57.5039 71.2822 -95.3813
v  -59.2398 70.125 -94.3791
v  -57.5039 71.2822 -95.3813
v  -55.6773 70.0645 -96.4359
v  -59.2398 70.125 -94.3791
v  -55.6773 67.75 -96.4359
v  -59.2398 70.125 -94.3791
v  -55.6773 70.0645 -96.4359
v  -55.6773 77.25 -96.4359
v  -52.1148 74.875 -98.4928
v  -55.6773 74.9355 -96.4359
v  -55.6773 74.9355 -96.4359
v  -52.1148 74.875 -98.4928
v  -53.8507 73.7178 -97.4906
v  -53.8507 73.7178 -97.4906
v  -52.1148 74.875 -98.4928
v  -53.8507 71.2822 -97.4906
v  -52.1148 74.875 -98.4928
v  -52.1148 70.125 -98.4928
v  -53.8507 71.2822 -97.4906
v  -53.8507 71.2822 -97.4906
v  -52.1148 70.125 -98.4928
v  -55.6773 70.0645 -96.4359
v  -55.6773 67.75 -96.4359
v  -55.6773 70.0645 -96.4359
v  -52.1148 70.125 -98.4928
v  -110.615 70.125 -199.818
v  -114.177 67.75 -197.761
v  -114.177 67.75 -197.761
v  -117.74 70.125 -195.704
v  -117.74 70.125 -195.704
v  -117.74 74.875 -195.704
v  -117.74 74.875 -195.704
v  -114.177 77.25 -197.761
v  -114.177 77.25 -197.761
v  -110.615 74.875 -199.818
v  -110.615 74.875 -199.818
v  -110.615 70.125 -199.818
v  -114.177 74.9355 -197.761
v  -112.351 73.7178 -198.816
v  -116.004 73.7178 -196.706
v  -114.177 74.9355 -197.761
v  -116.004 71.2822 -196.706
v  -116.004 73.7178 -196.706
v  -114.177 70.0645 -197.761
v  -116.004 71.2822 -196.706
v  -112.351 71.2822 -198.816
v  -114.177 70.0645 -197.761
v  -112.351 73.7178 -198.816
v  -112.351 71.2822 -198.816
v  -52.1148 70.125 -98.4928
v  -55.6773 67.75 -96.4359
v  -55.6773 67.75 -96.4359
v  -114.177 67.75 -197.761
v  -52.1148 70.125 -98.4928
v  -110.615 70.125 -199.818
v  -55.6773 67.75 -96.4359
v  -59.2398 70.125 -94.3791
v  -59.2398 70.125 -94.3791
v  -117.74 70.125 -195.704
v  -59.2398 70.125 -94.3791
v  -59.2398 74.875 -94.3791
v  -59.2398 74.875 -94.3791
v  -117.74 74.875 -195.704
v  -59.2398 74.875 -94.3791
v  -55.6773 77.25 -96.4359
v  -55.6773 77.25 -96.4359
v  -114.177 77.25 -197.761
v  -55.6773 77.25 -96.4359
v  -52.1148 74.875 -98.4928
v  -52.1148 74.875 -98.4928
v  -110.615 74.875 -199.818
v  -52.1148 74.875 -98.4928
v  -52.1148 70.125 -98.4928
v  -55.6773 74.9355 -96.4359
v  -53.8507 73.7178 -97.4906
v  -53.8507 73.7178 -97.4906
v  -53.8507 71.2822 -97.4906
v  -53.8507 71.2822 -97.4906
v  -55.6773 70.0645 -96.4359
v  -55.6773 70.0645 -96.4359
v  -57.5039 71.2822 -95.3813
v  -57.5039 71.2822 -95.3813
v  -57.5039 73.7178 -95.3813
v  -57.5039 73.7178 -95.3813
v  -55.6773 74.9355 -96.4359
v  32.2569 71.2822 60.089
v  25.8335 70.0645 44.7449
v  34.0836 70.0645 59.0344
v  25.8335 70.0645 44.7449
v  32.2569 71.2822 60.089
v  24.0069 71.2822 45.7996
v  34.0836 70.0645 59.0344
v  27.6602 71.2822 43.6903
v  35.9102 71.2822 57.9798
v  27.6602 71.2822 43.6903
v  34.0836 70.0645 59.0344
v  25.8335 70.0645 44.7449
v  32.2569 71.2822 60.089
v  24.0069 73.7178 45.7996
v  24.0069 71.2822 45.7996
v  24.0069 73.7178 45.7996
v  32.2569 71.2822 60.089
v  32.2569 73.7178 60.089
v  27.6602 73.7178 43.6903
v  35.9102 71.2822 57.9798
v  27.6602 71.2822 43.6903
v  35.9102 71.2822 57.9798
v  27.6602 73.7178 43.6903
v  35.9102 73.7178 57.9798
v  25.8335 74.9355 44.7449
v  32.2569 73.7178 60.089
v  34.0836 74.9355 59.0344
v  32.2569 73.7178 60.089
v  25.8335 74.9355 44.7449
v  24.0069 73.7178 45.7996
v  27.6602 73.7178 43.6903
v  34.0836 74.9355 59.0344
v  35.9102 73.7178 57.9798
v  34.0836 74.9355 59.0344
v  27.6602 73.7178 43.6903
v  25.8335 74.9355 44.7449
v  24.0069 71.2822 45.7996
v  32.2569 71.2822 60.089
v  25.8335 70.0645 44.7449
v  34.0836 70.0645 59.0344
v  25.8335 70.0645 44.7449
v  32.2569 71.2822 60.089
v  25.8335 70.0645 44.7449
v  34.0836 70.0645 59.0344
v  27.6602 71.2822 43.6903
v  35.9102 71.2822 57.9798
v  27.6602 71.2822 43.6903
v  34.0836 70.0645 59.0344
v  32.2569 73.7178 60.089
v  32.2569 71.2822 60.089
v  24.0069 73.7178 45.7996
v  24.0069 71.2822 45.7996
v  24.0069 73.7178 45.7996
v  32.2569 71.2822 60.089
v  35.9102 73.7178 57.9798
v  27.6602 73.7178 43.6903
v  35.9102 71.2822 57.9798
v  27.6602 71.2822 43.6903
v  35.9102 71.2822 57.9798
v  27.6602 73.7178 43.6903
v  24.0069 73.7178 45.7996
v  25.8335 74.9355 44.7449
v  32.2569 73.7178 60.089
v  34.0836 74.9355 59.0344
v  32.2569 73.7178 60.089
v  25.8335 74.9355 44.7449
v  25.8335 74.9355 44.7449
v  27.6602 73.7178 43.6903
v  34.0836 74.9355 59.0344
v  35.9102 73.7178 57.9798
v  34.0836 74.9355 59.0344
v  27.6602 73.7178 43.6903
v  24.0069 71.2822 45.7996
v  25.8335 70.0645 44.7449
v  25.8335 70.0645 44.7449
v  34.0836 70.0645 59.0344
v  32.2569 71.2822 60.089
v  34.0836 70.0645 59.0344
v  24.0069 71.2822 45.7996
v  32.2569 71.2822 60.089
v  25.8335 70.0645 44.7449
v  27.6602 71.2822 43.6903
v  27.6602 71.2822 43.6903
v  35.9102 71.2822 57.9798
v  34.0836 70.0645 59.0344
v  35.9102 71.2822 57.9798
v  24.0069 73.7178 45.7996
v  24.0069 71.2822 45.7996
v  32.2569 73.7178 60.089
v  32.2569 71.2822 60.089
v  24.0069 73.7178 45.7996
v  32.2569 73.7178 60.089
v  27.6602 71.2822 43.6903
v  27.6602 73.7178 43.6903
v  27.6602 73.7178 43.6903
v  35.9102 73.7178 57.9798
v  35.9102 71.2822 57.9798
v  35.9102 73.7178 57.9798
v  25.8335 74.9355 44.7449
v  24.0069 73.7178 45.7996
v  34.0836 74.9355 59.0344
v  32.2569 73.7178 60.089
v  25.8335 74.9355 44.7449
v  34.0836 74.9355 59.0344
v  35.9102 73.7178 57.9798
v  34.0836 74.9355 59.0344
v  27.6602 73.7178 43.6903
v  25.8335 74.9355 44.7449
v  22.271 70.125 46.8018
v  10.2398 74.875 25.963
v  10.2398 70.125 25.963
v  10.2398 74.875 25.963
v  22.271 70.125 46.8018
v  22.271 74.875 46.8018
v  22.271 70.125 46.8018
v  13.8023 67.75 23.9062
v  25.8335 67.75 44.7449
v  13.8023 67.75 23.9062
v  22.271 70.125 46.8018
v  10.2398 70.125 25.963
v  29.396 70.125 42.6881
v  25.8335 70.0645 44.7449
v  25.8335 67.75 44.7449
v  25.8335 70.0645 44.7449
v  29.396 70.125 42.6881
v  27.6602 71.2822 43.6903
v  27.6602 71.2822 43.6903
v  29.396 70.125 42.6881
v  29.396 74.875 42.6881
v  27.6602 71.2822 43.6903
v  29.396 74.875 42.6881
v  27.6602 73.7178 43.6903
v  27.6602 73.7178 43.6903
v  29.396 74.875 42.6881
v  25.8335 74.9355 44.7449
v  25.8335 74.9355 44.7449
v  29.396 74.875 42.6881
v  25.8335 77.25 44.7449
v  25.8335 70.0645 44.7449
v  22.271 70.125 46.8018
v  25.8335 67.75 44.7449
v  22.271 70.125 46.8018
v  25.8335 70.0645 44.7449
v  24.0069 71.2822 45.7996
v  22.271 70.125 46.8018
v  24.0069 71.2822 45.7996
v  22.271 74.875 46.8018
v  22.271 74.875 46.8018
v  24.0069 71.2822 45.7996
v  24.0069 73.7178 45.7996
v  22.271 74.875 46.8018
v  24.0069 73.7178 45.7996
v  25.8335 74.9355 44.7449
v  22.271 74.875 46.8018
v  25.8335 74.9355 44.7449
v  25.8335 77.25 44.7449
v  13.8023 77.25 23.9062
v  22.271 74.875 46.8018
v  25.8335 77.25 44.7449
v  22.271 74.875 46.8018
v  13.8023 77.25 23.9062
v  10.2398 74.875 25.963
v  25.8335 67.75 44.7449
v  17.3648 70.125 21.8494
v  29.396 70.125 42.6881
v  17.3648 70.125 21.8494
v  25.8335 67.75 44.7449
v  13.8023 67.75 23.9062
v  17.3648 74.875 21.8494
v  29.396 70.125 42.6881
v  17.3648 70.125 21.8494
v  29.396 70.125 42.6881
v  17.3648 74.875 21.8494
v  29.396 74.875 42.6881
v  17.3648 74.875 21.8494
v  25.8335 77.25 44.7449
v  29.396 74.875 42.6881
v  25.8335 77.25 44.7449
v  17.3648 74.875 21.8494
v  13.8023 77.25 23.9062
v  22.271 74.875 46.8018
v  22.271 70.125 46.8018
v  10.2398 74.875 25.963
v  10.2398 70.125 25.963
v  10.2398 74.875 25.963
v  22.271 70.125 46.8018
v  10.2398 70.125 25.963
v  22.271 70.125 46.8018
v  13.8023 67.75 23.9062
v  25.8335 67.75 44.7449
v  13.8023 67.75 23.9062
v  22.271 70.125 46.8018
v  25.8335 77.25 44.7449
v  25.8335 74.9355 44.7449
v  22.271 74.875 46.8018
v  25.8335 74.9355 44.7449
v  24.0069 73.7178 45.7996
v  22.271 74.875 46.8018
v  24.0069 73.7178 45.7996
v  24.0069 71.2822 45.7996
v  22.271 74.875 46.8018
v  22.271 74.875 46.8018
v  24.0069 71.2822 45.7996
v  22.271 70.125 46.8018
v  24.0069 71.2822 45.7996
v  25.8335 70.0645 44.7449
v  22.271 70.125 46.8018
v  25.8335 67.75 44.7449
v  22.271 70.125 46.8018
v  25.8335 70.0645 44.7449
v  25.8335 77.25 44.7449
v  29.396 74.875 42.6881
v  25.8335 74.9355 44.7449
v  25.8335 74.9355 44.7449
v  29.396 74.875 42.6881
v  27.6602 73.7178 43.6903
v  27.6602 73.7178 43.6903
v  29.396 74.875 42.6881
v  27.6602 71.2822 43.6903
v  29.396 74.875 42.6881
v  29.396 70.125 42.6881
v  27.6602 71.2822 43.6903
v  27.6602 71.2822 43.6903
v  29.396 70.125 42.6881
v  25.8335 70.0645 44.7449
v  25.8335 67.75 44.7449
v  25.8335 70.0645 44.7449
v  29.396 70.125 42.6881
v  10.2398 74.875 25.963
v  13.8023 77.25 23.9062
v  22.271 74.875 46.8018
v  25.8335 77.25 44.7449
v  22.271 74.875 46.8018
v  13.8023 77.25 23.9062
v  13.8023 67.75 23.9062
v  25.8335 67.75 44.7449
v  17.3648 70.125 21.8494
v  29.396 70.125 42.6881
v  17.3648 70.125 21.8494
v  25.8335 67.75 44.7449
v  29.396 74.875 42.6881
v  17.3648 74.875 21.8494
v  29.396 70.125 42.6881
v  17.3648 70.125 21.8494
v  29.396 70.125 42.6881
v  17.3648 74.875 21.8494
v  13.8023 77.25 23.9062
v  17.3648 74.875 21.8494
v  25.8335 77.25 44.7449
v  29.396 74.875 42.6881
v  25.8335 77.25 44.7449
v  17.3648 74.875 21.8494
v  10.2398 70.125 25.963
v  22.271 70.125 46.8018
v  22.271 70.125 46.8018
v  22.271 74.875 46.8018
v  10.2398 74.875 25.963
v  22.271 74.875 46.8018
v  10.2398 70.125 25.963
v  10.2398 74.875 25.963
v  13.8023 67.75 23.9062
v  10.2398 70.125 25.963
v  13.8023 67.75 23.9062
v  25.8335 67.75 44.7449
v  25.8335 67.75 44.7449
v  22.271 70.125 46.8018
v  29.396 70.125 42.6881
v  25.8335 67.75 44.7449
v  29.396 74.875 42.6881
v  29.396 70.125 42.6881
v  25.8335 77.25 44.7449
v  29.396 74.875 42.6881
v  22.271 74.875 46.8018
v  25.8335 77.25 44.7449
v  25.8335 74.9355 44.7449
v  24.0069 73.7178 45.7996
v  27.6602 73.7178 43.6903
v  25.8335 74.9355 44.7449
v  27.6602 71.2822 43.6903
v  27.6602 73.7178 43.6903
v  25.8335 70.0645 44.7449
v  27.6602 71.2822 43.6903
v  24.0069 71.2822 45.7996
v  25.8335 70.0645 44.7449
v  24.0069 73.7178 45.7996
v  24.0069 71.2822 45.7996
v  10.2398 74.875 25.963
v  13.8023 77.25 23.9062
v  13.8023 77.25 23.9062
v  25.8335 77.25 44.7449
v  17.3648 70.125 21.8494
v  13.8023 67.75 23.9062
v  17.3648 70.125 21.8494
v  29.396 70.125 42.6881
v  17.3648 74.875 21.8494
v  17.3648 70.125 21.8494
v  17.3648 74.875 21.8494
v  29.396 74.875 42.6881
v  13.8023 77.25 23.9062
v  17.3648 74.875 21.8494
v  123.504 71.2822 209.697
v  119.851 71.2822 211.806
v  121.677 70.0645 210.751
v  119.851 71.2822 211.806
v  123.504 71.2822 209.697
v  123.504 73.7178 209.697
v  119.851 71.2822 211.806
v  123.504 73.7178 209.697
v  119.851 73.7178 211.806
v  119.851 73.7178 211.806
v  123.504 73.7178 209.697
v  121.677 74.9355 210.751
v  116.004 73.7178 196.706
v  121.677 74.9355 210.751
v  123.504 73.7178 209.697
v  121.677 74.9355 210.751
v  116.004 73.7178 196.706
v  114.177 74.9355 197.761
v  114.177 74.9355 197.761
v  119.851 73.7178 211.806
v  121.677 74.9355 210.751
v  119.851 73.7178 211.806
v  114.177 74.9355 197.761
v  112.351 73.7178 198.815
v  119.851 71.2822 211.806
v  112.351 73.7178 198.815
v  112.351 71.2822 198.815
v  112.351 73.7178 198.815
v  119.851 71.2822 211.806
v  119.851 73.7178 211.806
v  119.851 71.2822 211.806
v  114.177 70.0645 197.761
v  121.677 70.0645 210.751
v  114.177 70.0645 197.761
v  119.851 71.2822 211.806
v  112.351 71.2822 198.815
v  121.677 70.0645 210.751
v  116.004 71.2822 196.706
v  123.504 71.2822 209.697
v  116.004 71.2822 196.706
v  121.677 70.0645 210.751
v  114.177 70.0645 197.761
v  116.004 73.7178 196.706
v  123.504 71.2822 209.697
v  116.004 71.2822 196.706
v  123.504 71.2822 209.697
v  116.004 73.7178 196.706
v  123.504 73.7178 209.697
v  121.677 74.9355 210.751
v  123.504 73.7178 209.697
v  119.851 73.7178 211.806
v  119.851 73.7178 211.806
v  123.504 73.7178 209.697
v  119.851 71.2822 211.806
v  123.504 73.7178 209.697
v  123.504 71.2822 209.697
v  119.851 71.2822 211.806
v  121.677 70.0645 210.751
v  119.851 71.2822 211.806
v  123.504 71.2822 209.697
v  114.177 74.9355 197.761
v  116.004 73.7178 196.706
v  121.677 74.9355 210.751
v  123.504 73.7178 209.697
v  121.677 74.9355 210.751
v  116.004 73.7178 196.706
v  112.351 73.7178 198.815
v  114.177 74.9355 197.761
v  119.851 73.7178 211.806
v  121.677 74.9355 210.751
v  119.851 73.7178 211.806
v  114.177 74.9355 197.761
v  119.851 73.7178 211.806
v  119.851 71.2822 211.806
v  112.351 73.7178 198.815
v  112.351 71.2822 198.815
v  112.351 73.7178 198.815
v  119.851 71.2822 211.806
v  112.351 71.2822 198.815
v  119.851 71.2822 211.806
v  114.177 70.0645 197.761
v  121.677 70.0645 210.751
v  114.177 70.0645 197.761
v  119.851 71.2822 211.806
v  114.177 70.0645 197.761
v  121.677 70.0645 210.751
v  116.004 71.2822 196.706
v  123.504 71.2822 209.697
v  116.004 71.2822 196.706
v  121.677 70.0645 210.751
v  123.504 73.7178 209.697
v  116.004 73.7178 196.706
v  123.504 71.2822 209.697
v  116.004 71.2822 196.706
v  123.504 71.2822 209.697
v  116.004 73.7178 196.706
v  123.504 73.7178 209.697
v  121.677 74.9355 210.751
v  121.677 74.9355 210.751
v  119.851 73.7178 211.806
v  119.851 73.7178 211.806
v  119.851 71.2822 211.806
v  119.851 71.2822 211.806
v  121.677 70.0645 210.751
v  121.677 70.0645 210.751
v  123.504 71.2822 209.697
v  123.504 71.2822 209.697
v  123.504 73.7178 209.697
v  116.004 73.7178 196.706
v  114.177 74.9355 197.761
v  114.177 74.9355 197.761
v  121.677 74.9355 210.751
v  116.004 73.7178 196.706
v  123.504 73.7178 209.697
v  114.177 74.9355 197.761
v  112.351 73.7178 198.815
v  112.351 73.7178 198.815
v  119.851 73.7178 211.806
v  112.351 73.7178 198.815
v  112.351 71.2822 198.815
v  112.351 71.2822 198.815
v  119.851 71.2822 211.806
v  112.351 71.2822 198.815
v  114.177 70.0645 197.761
v  114.177 70.0645 197.761
v  121.677 70.0645 210.751
v  114.177 70.0645 197.761
v  116.004 71.2822 196.706
v  116.004 71.2822 196.706
v  123.504 71.2822 209.697
v  116.004 71.2822 196.706
v  116.004 73.7178 196.706
v  34.0836 77.25 59.0344
v  41.6148 74.875 80.3061
v  45.1773 77.25 78.2493
v  41.6148 74.875 80.3061
v  34.0836 77.25 59.0344
v  30.521 74.875 61.0912
v  30.521 70.125 61.0912
v  34.0836 70.0645 59.0344
v  34.0836 67.75 59.0344
v  34.0836 70.0645 59.0344
v  30.521 70.125 61.0912
v  32.2569 71.2822 60.089
v  32.2569 71.2822 60.089
v  30.521 70.125 61.0912
v  30.521 74.875 61.0912
v  32.2569 71.2822 60.089
v  30.521 74.875 61.0912
v  32.2569 73.7178 60.089
v  32.2569 73.7178 60.089
v  30.521 74.875 61.0912
v  34.0836 74.9355 59.0344
v  34.0836 74.9355 59.0344
v  30.521 74.875 61.0912
v  34.0836 77.25 59.0344
v  34.0836 70.0645 59.0344
v  37.6461 70.125 56.9776
v  34.0836 67.75 59.0344
v  37.6461 70.125 56.9776
v  34.0836 70.0645 59.0344
v  35.9102 71.2822 57.9798
v  37.6461 70.125 56.9776
v  35.9102 71.2822 57.9798
v  37.6461 74.875 56.9776
v  37.6461 74.875 56.9776
v  35.9102 71.2822 57.9798
v  35.9102 73.7178 57.9798
v  37.6461 74.875 56.9776
v  35.9102 73.7178 57.9798
v  34.0836 74.9355 59.0344
v  37.6461 74.875 56.9776
v  34.0836 74.9355 59.0344
v  34.0836 77.25 59.0344
v  41.6148 70.125 80.3061
v  30.521 74.875 61.0912
v  30.521 70.125 61.0912
v  30.521 74.875 61.0912
v  41.6148 70.125 80.3061
v  41.6148 74.875 80.3061
v  48.7398 70.125 76.1925
v  45.1773 70.0645 78.2493
v  45.1773 67.75 78.2493
v  45.1773 70.0645 78.2493
v  48.7398 70.125 76.1925
v  47.0039 71.2822 77.1947
v  47.0039 71.2822 77.1947
v  48.7398 70.125 76.1925
v  48.7398 74.875 76.1925
v  47.0039 71.2822 77.1947
v  48.7398 74.875 76.1925
v  47.0039 73.7178 77.1947
v  47.0039 73.7178 77.1947
v  48.7398 74.875 76.1925
v  45.1773 74.9355 78.2493
v  45.1773 74.9355 78.2493
v  48.7398 74.875 76.1925
v  45.1773 77.25 78.2493
v  45.1773 70.0645 78.2493
v  41.6148 70.125 80.3061
v  45.1773 67.75 78.2493
v  41.6148 70.125 80.3061
v  45.1773 70.0645 78.2493
v  43.3507 71.2822 79.3039
v  41.6148 70.125 80.3061
v  43.3507 71.2822 79.3039
v  41.6148 74.875 80.3061
v  41.6148 74.875 80.3061
v  43.3507 71.2822 79.3039
v  43.3507 73.7178 79.3039
v  41.6148 74.875 80.3061
v  43.3507 73.7178 79.3039
v  45.1773 74.9355 78.2493
v  41.6148 74.875 80.3061
v  45.1773 74.9355 78.2493
v  45.1773 77.25 78.2493
v  37.6461 74.875 56.9776
v  45.1773 77.25 78.2493
v  48.7398 74.875 76.1925
v  45.1773 77.25 78.2493
v  37.6461 74.875 56.9776
v  34.0836 77.25 59.0344
v  41.6148 70.125 80.3061
v  34.0836 67.75 59.0344
v  45.1773 67.75 78.2493
v  34.0836 67.75 59.0344
v  41.6148 70.125 80.3061
v  30.521 70.125 61.0912
v  37.6461 74.875 56.9776
v  48.7398 70.125 76.1925
v  37.6461 70.125 56.9776
v  48.7398 70.125 76.1925
v  37.6461 74.875 56.9776
v  48.7398 74.875 76.1925
v  45.1773 67.75 78.2493
v  37.6461 70.125 56.9776
v  48.7398 70.125 76.1925
v  37.6461 70.125 56.9776
v  45.1773 67.75 78.2493
v  34.0836 67.75 59.0344
v  30.521 74.875 61.0912
v  34.0836 77.25 59.0344
v  41.6148 74.875 80.3061
v  45.1773 77.25 78.2493
v  41.6148 74.875 80.3061
v  34.0836 77.25 59.0344
v  34.0836 77.25 59.0344
v  34.0836 74.9355 59.0344
v  37.6461 74.875 56.9776
v  34.0836 74.9355 59.0344
v  35.9102 73.7178 57.9798
v  37.6461 74.875 56.9776
v  35.9102 73.7178 57.9798
v  35.9102 71.2822 57.9798
v  37.6461 74.875 56.9776
v  37.6461 74.875 56.9776
v  35.9102 71.2822 57.9798
v  37.6461 70.125 56.9776
v  35.9102 71.2822 57.9798
v  34.0836 70.0645 59.0344
v  37.6461 70.125 56.9776
v  34.0836 67.75 59.0344
v  37.6461 70.125 56.9776
v  34.0836 70.0645 59.0344
v  34.0836 77.25 59.0344
v  30.521 74.875 61.0912
v  34.0836 74.9355 59.0344
v  34.0836 74.9355 59.0344
v  30.521 74.875 61.0912
v  32.2569 73.7178 60.089
v  32.2569 73.7178 60.089
v  30.521 74.875 61.0912
v  32.2569 71.2822 60.089
v  30.521 74.875 61.0912
v  30.521 70.125 61.0912
v  32.2569 71.2822 60.089
v  32.2569 71.2822 60.089
v  30.521 70.125 61.0912
v  34.0836 70.0645 59.0344
v  34.0836 67.75 59.0344
v  34.0836 70.0645 59.0344
v  30.521 70.125 61.0912
v  41.6148 74.875 80.3061
v  41.6148 70.125 80.3061
v  30.521 74.875 61.0912
v  30.521 70.125 61.0912
v  30.521 74.875 61.0912
v  41.6148 70.125 80.3061
v  45.1773 77.25 78.2493
v  45.1773 74.9355 78.2493
v  41.6148 74.875 80.3061
v  45.1773 74.9355 78.2493
v  43.3507 73.7178 79.3039
v  41.6148 74.875 80.3061
v  43.3507 73.7178 79.3039
v  43.3507 71.2822 79.3039
v  41.6148 74.875 80.3061
v  41.6148 74.875 80.3061
v  43.3507 71.2822 79.3039
v  41.6148 70.125 80.3061
v  43.3507 71.2822 79.3039
v  45.1773 70.0645 78.2493
v  41.6148 70.125 80.3061
v  45.1773 67.75 78.2493
v  41.6148 70.125 80.3061
v  45.1773 70.0645 78.2493
v  45.1773 77.25 78.2493
v  48.7398 74.875 76.1925
v  45.1773 74.9355 78.2493
v  45.1773 74.9355 78.2493
v  48.7398 74.875 76.1925
v  47.0039 73.7178 77.1947
v  47.0039 73.7178 77.1947
v  48.7398 74.875 76.1925
v  47.0039 71.2822 77.1947
v  48.7398 74.875 76.1925
v  48.7398 70.125 76.1925
v  47.0039 71.2822 77.1947
v  47.0039 71.2822 77.1947
v  48.7398 70.125 76.1925
v  45.1773 70.0645 78.2493
v  45.1773 67.75 78.2493
v  45.1773 70.0645 78.2493
v  48.7398 70.125 76.1925
v  34.0836 77.25 59.0344
v  37.6461 74.875 56.9776
v  45.1773 77.25 78.2493
v  48.7398 74.875 76.1925
v  45.1773 77.25 78.2493
v  37.6461 74.875 56.9776
v  30.521 70.125 61.0912
v  41.6148 70.125 80.3061
v  34.0836 67.75 59.0344
v  45.1773 67.75 78.2493
v  34.0836 67.75 59.0344
v  41.6148 70.125 80.3061
v  48.7398 74.875 76.1925
v  37.6461 74.875 56.9776
v  48.7398 70.125 76.1925
v  37.6461 70.125 56.9776
v  48.7398 70.125 76.1925
v  37.6461 74.875 56.9776
v  34.0836 67.75 59.0344
v  45.1773 67.75 78.2493
v  37.6461 70.125 56.9776
v  48.7398 70.125 76.1925
v  37.6461 70.125 56.9776
v  45.1773 67.75 78.2493
v  34.0836 77.25 59.0344
v  30.521 74.875 61.0912
v  30.521 74.875 61.0912
v  41.6148 74.875 80.3061
v  45.1773 77.25 78.2493
v  41.6148 74.875 80.3061
v  34.0836 77.25 59.0344
v  45.1773 77.25 78.2493
v  30.521 70.125 61.0912
v  34.0836 67.75 59.0344
v  30.521 74.875 61.0912
v  30.521 70.125 61.0912
v  37.6461 74.875 56.9776
v  34.0836 77.25 59.0344
v  37.6461 70.125 56.9776
v  37.6461 74.875 56.9776
v  34.0836 67.75 59.0344
v  37.6461 70.125 56.9776
v  34.0836 74.9355 59.0344
v  32.2569 73.7178 60.089
v  32.2569 73.7178 60.089
v  32.2569 71.2822 60.089
v  32.2569 71.2822 60.089
v  34.0836 70.0645 59.0344
v  34.0836 70.0645 59.0344
v  35.9102 71.2822 57.9798
v  35.9102 71.2822 57.9798
v  35.9102 73.7178 57.9798
v  35.9102 73.7178 57.9798
v  34.0836 74.9355 59.0344
v  30.521 70.125 61.0912
v  41.6148 70.125 80.3061
v  41.6148 74.875 80.3061
v  41.6148 70.125 80.3061
v  41.6148 70.125 80.3061
v  45.1773 67.75 78.2493
v  45.1773 67.75 78.2493
v  48.7398 70.125 76.1925
v  48.7398 70.125 76.1925
v  48.7398 74.875 76.1925
v  48.7398 74.875 76.1925
v  45.1773 77.25 78.2493
v  45.1773 74.9355 78.2493
v  43.3507 73.7178 79.3039
v  47.0039 73.7178 77.1947
v  45.1773 74.9355 78.2493
v  47.0039 71.2822 77.1947
v  47.0039 73.7178 77.1947
v  45.1773 70.0645 78.2493
v  47.0039 71.2822 77.1947
v  43.3507 71.2822 79.3039
v  45.1773 70.0645 78.2493
v  43.3507 73.7178 79.3039
v  43.3507 71.2822 79.3039
v  37.6461 74.875 56.9776
v  48.7398 74.875 76.1925
v  34.0836 67.75 59.0344
v  45.1773 67.75 78.2493
v  37.6461 70.125 56.9776
v  48.7398 70.125 76.1925
v  53.7665 73.7178 88.9077
v  55.6773 74.9355 96.4358
v  57.5039 73.7178 95.3812
v  55.6773 74.9355 96.4358
v  53.7665 73.7178 88.9077
v  51.9398 74.9355 89.9624
v  47.0039 73.7178 77.1947
v  57.5039 71.2822 95.3812
v  47.0039 71.2822 77.1947
v  57.5039 71.2822 95.3812
v  47.0039 73.7178 77.1947
v  52.2539 73.7178 86.288
v  57.5039 71.2822 95.3812
v  52.2539 73.7178 86.288
v  53.7665 73.7178 88.9077
v  57.5039 71.2822 95.3812
v  53.7665 73.7178 88.9077
v  57.5039 73.7178 95.3812
v  61.1078 88.4005 84.6692
v  51.9398 74.9355 89.9624
v  53.7665 73.7178 88.9077
v  51.9398 74.9355 89.9624
v  61.1078 88.4005 84.6692
v  59.2812 89.6183 85.7238
v  51.9398 74.9355 89.9624
v  53.8507 73.7178 97.4904
v  55.6773 74.9355 96.4358
v  53.8507 73.7178 97.4904
v  51.9398 74.9355 89.9624
v  43.3507 73.7178 79.3039
v  43.3507 73.7178 79.3039
v  51.9398 74.9355 89.9624
v  50.4273 74.9355 87.3426
v  43.3507 73.7178 79.3039
v  50.4273 74.9355 87.3426
v  45.1773 74.9355 78.2493
v  47.0039 73.7178 77.1947
v  50.4273 74.9355 87.3426
v  52.2539 73.7178 86.288
v  50.4273 74.9355 87.3426
v  47.0039 73.7178 77.1947
v  45.1773 74.9355 78.2493
v  89.7241 106.951 112.813
v  80.1644 90.2676 115.52
v  88.5063 106.951 110.704
v  80.1644 90.2676 115.52
v  89.7241 106.951 112.813
v  81.3821 90.2676 117.629
v  110.954 106.951 149.584
v  101.675 90.2676 152.778
v  110.017 106.951 147.962
v  101.675 90.2676 152.778
v  110.954 106.951 149.584
v  102.612 90.2676 154.4
v  132.621 106.951 187.112
v  123.061 90.2676 189.819
v  131.403 106.951 185.003
v  123.061 90.2676 189.819
v  132.621 106.951 187.112
v  123.345 88.4005 192.468
v  80.1644 90.2676 115.52
v  61.1078 88.4005 84.6692
v  62.0414 90.2676 84.1302
v  61.1078 88.4005 84.6692
v  80.1644 90.2676 115.52
v  123.345 88.4005 192.468
v  123.345 88.4005 192.468
v  80.1644 90.2676 115.52
v  81.3821 90.2676 117.629
v  123.345 88.4005 192.468
v  81.3821 90.2676 117.629
v  101.675 90.2676 152.778
v  123.345 88.4005 192.468
v  101.675 90.2676 152.778
v  102.612 90.2676 154.4
v  123.345 88.4005 192.468
v  102.612 90.2676 154.4
v  123.061 90.2676 189.819
v  70.3833 106.951 79.314
v  52.2539 73.7178 86.288
v  68.8708 106.951 76.6942
v  52.2539 73.7178 86.288
v  70.3833 106.951 79.314
v  62.0414 90.2676 84.1302
v  52.2539 73.7178 86.288
v  62.0414 90.2676 84.1302
v  61.1078 88.4005 84.6692
v  52.2539 73.7178 86.288
v  61.1078 88.4005 84.6692
v  53.7665 73.7178 88.9077
v  55.6773 70.0645 96.4358
v  47.0039 71.2822 77.1947
v  57.5039 71.2822 95.3812
v  47.0039 71.2822 77.1947
v  55.6773 70.0645 96.4358
v  51.9384 70.0645 89.9598
v  47.0039 71.2822 77.1947
v  51.9384 70.0645 89.9598
v  50.4273 70.0645 87.3426
v  47.0039 71.2822 77.1947
v  50.4273 70.0645 87.3426
v  45.1773 70.0645 78.2493
v  121.519 89.6183 193.522
v  61.1078 88.4005 84.6692
v  123.345 88.4005 192.468
v  61.1078 88.4005 84.6692
v  121.519 89.6183 193.522
v  59.2812 89.6183 85.7238
v  50.4273 74.9355 87.3426
v  68.5567 108.169 80.3686
v  67.0442 108.169 77.7488
v  68.5567 108.169 80.3686
v  50.4273 74.9355 87.3426
v  60.2148 91.4854 85.1848
v  60.2148 91.4854 85.1848
v  50.4273 74.9355 87.3426
v  59.2812 89.6183 85.7238
v  59.2812 89.6183 85.7238
v  50.4273 74.9355 87.3426
v  51.9398 74.9355 89.9624
v  59.2812 89.6183 85.7238
v  78.3378 91.4854 116.575
v  60.2148 91.4854 85.1848
v  78.3378 91.4854 116.575
v  59.2812 89.6183 85.7238
v  121.519 89.6183 193.522
v  78.3378 91.4854 116.575
v  121.519 89.6183 193.522
v  79.5555 91.4854 118.684
v  79.5555 91.4854 118.684
v  121.519 89.6183 193.522
v  99.8486 91.4854 153.833
v  99.8486 91.4854 153.833
v  121.519 89.6183 193.522
v  100.785 91.4854 155.455
v  100.785 91.4854 155.455
v  121.519 89.6183 193.522
v  121.234 91.4854 190.874
v  121.234 91.4854 190.874
v  130.794 108.169 188.167
v  129.576 108.169 186.058
v  130.794 108.169 188.167
v  121.234 91.4854 190.874
v  121.519 89.6183 193.522
v  99.8486 91.4854 153.833
v  109.127 108.169 150.638
v  108.191 108.169 149.016
v  109.127 108.169 150.638
v  99.8486 91.4854 153.833
v  100.785 91.4854 155.455
v  78.3378 91.4854 116.575
v  87.8975 108.169 113.868
v  86.6797 108.169 111.759
v  87.8975 108.169 113.868
v  78.3378 91.4854 116.575
v  79.5555 91.4854 118.684
v  48.6007 71.2822 88.3972
v  43.3507 73.7178 79.3039
v  43.3507 71.2822 79.3039
v  43.3507 73.7178 79.3039
v  48.6007 71.2822 88.3972
v  53.8507 73.7178 97.4904
v  53.8507 73.7178 97.4904
v  48.6007 71.2822 88.3972
v  50.1117 71.2822 91.0144
v  53.8507 73.7178 97.4904
v  50.1117 71.2822 91.0144
v  53.8507 71.2822 97.4904
v  50.4273 74.9355 87.3426
v  68.8708 106.951 76.6942
v  52.2539 73.7178 86.288
v  68.8708 106.951 76.6942
v  50.4273 74.9355 87.3426
v  67.0442 108.169 77.7488
v  68.8708 106.951 76.6942
v  68.5567 108.169 80.3686
v  70.3833 106.951 79.314
v  68.5567 108.169 80.3686
v  68.8708 106.951 76.6942
v  67.0442 108.169 77.7488
v  70.3833 106.951 79.314
v  60.2148 91.4854 85.1848
v  62.0414 90.2676 84.1302
v  60.2148 91.4854 85.1848
v  70.3833 106.951 79.314
v  68.5567 108.169 80.3686
v  62.0414 90.2676 84.1302
v  78.3378 91.4854 116.575
v  80.1644 90.2676 115.52
v  78.3378 91.4854 116.575
v  62.0414 90.2676 84.1302
v  60.2148 91.4854 85.1848
v  78.3378 91.4854 116.575
v  88.5063 106.951 110.704
v  80.1644 90.2676 115.52
v  88.5063 106.951 110.704
v  78.3378 91.4854 116.575
v  86.6797 108.169 111.759
v  88.5063 106.951 110.704
v  87.8975 108.169 113.868
v  89.7241 106.951 112.813
v  87.8975 108.169 113.868
v  88.5063 106.951 110.704
v  86.6797 108.169 111.759
v  89.7241 106.951 112.813
v  79.5555 91.4854 118.684
v  81.3821 90.2676 117.629
v  79.5555 91.4854 118.684
v  89.7241 106.951 112.813
v  87.8975 108.169 113.868
v  81.3821 90.2676 117.629
v  99.8486 91.4854 153.833
v  101.675 90.2676 152.778
v  99.8486 91.4854 153.833
v  81.3821 90.2676 117.629
v  79.5555 91.4854 118.684
v  99.8486 91.4854 153.833
v  110.017 106.951 147.962
v  101.675 90.2676 152.778
v  110.017 106.951 147.962
v  99.8486 91.4854 153.833
v  108.191 108.169 149.016
v  110.017 106.951 147.962
v  109.127 108.169 150.638
v  110.954 106.951 149.584
v  109.127 108.169 150.638
v  110.017 106.951 147.962
v  108.191 108.169 149.016
v  110.954 106.951 149.584
v  100.785 91.4854 155.455
v  102.612 90.2676 154.4
v  100.785 91.4854 155.455
v  110.954 106.951 149.584
v  109.127 108.169 150.638
v  102.612 90.2676 154.4
v  121.234 91.4854 190.874
v  123.061 90.2676 189.819
v  121.234 91.4854 190.874
v  102.612 90.2676 154.4
v  100.785 91.4854 155.455
v  121.234 91.4854 190.874
v  131.403 106.951 185.003
v  123.061 90.2676 189.819
v  131.403 106.951 185.003
v  121.234 91.4854 190.874
v  129.576 108.169 186.058
v  131.403 106.951 185.003
v  130.794 108.169 188.167
v  132.621 106.951 187.112
v  130.794 108.169 188.167
v  131.403 106.951 185.003
v  129.576 108.169 186.058
v  132.621 106.951 187.112
v  121.519 89.6183 193.522
v  123.345 88.4005 192.468
v  121.519 89.6183 193.522
v  132.621 106.951 187.112
v  130.794 108.169 188.167
v  53.8507 71.2822 97.4904
v  51.9384 70.0645 89.9598
v  55.6773 70.0645 96.4358
v  51.9384 70.0645 89.9598
v  53.8507 71.2822 97.4904
v  50.1117 71.2822 91.0144
v  51.9384 70.0645 89.9598
v  35.759 40.7279 95.8113
v  50.4273 70.0645 87.3426
v  35.759 40.7279 95.8113
v  51.9384 70.0645 89.9598
v  45.6302 57.4481 93.6018
v  35.759 40.7279 95.8113
v  45.6302 57.4481 93.6018
v  44.6042 55.3962 94.1942
v  35.759 40.7279 95.8113
v  44.6042 55.3962 94.1942
v  37.2701 40.7279 98.4285
v  107.869 57.4481 201.403
v  44.6042 55.3962 94.1942
v  45.6302 57.4481 93.6018
v  44.6042 55.3962 94.1942
v  107.869 57.4481 201.403
v  62.6133 55.3962 125.387
v  62.6133 55.3962 125.387
v  107.869 57.4481 201.403
v  63.8649 55.3962 127.555
v  63.8649 55.3962 127.555
v  107.869 57.4481 201.403
v  83.9634 55.3962 162.366
v  83.9634 55.3962 162.366
v  107.869 57.4481 201.403
v  84.9963 55.3962 164.155
v  84.9963 55.3962 164.155
v  107.869 57.4481 201.403
v  105.798 55.3962 200.184
v  105.798 55.3962 200.184
v  107.869 57.4481 201.403
v  98.4636 40.7279 204.419
v  98.4636 40.7279 204.419
v  107.869 57.4481 201.403
v  99.509 40.7279 206.23
v  84.9963 55.3962 164.155
v  76.6293 40.7279 166.601
v  83.9634 55.3962 162.366
v  76.6293 40.7279 166.601
v  84.9963 55.3962 164.155
v  77.6621 40.7279 168.39
v  63.8649 55.3962 127.555
v  55.2791 40.7279 129.621
v  62.6133 55.3962 125.387
v  55.2791 40.7279 129.621
v  63.8649 55.3962 127.555
v  56.5308 40.7279 131.789
v  48.6007 71.2822 88.3972
v  45.1773 70.0645 78.2493
v  50.4273 70.0645 87.3426
v  45.1773 70.0645 78.2493
v  48.6007 71.2822 88.3972
v  43.3507 71.2822 79.3039
v  33.9324 41.9456 96.8659
v  50.1117 71.2822 91.0144
v  48.6007 71.2822 88.3972
v  50.1117 71.2822 91.0144
v  33.9324 41.9456 96.8659
v  43.8035 58.6659 94.6564
v  43.8035 58.6659 94.6564
v  33.9324 41.9456 96.8659
v  42.7776 56.6139 95.2488
v  42.7776 56.6139 95.2488
v  33.9324 41.9456 96.8659
v  35.4434 41.9456 99.4832
v  53.4525 41.9456 130.676
v  62.0383 56.6139 128.609
v  60.7867 56.6139 126.441
v  62.0383 56.6139 128.609
v  53.4525 41.9456 130.676
v  54.7041 41.9456 132.844
v  74.8026 41.9456 167.655
v  83.1696 56.6139 165.21
v  82.1368 56.6139 163.421
v  83.1696 56.6139 165.21
v  74.8026 41.9456 167.655
v  75.8355 41.9456 169.444
v  42.7776 56.6139 95.2488
v  106.042 58.6659 202.457
v  43.8035 58.6659 94.6564
v  106.042 58.6659 202.457
v  42.7776 56.6139 95.2488
v  60.7867 56.6139 126.441
v  106.042 58.6659 202.457
v  60.7867 56.6139 126.441
v  62.0383 56.6139 128.609
v  106.042 58.6659 202.457
v  62.0383 56.6139 128.609
v  82.1368 56.6139 163.421
v  106.042 58.6659 202.457
v  82.1368 56.6139 163.421
v  83.1696 56.6139 165.21
v  106.042 58.6659 202.457
v  83.1696 56.6139 165.21
v  103.971 56.6139 201.239
v  106.042 58.6659 202.457
v  103.971 56.6139 201.239
v  96.637 41.9456 205.473
v  106.042 58.6659 202.457
v  96.637 41.9456 205.473
v  97.6824 41.9456 207.284
v  51.9384 70.0645 89.9598
v  43.8035 58.6659 94.6564
v  45.6302 57.4481 93.6018
v  43.8035 58.6659 94.6564
v  51.9384 70.0645 89.9598
v  50.1117 71.2822 91.0144
v  45.6302 57.4481 93.6018
v  106.042 58.6659 202.457
v  107.869 57.4481 201.403
v  106.042 58.6659 202.457
v  45.6302 57.4481 93.6018
v  43.8035 58.6659 94.6564
v  107.869 57.4481 201.403
v  97.6824 41.9456 207.284
v  99.509 40.7279 206.23
v  97.6824 41.9456 207.284
v  107.869 57.4481 201.403
v  106.042 58.6659 202.457
v  97.6824 41.9456 207.284
v  98.4636 40.7279 204.419
v  99.509 40.7279 206.23
v  98.4636 40.7279 204.419
v  97.6824 41.9456 207.284
v  96.637 41.9456 205.473
v  96.637 41.9456 205.473
v  105.798 55.3962 200.184
v  98.4636 40.7279 204.419
v  105.798 55.3962 200.184
v  96.637 41.9456 205.473
v  103.971 56.6139 201.239
v  103.971 56.6139 201.239
v  84.9963 55.3962 164.155
v  105.798 55.3962 200.184
v  84.9963 55.3962 164.155
v  103.971 56.6139 201.239
v  83.1696 56.6139 165.21
v  84.9963 55.3962 164.155
v  75.8355 41.9456 169.444
v  77.6621 40.7279 168.39
v  75.8355 41.9456 169.444
v  84.9963 55.3962 164.155
v  83.1696 56.6139 165.21
v  75.8355 41.9456 169.444
v  76.6293 40.7279 166.601
v  77.6621 40.7279 168.39
v  76.6293 40.7279 166.601
v  75.8355 41.9456 169.444
v  74.8026 41.9456 167.655
v  74.8026 41.9456 167.655
v  83.9634 55.3962 162.366
v  76.6293 40.7279 166.601
v  83.9634 55.3962 162.366
v  74.8026 41.9456 167.655
v  82.1368 56.6139 163.421
v  82.1368 56.6139 163.421
v  63.8649 55.3962 127.555
v  83.9634 55.3962 162.366
v  63.8649 55.3962 127.555
v  82.1368 56.6139 163.421
v  62.0383 56.6139 128.609
v  63.8649 55.3962 127.555
v  54.7041 41.9456 132.844
v  56.5308 40.7279 131.789
v  54.7041 41.9456 132.844
v  63.8649 55.3962 127.555
v  62.0383 56.6139 128.609
v  54.7041 41.9456 132.844
v  55.2791 40.7279 129.621
v  56.5308 40.7279 131.789
v  55.2791 40.7279 129.621
v  54.7041 41.9456 132.844
v  53.4525 41.9456 130.676
v  53.4525 41.9456 130.676
v  62.6133 55.3962 125.387
v  55.2791 40.7279 129.621
v  62.6133 55.3962 125.387
v  53.4525 41.9456 130.676
v  60.7867 56.6139 126.441
v  60.7867 56.6139 126.441
v  44.6042 55.3962 94.1942
v  62.6133 55.3962 125.387
v  44.6042 55.3962 94.1942
v  60.7867 56.6139 126.441
v  42.7776 56.6139 95.2488
v  44.6042 55.3962 94.1942
v  35.4434 41.9456 99.4832
v  37.2701 40.7279 98.4285
v  35.4434 41.9456 99.4832
v  44.6042 55.3962 94.1942
v  42.7776 56.6139 95.2488
v  35.4434 41.9456 99.4832
v  35.759 40.7279 95.8113
v  37.2701 40.7279 98.4285
v  35.759 40.7279 95.8113
v  35.4434 41.9456 99.4832
v  33.9324 41.9456 96.8659
v  33.9324 41.9456 96.8659
v  50.4273 70.0645 87.3426
v  35.759 40.7279 95.8113
v  50.4273 70.0645 87.3426
v  33.9324 41.9456 96.8659
v  48.6007 71.2822 88.3972
v  51.9398 74.9355 89.9624
v  53.7665 73.7178 88.9077
v  55.6773 74.9355 96.4358
v  57.5039 73.7178 95.3812
v  55.6773 74.9355 96.4358
v  53.7665 73.7178 88.9077
v  57.5039 73.7178 95.3812
v  53.7665 73.7178 88.9077
v  57.5039 71.2822 95.3812
v  53.7665 73.7178 88.9077
v  52.2539 73.7178 86.288
v  57.5039 71.2822 95.3812
v  52.2539 73.7178 86.288
v  47.0039 73.7178 77.1947
v  57.5039 71.2822 95.3812
v  47.0039 71.2822 77.1947
v  57.5039 71.2822 95.3812
v  47.0039 73.7178 77.1947
v  59.2812 89.6183 85.7238
v  61.1078 88.4005 84.6692
v  51.9398 74.9355 89.9624
v  53.7665 73.7178 88.9077
v  51.9398 74.9355 89.9624
v  61.1078 88.4005 84.6692
v  45.1773 74.9355 78.2493
v  50.4273 74.9355 87.3426
v  43.3507 73.7178 79.3039
v  50.4273 74.9355 87.3426
v  51.9398 74.9355 89.9624
v  43.3507 73.7178 79.3039
v  43.3507 73.7178 79.3039
v  51.9398 74.9355 89.9624
v  53.8507 73.7178 97.4904
v  55.6773 74.9355 96.4358
v  53.8507 73.7178 97.4904
v  51.9398 74.9355 89.9624
v  45.1773 74.9355 78.2493
v  47.0039 73.7178 77.1947
v  50.4273 74.9355 87.3426
v  52.2539 73.7178 86.288
v  50.4273 74.9355 87.3426
v  47.0039 73.7178 77.1947
v  53.7665 73.7178 88.9077
v  61.1078 88.4005 84.6692
v  52.2539 73.7178 86.288
v  61.1078 88.4005 84.6692
v  62.0414 90.2676 84.1302
v  52.2539 73.7178 86.288
v  62.0414 90.2676 84.1302
v  70.3833 106.951 79.314
v  52.2539 73.7178 86.288
v  68.8708 106.951 76.6942
v  52.2539 73.7178 86.288
v  70.3833 106.951 79.314
v  123.061 90.2676 189.819
v  102.612 90.2676 154.4
v  123.345 88.4005 192.468
v  102.612 90.2676 154.4
v  101.675 90.2676 152.778
v  123.345 88.4005 192.468
v  101.675 90.2676 152.778
v  81.3821 90.2676 117.629
v  123.345 88.4005 192.468
v  81.3821 90.2676 117.629
v  80.1644 90.2676 115.52
v  123.345 88.4005 192.468
v  123.345 88.4005 192.468
v  80.1644 90.2676 115.52
v  61.1078 88.4005 84.6692
v  62.0414 90.2676 84.1302
v  61.1078 88.4005 84.6692
v  80.1644 90.2676 115.52
v  123.345 88.4005 192.468
v  132.621 106.951 187.112
v  123.061 90.2676 189.819
v  131.403 106.951 185.003
v  123.061 90.2676 189.819
v  132.621 106.951 187.112
v  102.612 90.2676 154.4
v  110.954 106.951 149.584
v  101.675 90.2676 152.778
v  110.017 106.951 147.962
v  101.675 90.2676 152.778
v  110.954 106.951 149.584
v  81.3821 90.2676 117.629
v  89.7241 106.951 112.813
v  80.1644 90.2676 115.52
v  88.5063 106.951 110.704
v  80.1644 90.2676 115.52
v  89.7241 106.951 112.813
v  45.1773 70.0645 78.2493
v  50.4273 70.0645 87.3426
v  47.0039 71.2822 77.1947
v  50.4273 70.0645 87.3426
v  51.9384 70.0645 89.9598
v  47.0039 71.2822 77.1947
v  51.9384 70.0645 89.9598
v  55.6773 70.0645 96.4358
v  47.0039 71.2822 77.1947
v  57.5039 71.2822 95.3812
v  47.0039 71.2822 77.1947
v  55.6773 70.0645 96.4358
v  59.2812 89.6183 85.7238
v  121.519 89.6183 193.522
v  61.1078 88.4005 84.6692
v  123.345 88.4005 192.468
v  61.1078 88.4005 84.6692
v  121.519 89.6183 193.522
v  79.5555 91.4854 118.684
v  78.3378 91.4854 116.575
v  87.8975 108.169 113.868
v  86.6797 108.169 111.759
v  87.8975 108.169 113.868
v  78.3378 91.4854 116.575
v  100.785 91.4854 155.455
v  99.8486 91.4854 153.833
v  109.127 108.169 150.638
v  108.191 108.169 149.016
v  109.127 108.169 150.638
v  99.8486 91.4854 153.833
v  121.519 89.6183 193.522
v  121.234 91.4854 190.874
v  130.794 108.169 188.167
v  129.576 108.169 186.058
v  130.794 108.169 188.167
v  121.234 91.4854 190.874
v  121.234 91.4854 190.874
v  121.519 89.6183 193.522
v  100.785 91.4854 155.455
v  100.785 91.4854 155.455
v  121.519 89.6183 193.522
v  99.8486 91.4854 153.833
v  99.8486 91.4854 153.833
v  121.519 89.6183 193.522
v  79.5555 91.4854 118.684
v  79.5555 91.4854 118.684
v  121.519 89.6183 193.522
v  78.3378 91.4854 116.575
v  121.519 89.6183 193.522
v  59.2812 89.6183 85.7238
v  78.3378 91.4854 116.575
v  60.2148 91.4854 85.1848
v  78.3378 91.4854 116.575
v  59.2812 89.6183 85.7238
v  51.9398 74.9355 89.9624
v  50.4273 74.9355 87.3426
v  59.2812 89.6183 85.7238
v  59.2812 89.6183 85.7238
v  50.4273 74.9355 87.3426
v  60.2148 91.4854 85.1848
v  60.2148 91.4854 85.1848
v  50.4273 74.9355 87.3426
v  68.5567 108.169 80.3686
v  67.0442 108.169 77.7488
v  68.5567 108.169 80.3686
v  50.4273 74.9355 87.3426
v  53.8507 71.2822 97.4904
v  50.1117 71.2822 91.0144
v  53.8507 73.7178 97.4904
v  50.1117 71.2822 91.0144
v  48.6007 71.2822 88.3972
v  53.8507 73.7178 97.4904
v  53.8507 73.7178 97.4904
v  48.6007 71.2822 88.3972
v  43.3507 73.7178 79.3039
v  43.3507 71.2822 79.3039
v  43.3507 73.7178 79.3039
v  48.6007 71.2822 88.3972
v  67.0442 108.169 77.7488
v  50.4273 74.9355 87.3426
v  68.8708 106.951 76.6942
v  52.2539 73.7178 86.288
v  68.8708 106.951 76.6942
v  50.4273 74.9355 87.3426
v  67.0442 108.169 77.7488
v  68.8708 106.951 76.6942
v  68.5567 108.169 80.3686
v  70.3833 106.951 79.314
v  68.5567 108.169 80.3686
v  68.8708 106.951 76.6942
v  68.5567 108.169 80.3686
v  70.3833 106.951 79.314
v  60.2148 91.4854 85.1848
v  62.0414 90.2676 84.1302
v  60.2148 91.4854 85.1848
v  70.3833 106.951 79.314
v  60.2148 91.4854 85.1848
v  62.0414 90.2676 84.1302
v  78.3378 91.4854 116.575
v  80.1644 90.2676 115.52
v  78.3378 91.4854 116.575
v  62.0414 90.2676 84.1302
v  86.6797 108.169 111.759
v  78.3378 91.4854 116.575
v  88.5063 106.951 110.704
v  80.1644 90.2676 115.52
v  88.5063 106.951 110.704
v  78.3378 91.4854 116.575
v  86.6797 108.169 111.759
v  88.5063 106.951 110.704
v  87.8975 108.169 113.868
v  89.7241 106.951 112.813
v  87.8975 108.169 113.868
v  88.5063 106.951 110.704
v  87.8975 108.169 113.868
v  89.7241 106.951 112.813
v  79.5555 91.4854 118.684
v  81.3821 90.2676 117.629
v  79.5555 91.4854 118.684
v  89.7241 106.951 112.813
v  79.5555 91.4854 118.684
v  81.3821 90.2676 117.629
v  99.8486 91.4854 153.833
v  101.675 90.2676 152.778
v  99.8486 91.4854 153.833
v  81.3821 90.2676 117.629
v  108.191 108.169 149.016
v  99.8486 91.4854 153.833
v  110.017 106.951 147.962
v  101.675 90.2676 152.778
v  110.017 106.951 147.962
v  99.8486 91.4854 153.833
v  108.191 108.169 149.016
v  110.017 106.951 147.962
v  109.127 108.169 150.638
v  110.954 106.951 149.584
v  109.127 108.169 150.638
v  110.017 106.951 147.962
v  109.127 108.169 150.638
v  110.954 106.951 149.584
v  100.785 91.4854 155.455
v  102.612 90.2676 154.4
v  100.785 91.4854 155.455
v  110.954 106.951 149.584
v  100.785 91.4854 155.455
v  102.612 90.2676 154.4
v  121.234 91.4854 190.874
v  123.061 90.2676 189.819
v  121.234 91.4854 190.874
v  102.612 90.2676 154.4
v  129.576 108.169 186.058
v  121.234 91.4854 190.874
v  131.403 106.951 185.003
v  123.061 90.2676 189.819
v  131.403 106.951 185.003
v  121.234 91.4854 190.874
v  129.576 108.169 186.058
v  131.403 106.951 185.003
v  130.794 108.169 188.167
v  132.621 106.951 187.112
v  130.794 108.169 188.167
v  131.403 106.951 185.003
v  130.794 108.169 188.167
v  132.621 106.951 187.112
v  121.519 89.6183 193.522
v  123.345 88.4005 192.468
v  121.519 89.6183 193.522
v  132.621 106.951 187.112
v  50.1117 71.2822 91.0144
v  53.8507 71.2822 97.4904
v  51.9384 70.0645 89.9598
v  55.6773 70.0645 96.4358
v  51.9384 70.0645 89.9598
v  53.8507 71.2822 97.4904
v  56.5308 40.7279 131.789
v  63.8649 55.3962 127.555
v  55.2791 40.7279 129.621
v  62.6133 55.3962 125.387
v  55.2791 40.7279 129.621
v  63.8649 55.3962 127.555
v  77.6621 40.7279 168.39
v  84.9963 55.3962 164.155
v  76.6293 40.7279 166.601
v  83.9634 55.3962 162.366
v  76.6293 40.7279 166.601
v  84.9963 55.3962 164.155
v  99.509 40.7279 206.23
v  107.869 57.4481 201.403
v  98.4636 40.7279 204.419
v  98.4636 40.7279 204.419
v  107.869 57.4481 201.403
v  105.798 55.3962 200.184
v  105.798 55.3962 200.184
v  107.869 57.4481 201.403
v  84.9963 55.3962 164.155
v  84.9963 55.3962 164.155
v  107.869 57.4481 201.403
v  83.9634 55.3962 162.366
v  83.9634 55.3962 162.366
v  107.869 57.4481 201.403
v  63.8649 55.3962 127.555
v  63.8649 55.3962 127.555
v  107.869 57.4481 201.403
v  62.6133 55.3962 125.387
v  62.6133 55.3962 125.387
v  107.869 57.4481 201.403
v  44.6042 55.3962 94.1942
v  45.6302 57.4481 93.6018
v  44.6042 55.3962 94.1942
v  107.869 57.4481 201.403
v  37.2701 40.7279 98.4285
v  44.6042 55.3962 94.1942
v  35.759 40.7279 95.8113
v  44.6042 55.3962 94.1942
v  45.6302 57.4481 93.6018
v  35.759 40.7279 95.8113
v  45.6302 57.4481 93.6018
v  51.9384 70.0645 89.9598
v  35.759 40.7279 95.8113
v  50.4273 70.0645 87.3426
v  35.759 40.7279 95.8113
v  51.9384 70.0645 89.9598
v  43.3507 71.2822 79.3039
v  48.6007 71.2822 88.3972
v  45.1773 70.0645 78.2493
v  50.4273 70.0645 87.3426
v  45.1773 70.0645 78.2493
v  48.6007 71.2822 88.3972
v  97.6824 41.9456 207.284
v  96.637 41.9456 205.473
v  106.042 58.6659 202.457
v  96.637 41.9456 205.473
v  103.971 56.6139 201.239
v  106.042 58.6659 202.457
v  103.971 56.6139 201.239
v  83.1696 56.6139 165.21
v  106.042 58.6659 202.457
v  83.1696 56.6139 165.21
v  82.1368 56.6139 163.421
v  106.042 58.6659 202.457
v  82.1368 56.6139 163.421
v  62.0383 56.6139 128.609
v  106.042 58.6659 202.457
v  62.0383 56.6139 128.609
v  60.7867 56.6139 126.441
v  106.042 58.6659 202.457
v  60.7867 56.6139 126.441
v  42.7776 56.6139 95.2488
v  106.042 58.6659 202.457
v  43.8035 58.6659 94.6564
v  106.042 58.6659 202.457
v  42.7776 56.6139 95.2488
v  75.8355 41.9456 169.444
v  74.8026 41.9456 167.655
v  83.1696 56.6139 165.21
v  82.1368 56.6139 163.421
v  83.1696 56.6139 165.21
v  74.8026 41.9456 167.655
v  54.7041 41.9456 132.844
v  53.4525 41.9456 130.676
v  62.0383 56.6139 128.609
v  60.7867 56.6139 126.441
v  62.0383 56.6139 128.609
v  53.4525 41.9456 130.676
v  35.4434 41.9456 99.4832
v  33.9324 41.9456 96.8659
v  42.7776 56.6139 95.2488
v  42.7776 56.6139 95.2488
v  33.9324 41.9456 96.8659
v  43.8035 58.6659 94.6564
v  43.8035 58.6659 94.6564
v  33.9324 41.9456 96.8659
v  50.1117 71.2822 91.0144
v  48.6007 71.2822 88.3972
v  50.1117 71.2822 91.0144
v  33.9324 41.9456 96.8659
v  50.1117 71.2822 91.0144
v  51.9384 70.0645 89.9598
v  43.8035 58.6659 94.6564
v  45.6302 57.4481 93.6018
v  43.8035 58.6659 94.6564
v  51.9384 70.0645 89.9598
v  43.8035 58.6659 94.6564
v  45.6302 57.4481 93.6018
v  106.042 58.6659 202.457
v  107.869 57.4481 201.403
v  106.042 58.6659 202.457
v  45.6302 57.4481 93.6018
v  106.042 58.6659 202.457
v  107.869 57.4481 201.403
v  97.6824 41.9456 207.284
v  99.509 40.7279 206.23
v  97.6824 41.9456 207.284
v  107.869 57.4481 201.403
v  96.637 41.9456 205.473
v  97.6824 41.9456 207.284
v  98.4636 40.7279 204.419
v  99.509 40.7279 206.23
v  98.4636 40.7279 204.419
v  97.6824 41.9456 207.284
v  103.971 56.6139 201.239
v  96.637 41.9456 205.473
v  105.798 55.3962 200.184
v  98.4636 40.7279 204.419
v  105.798 55.3962 200.184
v  96.637 41.9456 205.473
v  83.1696 56.6139 165.21
v  103.971 56.6139 201.239
v  84.9963 55.3962 164.155
v  105.798 55.3962 200.184
v  84.9963 55.3962 164.155
v  103.971 56.6139 201.239
v  83.1696 56.6139 165.21
v  84.9963 55.3962 164.155
v  75.8355 41.9456 169.444
v  77.6621 40.7279 168.39
v  75.8355 41.9456 169.444
v  84.9963 55.3962 164.155
v  74.8026 41.9456 167.655
v  75.8355 41.9456 169.444
v  76.6293 40.7279 166.601
v  77.6621 40.7279 168.39
v  76.6293 40.7279 166.601
v  75.8355 41.9456 169.444
v  82.1368 56.6139 163.421
v  74.8026 41.9456 167.655
v  83.9634 55.3962 162.366
v  76.6293 40.7279 166.601
v  83.9634 55.3962 162.366
v  74.8026 41.9456 167.655
v  62.0383 56.6139 128.609
v  82.1368 56.6139 163.421
v  63.8649 55.3962 127.555
v  83.9634 55.3962 162.366
v  63.8649 55.3962 127.555
v  82.1368 56.6139 163.421
v  62.0383 56.6139 128.609
v  63.8649 55.3962 127.555
v  54.7041 41.9456 132.844
v  56.5308 40.7279 131.789
v  54.7041 41.9456 132.844
v  63.8649 55.3962 127.555
v  53.4525 41.9456 130.676
v  54.7041 41.9456 132.844
v  55.2791 40.7279 129.621
v  56.5308 40.7279 131.789
v  55.2791 40.7279 129.621
v  54.7041 41.9456 132.844
v  60.7867 56.6139 126.441
v  53.4525 41.9456 130.676
v  62.6133 55.3962 125.387
v  55.2791 40.7279 129.621
v  62.6133 55.3962 125.387
v  53.4525 41.9456 130.676
v  42.7776 56.6139 95.2488
v  60.7867 56.6139 126.441
v  44.6042 55.3962 94.1942
v  62.6133 55.3962 125.387
v  44.6042 55.3962 94.1942
v  60.7867 56.6139 126.441
v  42.7776 56.6139 95.2488
v  44.6042 55.3962 94.1942
v  35.4434 41.9456 99.4832
v  37.2701 40.7279 98.4285
v  35.4434 41.9456 99.4832
v  44.6042 55.3962 94.1942
v  33.9324 41.9456 96.8659
v  35.4434 41.9456 99.4832
v  35.759 40.7279 95.8113
v  37.2701 40.7279 98.4285
v  35.759 40.7279 95.8113
v  35.4434 41.9456 99.4832
v  48.6007 71.2822 88.3972
v  33.9324 41.9456 96.8659
v  50.4273 70.0645 87.3426
v  35.759 40.7279 95.8113
v  50.4273 70.0645 87.3426
v  33.9324 41.9456 96.8659
v  53.7665 73.7178 88.9077
v  57.5039 73.7178 95.3812
v  53.7665 73.7178 88.9077
v  51.9398 74.9355 89.9624
v  51.9398 74.9355 89.9624
v  55.6773 74.9355 96.4358
v  57.5039 73.7178 95.3812
v  55.6773 74.9355 96.4358
v  47.0039 71.2822 77.1947
v  47.0039 73.7178 77.1947
v  47.0039 73.7178 77.1947
v  52.2539 73.7178 86.288
v  52.2539 73.7178 86.288
v  53.7665 73.7178 88.9077
v  57.5039 71.2822 95.3812
v  57.5039 73.7178 95.3812
v  47.0039 71.2822 77.1947
v  57.5039 71.2822 95.3812
v  53.7665 73.7178 88.9077
v  61.1078 88.4005 84.6692
v  59.2812 89.6183 85.7238
v  61.1078 88.4005 84.6692
v  51.9398 74.9355 89.9624
v  59.2812 89.6183 85.7238
v  45.1773 74.9355 78.2493
v  43.3507 73.7178 79.3039
v  43.3507 73.7178 79.3039
v  53.8507 73.7178 97.4904
v  55.6773 74.9355 96.4358
v  53.8507 73.7178 97.4904
v  50.4273 74.9355 87.3426
v  51.9398 74.9355 89.9624
v  45.1773 74.9355 78.2493
v  50.4273 74.9355 87.3426
v  50.4273 74.9355 87.3426
v  52.2539 73.7178 86.288
v  47.0039 73.7178 77.1947
v  45.1773 74.9355 78.2493
v  52.2539 73.7178 86.288
v  68.8708 106.951 76.6942
v  68.8708 106.951 76.6942
v  70.3833 106.951 79.314
v  62.0414 90.2676 84.1302
v  70.3833 106.951 79.314
v  62.0414 90.2676 84.1302
v  80.1644 90.2676 115.52
v  80.1644 90.2676 115.52
v  88.5063 106.951 110.704
v  88.5063 106.951 110.704
v  89.7241 106.951 112.813
v  81.3821 90.2676 117.629
v  89.7241 106.951 112.813
v  81.3821 90.2676 117.629
v  101.675 90.2676 152.778
v  101.675 90.2676 152.778
v  110.017 106.951 147.962
v  110.017 106.951 147.962
v  110.954 106.951 149.584
v  102.612 90.2676 154.4
v  110.954 106.951 149.584
v  102.612 90.2676 154.4
v  123.061 90.2676 189.819
v  123.061 90.2676 189.819
v  131.403 106.951 185.003
v  131.403 106.951 185.003
v  132.621 106.951 187.112
v  123.345 88.4005 192.468
v  132.621 106.951 187.112
v  61.1078 88.4005 84.6692
v  123.345 88.4005 192.468
v  45.1773 70.0645 78.2493
v  47.0039 71.2822 77.1947
v  55.6773 70.0645 96.4358
v  57.5039 71.2822 95.3812
v  51.9384 70.0645 89.9598
v  55.6773 70.0645 96.4358
v  50.4273 70.0645 87.3426
v  51.9384 70.0645 89.9598
v  45.1773 70.0645 78.2493
v  50.4273 70.0645 87.3426
v  121.519 89.6183 193.522
v  123.345 88.4005 192.468
v  59.2812 89.6183 85.7238
v  121.519 89.6183 193.522
v  121.519 89.6183 193.522
v  130.794 108.169 188.167
v  129.576 108.169 186.058
v  130.794 108.169 188.167
v  121.234 91.4854 190.874
v  129.576 108.169 186.058
v  100.785 91.4854 155.455
v  121.234 91.4854 190.874
v  100.785 91.4854 155.455
v  109.127 108.169 150.638
v  108.191 108.169 149.016
v  109.127 108.169 150.638
v  99.8486 91.4854 153.833
v  108.191 108.169 149.016
v  79.5555 91.4854 118.684
v  99.8486 91.4854 153.833
v  79.5555 91.4854 118.684
v  87.8975 108.169 113.868
v  86.6797 108.169 111.759
v  87.8975 108.169 113.868
v  78.3378 91.4854 116.575
v  86.6797 108.169 111.759
v  60.2148 91.4854 85.1848
v  78.3378 91.4854 116.575
v  60.2148 91.4854 85.1848
v  68.5567 108.169 80.3686
v  67.0442 108.169 77.7488
v  68.5567 108.169 80.3686
v  50.4273 74.9355 87.3426
v  67.0442 108.169 77.7488
v  43.3507 73.7178 79.3039
v  43.3507 71.2822 79.3039
v  43.3507 71.2822 79.3039
v  48.6007 71.2822 88.3972
v  48.6007 71.2822 88.3972
v  50.1117 71.2822 91.0144
v  50.1117 71.2822 91.0144
v  53.8507 71.2822 97.4904
v  53.8507 73.7178 97.4904
v  53.8507 71.2822 97.4904
v  67.0442 108.169 77.7488
v  68.8708 106.951 76.6942
v  70.3833 106.951 79.314
v  68.5567 108.169 80.3686
v  62.0414 90.2676 84.1302
v  60.2148 91.4854 85.1848
v  78.3378 91.4854 116.575
v  80.1644 90.2676 115.52
v  86.6797 108.169 111.759
v  88.5063 106.951 110.704
v  89.7241 106.951 112.813
v  87.8975 108.169 113.868
v  81.3821 90.2676 117.629
v  79.5555 91.4854 118.684
v  99.8486 91.4854 153.833
v  101.675 90.2676 152.778
v  108.191 108.169 149.016
v  110.017 106.951 147.962
v  110.954 106.951 149.584
v  109.127 108.169 150.638
v  102.612 90.2676 154.4
v  100.785 91.4854 155.455
v  121.234 91.4854 190.874
v  123.061 90.2676 189.819
v  129.576 108.169 186.058
v  131.403 106.951 185.003
v  132.621 106.951 187.112
v  130.794 108.169 188.167
v  50.1117 71.2822 91.0144
v  51.9384 70.0645 89.9598
v  53.8507 71.2822 97.4904
v  55.6773 70.0645 96.4358
v  51.9384 70.0645 89.9598
v  45.6302 57.4481 93.6018
v  45.6302 57.4481 93.6018
v  107.869 57.4481 201.403
v  107.869 57.4481 201.403
v  99.509 40.7279 206.23
v  98.4636 40.7279 204.419
v  99.509 40.7279 206.23
v  105.798 55.3962 200.184
v  98.4636 40.7279 204.419
v  84.9963 55.3962 164.155
v  105.798 55.3962 200.184
v  84.9963 55.3962 164.155
v  77.6621 40.7279 168.39
v  76.6293 40.7279 166.601
v  77.6621 40.7279 168.39
v  83.9634 55.3962 162.366
v  76.6293 40.7279 166.601
v  63.8649 55.3962 127.555
v  83.9634 55.3962 162.366
v  63.8649 55.3962 127.555
v  56.5308 40.7279 131.789
v  55.2791 40.7279 129.621
v  56.5308 40.7279 131.789
v  62.6133 55.3962 125.387
v  55.2791 40.7279 129.621
v  44.6042 55.3962 94.1942
v  62.6133 55.3962 125.387
v  44.6042 55.3962 94.1942
v  37.2701 40.7279 98.4285
v  35.759 40.7279 95.8113
v  37.2701 40.7279 98.4285
v  50.4273 70.0645 87.3426
v  35.759 40.7279 95.8113
v  50.4273 70.0645 87.3426
v  48.6007 71.2822 88.3972
v  43.3507 71.2822 79.3039
v  45.1773 70.0645 78.2493
v  48.6007 71.2822 88.3972
v  33.9324 41.9456 96.8659
v  33.9324 41.9456 96.8659
v  35.4434 41.9456 99.4832
v  42.7776 56.6139 95.2488
v  35.4434 41.9456 99.4832
v  42.7776 56.6139 95.2488
v  60.7867 56.6139 126.441
v  60.7867 56.6139 126.441
v  53.4525 41.9456 130.676
v  53.4525 41.9456 130.676
v  54.7041 41.9456 132.844
v  62.0383 56.6139 128.609
v  54.7041 41.9456 132.844
v  62.0383 56.6139 128.609
v  82.1368 56.6139 163.421
v  82.1368 56.6139 163.421
v  74.8026 41.9456 167.655
v  74.8026 41.9456 167.655
v  75.8355 41.9456 169.444
v  83.1696 56.6139 165.21
v  75.8355 41.9456 169.444
v  83.1696 56.6139 165.21
v  103.971 56.6139 201.239
v  103.971 56.6139 201.239
v  96.637 41.9456 205.473
v  96.637 41.9456 205.473
v  97.6824 41.9456 207.284
v  106.042 58.6659 202.457
v  97.6824 41.9456 207.284
v  43.8035 58.6659 94.6564
v  106.042 58.6659 202.457
v  50.1117 71.2822 91.0144
v  43.8035 58.6659 94.6564
v  45.6302 57.4481 93.6018
v  43.8035 58.6659 94.6564
v  107.869 57.4481 201.403
v  106.042 58.6659 202.457
v  99.509 40.7279 206.23
v  97.6824 41.9456 207.284
v  96.637 41.9456 205.473
v  98.4636 40.7279 204.419
v  103.971 56.6139 201.239
v  105.798 55.3962 200.184
v  83.1696 56.6139 165.21
v  84.9963 55.3962 164.155
v  75.8355 41.9456 169.444
v  77.6621 40.7279 168.39
v  76.6293 40.7279 166.601
v  74.8026 41.9456 167.655
v  83.9634 55.3962 162.366
v  82.1368 56.6139 163.421
v  62.0383 56.6139 128.609
v  63.8649 55.3962 127.555
v  54.7041 41.9456 132.844
v  56.5308 40.7279 131.789
v  55.2791 40.7279 129.621
v  53.4525 41.9456 130.676
v  62.6133 55.3962 125.387
v  60.7867 56.6139 126.441
v  42.7776 56.6139 95.2488
v  44.6042 55.3962 94.1942
v  35.4434 41.9456 99.4832
v  37.2701 40.7279 98.4285
v  35.759 40.7279 95.8113
v  33.9324 41.9456 96.8659
v  117.74 70.125 195.704
v  114.177 70.0645 197.761
v  114.177 67.75 197.761
v  114.177 70.0645 197.761
v  117.74 70.125 195.704
v  116.004 71.2822 196.706
v  116.004 71.2822 196.706
v  117.74 70.125 195.704
v  117.74 74.875 195.704
v  116.004 71.2822 196.706
v  117.74 74.875 195.704
v  116.004 73.7178 196.706
v  116.004 73.7178 196.706
v  117.74 74.875 195.704
v  114.177 74.9355 197.761
v  114.177 74.9355 197.761
v  117.74 74.875 195.704
v  114.177 77.25 197.761
v  114.177 70.0645 197.761
v  110.615 70.125 199.818
v  114.177 67.75 197.761
v  110.615 70.125 199.818
v  114.177 70.0645 197.761
v  112.351 71.2822 198.815
v  110.615 70.125 199.818
v  112.351 71.2822 198.815
v  110.615 74.875 199.818
v  110.615 74.875 199.818
v  112.351 71.2822 198.815
v  112.351 73.7178 198.815
v  110.615 74.875 199.818
v  112.351 73.7178 198.815
v  114.177 74.9355 197.761
v  110.615 74.875 199.818
v  114.177 74.9355 197.761
v  114.177 77.25 197.761
v  110.615 70.125 199.818
v  55.6773 67.75 96.4358
v  114.177 67.75 197.761
v  55.6773 67.75 96.4358
v  110.615 70.125 199.818
v  52.1148 70.125 98.4926
v  114.177 67.75 197.761
v  59.2398 70.125 94.379
v  117.74 70.125 195.704
v  59.2398 70.125 94.379
v  114.177 67.75 197.761
v  55.6773 67.75 96.4358
v  59.2398 74.875 94.379
v  117.74 70.125 195.704
v  59.2398 70.125 94.379
v  117.74 70.125 195.704
v  59.2398 74.875 94.379
v  117.74 74.875 195.704
v  59.2398 74.875 94.379
v  114.177 77.25 197.761
v  117.74 74.875 195.704
v  114.177 77.25 197.761
v  59.2398 74.875 94.379
v  55.6773 77.25 96.4358
v  55.6773 77.25 96.4358
v  110.615 74.875 199.818
v  114.177 77.25 197.761
v  110.615 74.875 199.818
v  55.6773 77.25 96.4358
v  52.1148 74.875 98.4926
v  110.615 70.125 199.818
v  52.1148 74.875 98.4926
v  52.1148 70.125 98.4926
v  52.1148 74.875 98.4926
v  110.615 70.125 199.818
v  110.615 74.875 199.818
v  52.1148 70.125 98.4926
v  55.6773 70.0645 96.4358
v  55.6773 67.75 96.4358
v  55.6773 70.0645 96.4358
v  52.1148 70.125 98.4926
v  53.8507 71.2822 97.4904
v  53.8507 71.2822 97.4904
v  52.1148 70.125 98.4926
v  52.1148 74.875 98.4926
v  53.8507 71.2822 97.4904
v  52.1148 74.875 98.4926
v  53.8507 73.7178 97.4904
v  53.8507 73.7178 97.4904
v  52.1148 74.875 98.4926
v  55.6773 74.9355 96.4358
v  55.6773 74.9355 96.4358
v  52.1148 74.875 98.4926
v  55.6773 77.25 96.4358
v  55.6773 70.0645 96.4358
v  59.2398 70.125 94.379
v  55.6773 67.75 96.4358
v  59.2398 70.125 94.379
v  55.6773 70.0645 96.4358
v  57.5039 71.2822 95.3812
v  59.2398 70.125 94.379
v  57.5039 71.2822 95.3812
v  59.2398 74.875 94.379
v  59.2398 74.875 94.379
v  57.5039 71.2822 95.3812
v  57.5039 73.7178 95.3812
v  59.2398 74.875 94.379
v  57.5039 73.7178 95.3812
v  55.6773 74.9355 96.4358
v  59.2398 74.875 94.379
v  55.6773 74.9355 96.4358
v  55.6773 77.25 96.4358
v  114.177 77.25 197.761
v  114.177 74.9355 197.761
v  110.615 74.875 199.818
v  114.177 74.9355 197.761
v  112.351 73.7178 198.815
v  110.615 74.875 199.818
v  112.351 73.7178 198.815
v  112.351 71.2822 198.815
v  110.615 74.875 199.818
v  110.615 74.875 199.818
v  112.351 71.2822 198.815
v  110.615 70.125 199.818
v  112.351 71.2822 198.815
v  114.177 70.0645 197.761
v  110.615 70.125 199.818
v  114.177 67.75 197.761
v  110.615 70.125 199.818
v  114.177 70.0645 197.761
v  114.177 77.25 197.761
v  117.74 74.875 195.704
v  114.177 74.9355 197.761
v  114.177 74.9355 197.761
v  117.74 74.875 195.704
v  116.004 73.7178 196.706
v  116.004 73.7178 196.706
v  117.74 74.875 195.704
v  116.004 71.2822 196.706
v  117.74 74.875 195.704
v  117.74 70.125 195.704
v  116.004 71.2822 196.706
v  116.004 71.2822 196.706
v  117.74 70.125 195.704
v  114.177 70.0645 197.761
v  114.177 67.75 197.761
v  114.177 70.0645 197.761
v  117.74 70.125 195.704
v  52.1148 70.125 98.4926
v  110.615 70.125 199.818
v  55.6773 67.75 96.4358
v  114.177 67.75 197.761
v  55.6773 67.75 96.4358
v  110.615 70.125 199.818
v  55.6773 67.75 96.4358
v  114.177 67.75 197.761
v  59.2398 70.125 94.379
v  117.74 70.125 195.704
v  59.2398 70.125 94.379
v  114.177 67.75 197.761
v  117.74 74.875 195.704
v  59.2398 74.875 94.379
v  117.74 70.125 195.704
v  59.2398 70.125 94.379
v  117.74 70.125 195.704
v  59.2398 74.875 94.379
v  55.6773 77.25 96.4358
v  59.2398 74.875 94.379
v  114.177 77.25 197.761
v  117.74 74.875 195.704
v  114.177 77.25 197.761
v  59.2398 74.875 94.379
v  52.1148 74.875 98.4926
v  55.6773 77.25 96.4358
v  110.615 74.875 199.818
v  114.177 77.25 197.761
v  110.615 74.875 199.818
v  55.6773 77.25 96.4358
v  110.615 74.875 199.818
v  110.615 70.125 199.818
v  52.1148 74.875 98.4926
v  52.1148 70.125 98.4926
v  52.1148 74.875 98.4926
v  110.615 70.125 199.818
v  55.6773 77.25 96.4358
v  55.6773 74.9355 96.4358
v  59.2398 74.875 94.379
v  55.6773 74.9355 96.4358
v  57.5039 73.7178 95.3812
v  59.2398 74.875 94.379
v  57.5039 73.7178 95.3812
v  57.5039 71.2822 95.3812
v  59.2398 74.875 94.379
v  59.2398 74.875 94.379
v  57.5039 71.2822 95.3812
v  59.2398 70.125 94.379
v  57.5039 71.2822 95.3812
v  55.6773 70.0645 96.4358
v  59.2398 70.125 94.379
v  55.6773 67.75 96.4358
v  59.2398 70.125 94.379
v  55.6773 70.0645 96.4358
v  55.6773 77.25 96.4358
v  52.1148 74.875 98.4926
v  55.6773 74.9355 96.4358
v  55.6773 74.9355 96.4358
v  52.1148 74.875 98.4926
v  53.8507 73.7178 97.4904
v  53.8507 73.7178 97.4904
v  52.1148 74.875 98.4926
v  53.8507 71.2822 97.4904
v  52.1148 74.875 98.4926
v  52.1148 70.125 98.4926
v  53.8507 71.2822 97.4904
v  53.8507 71.2822 97.4904
v  52.1148 70.125 98.4926
v  55.6773 70.0645 96.4358
v  55.6773 67.75 96.4358
v  55.6773 70.0645 96.4358
v  52.1148 70.125 98.4926
v  110.615 70.125 199.818
v  114.177 67.75 197.761
v  114.177 67.75 197.761
v  117.74 70.125 195.704
v  117.74 70.125 195.704
v  117.74 74.875 195.704
v  117.74 74.875 195.704
v  114.177 77.25 197.761
v  114.177 77.25 197.761
v  110.615 74.875 199.818
v  110.615 74.875 199.818
v  110.615 70.125 199.818
v  114.177 74.9355 197.761
v  112.351 73.7178 198.815
v  116.004 73.7178 196.706
v  114.177 74.9355 197.761
v  116.004 71.2822 196.706
v  116.004 73.7178 196.706
v  114.177 70.0645 197.761
v  116.004 71.2822 196.706
v  112.351 71.2822 198.815
v  114.177 70.0645 197.761
v  112.351 73.7178 198.815
v  112.351 71.2822 198.815
v  52.1148 70.125 98.4926
v  55.6773 67.75 96.4358
v  55.6773 67.75 96.4358
v  114.177 67.75 197.761
v  52.1148 70.125 98.4926
v  110.615 70.125 199.818
v  55.6773 67.75 96.4358
v  59.2398 70.125 94.379
v  59.2398 70.125 94.379
v  117.74 70.125 195.704
v  59.2398 70.125 94.379
v  59.2398 74.875 94.379
v  59.2398 74.875 94.379
v  117.74 74.875 195.704
v  59.2398 74.875 94.379
v  55.6773 77.25 96.4358
v  55.6773 77.25 96.4358
v  114.177 77.25 197.761
v  55.6773 77.25 96.4358
v  52.1148 74.875 98.4926
v  52.1148 74.875 98.4926
v  110.615 74.875 199.818
v  52.1148 74.875 98.4926
v  52.1148 70.125 98.4926
v  55.6773 74.9355 96.4358
v  53.8507 73.7178 97.4904
v  53.8507 73.7178 97.4904
v  53.8507 71.2822 97.4904
v  53.8507 71.2822 97.4904
v  55.6773 70.0645 96.4358
v  55.6773 70.0645 96.4358
v  57.5039 71.2822 95.3812
v  57.5039 71.2822 95.3812
v  57.5039 73.7178 95.3812
v  57.5039 73.7178 95.3812
v  55.6773 74.9355 96.4358

# 0 UV coordinates

# 6982 vertex normals
vn -0.866025 -0.5 1.51245e-16
vn -0.866025 0.5 9.09921e-17
vn -0.866025 -0.5 1.51245e-16
vn -0.866025 0.5 9.09921e-17
vn -0.866025 -0.5 1.51245e-16
vn -0.866025 0.5 9.09921e-17
vn -2.85646e-16 -1 3.28197e-16
vn -0.866025 -0.5 1.51245e-16
vn -2.85646e-16 -1 3.28197e-16
vn -0.866025 -0.5 1.51245e-16
vn -2.85646e-16 -1 3.28197e-16
vn -0.866025 -0.5 1.51245e-16
vn -0.866025 -0.5 2.88897e-14
vn -0.866025 0.5 9.09921e-17
vn -0.866025 -0.5 1.51245e-16
vn -0.866025 0.5 9.09921e-17
vn -0.866025 -0.5 2.88897e-14
vn -0.866025 0.5 -2.89647e-14
vn -0.866025 0.5 9.09921e-17
vn 2.85646e-16 1 1.60488e-16
vn -0.866025 0.5 9.09921e-17
vn 2.85646e-16 1 1.60488e-16
vn -0.866025 0.5 9.09921e-17
vn 3.26452e-16 1 1.60488e-16
vn 0.866025 -0.5 1.76953e-16
vn -2.85646e-16 -1 3.28197e-16
vn 0.866025 -0.5 1.76953e-16
vn -2.85646e-16 -1 3.28197e-16
vn 0.866025 -0.5 1.76953e-16
vn -2.85646e-16 -1 3.28197e-16
vn -2.85646e-16 -1 3.28197e-16
vn -0.866025 -0.5 2.88897e-14
vn -0.866025 -0.5 1.51245e-16
vn -0.866025 -0.5 2.88897e-14
vn -2.85646e-16 -1 3.28197e-16
vn -2.85646e-16 -1 5.78051e-14
vn -0.866025 0.5 9.09921e-17
vn -8.16131e-17 1 -5.78675e-14
vn 3.26452e-16 1 1.60488e-16
vn -8.16131e-17 1 -5.78675e-14
vn -0.866025 0.5 9.09921e-17
vn -0.866025 0.5 -2.89647e-14
vn 3.26452e-16 1 1.60488e-16
vn 0.5 0.866025 1.2037e-16
vn 2.85646e-16 1 1.60488e-16
vn 0.5 0.866025 1.2037e-16
vn 3.26452e-16 1 1.60488e-16
vn 0.5 0.866025 1.2037e-16
vn 0.5 0.866025 1.2037e-16
vn 3.26452e-16 1 1.60488e-16
vn 0.866025 0.5 6.94959e-17
vn 0.866025 0.5 6.94959e-17
vn 3.26452e-16 1 1.60488e-16
vn 0.866025 0.5 6.94959e-17
vn 0.866025 0.5 6.94959e-17
vn 3.26452e-16 1 1.60488e-16
vn 0.5 0.866025 1.2037e-16
vn 0.866025 0.5 6.94959e-17
vn 0.5 0.866025 1.2037e-16
vn 0.5 0.866025 1.2037e-16
vn 0.866025 0.5 6.94959e-17
vn 0.866025 -0.5 1.76953e-16
vn 0.866025 -0.5 1.76953e-16
vn 0.866025 -0.5 1.76953e-16
vn 0.866025 0.5 6.94959e-17
vn 0.866025 0.5 6.94959e-17
vn 0.866025 -0.5 2.89154e-14
vn -2.85646e-16 -1 3.28197e-16
vn 0.866025 -0.5 1.76953e-16
vn -2.85646e-16 -1 3.28197e-16
vn 0.866025 -0.5 2.89154e-14
vn -2.85646e-16 -1 5.78051e-14
vn -8.16131e-17 1 -5.78675e-14
vn 0.5 0.866025 1.2037e-16
vn 3.26452e-16 1 1.60488e-16
vn 0.5 0.866025 1.2037e-16
vn -8.16131e-17 1 -5.78675e-14
vn 0.5 0.866025 1.2037e-16
vn 0.5 0.866025 1.2037e-16
vn -8.16131e-17 1 -5.78675e-14
vn 0.866025 0.5 6.94959e-17
vn 0.866025 0.5 6.94959e-17
vn -8.16131e-17 1 -5.78675e-14
vn 0.5 0.866025 -5.00611e-14
vn 0.866025 0.5 6.94959e-17
vn 0.5 0.866025 -5.00611e-14
vn 0.866025 0.5 -2.89028e-14
vn 0.866025 0.5 -2.89028e-14
vn 0.5 0.866025 -5.00611e-14
vn 0.5 0.866025 -5.00611e-14
vn 0.866025 0.5 6.94959e-17
vn 0.866025 -0.5 2.89154e-14
vn 0.866025 -0.5 1.76953e-16
vn 0.866025 -0.5 2.89154e-14
vn 0.866025 0.5 6.94959e-17
vn 0.866025 0.5 -2.89028e-14
vn 0.866025 -0.5 -9.09921e-17
vn 0.866025 0.5 -1.51245e-16
vn 0.866025 -0.5 -9.09921e-17
vn 0.866025 0.5 -1.51245e-16
vn 0.866025 -0.5 -9.09921e-17
vn 0.866025 0.5 -1.51245e-16
vn 0.866025 0.5 -1.51245e-16
vn 2.85646e-16 1 -3.28197e-16
vn 0.866025 0.5 -1.51245e-16
vn 2.85646e-16 1 -3.28197e-16
vn 0.866025 0.5 -1.51245e-16
vn 2.85646e-16 1 -3.28197e-16
vn 0.866025 -0.5 2.89647e-14
vn 0.866025 0.5 -2.88897e-14
vn 0.866025 -0.5 -9.09921e-17
vn 0.866025 0.5 -1.51245e-16
vn 0.866025 -0.5 -9.09921e-17
vn 0.866025 0.5 -2.88897e-14
vn -3.26452e-16 -1 -1.60488e-16
vn 0.866025 -0.5 -9.09921e-17
vn -2.85646e-16 -1 -1.60488e-16
vn 0.866025 -0.5 -9.09921e-17
vn -2.85646e-16 -1 -1.60488e-16
vn 0.866025 -0.5 -9.09921e-17
vn 2.85646e-16 1 -3.28197e-16
vn -0.866025 0.5 -1.76953e-16
vn 2.85646e-16 1 -3.28197e-16
vn -0.866025 0.5 -1.76953e-16
vn 2.85646e-16 1 -3.28197e-16
vn -0.866025 0.5 -1.76953e-16
vn 2.85646e-16 1 -5.78051e-14
vn 2.85646e-16 1 -3.28197e-16
vn 0.866025 0.5 -2.88897e-14
vn 0.866025 0.5 -1.51245e-16
vn 0.866025 0.5 -2.88897e-14
vn 2.85646e-16 1 -3.28197e-16
vn 0.866025 -0.5 2.89647e-14
vn 0.866025 -0.5 -9.09921e-17
vn 8.16131e-17 -1 5.78675e-14
vn -3.26452e-16 -1 -1.60488e-16
vn 8.16131e-17 -1 5.78675e-14
vn 0.866025 -0.5 -9.09921e-17
vn -0.5 -0.866025 -1.2037e-16
vn -0.5 -0.866025 -1.2037e-16
vn -0.866025 -0.5 -6.94959e-17
vn -0.5 -0.866025 -1.2037e-16
vn -3.26452e-16 -1 -1.60488e-16
vn -0.866025 -0.5 -6.94959e-17
vn -0.866025 -0.5 -6.94959e-17
vn -3.26452e-16 -1 -1.60488e-16
vn -0.866025 -0.5 -6.94959e-17
vn -0.866025 -0.5 -6.94959e-17
vn -3.26452e-16 -1 -1.60488e-16
vn -0.5 -0.866025 -1.2037e-16
vn -0.5 -0.866025 -1.2037e-16
vn -3.26452e-16 -1 -1.60488e-16
vn -0.5 -0.866025 -1.2037e-16
vn -2.85646e-16 -1 -1.60488e-16
vn -0.5 -0.866025 -1.2037e-16
vn -3.26452e-16 -1 -1.60488e-16
vn -0.866025 -0.5 -6.94959e-17
vn -0.866025 -0.5 -6.94959e-17
vn -0.866025 0.5 -1.76953e-16
vn -0.866025 0.5 -1.76953e-16
vn -0.866025 0.5 -1.76953e-16
vn -0.866025 -0.5 -6.94959e-17
vn 2.85646e-16 1 -5.78051e-14
vn -0.866025 0.5 -2.89154e-14
vn 2.85646e-16 1 -3.28197e-16
vn -0.866025 0.5 -1.76953e-16
vn 2.85646e-16 1 -3.28197e-16
vn -0.866025 0.5 -2.89154e-14
vn -0.5 -0.866025 5.00611e-14
vn -0.5 -0.866025 5.00611e-14
vn -0.866025 -0.5 2.89028e-14
vn -0.866025 -0.5 2.89028e-14
vn -0.5 -0.866025 5.00611e-14
vn -0.866025 -0.5 -6.94959e-17
vn -0.5 -0.866025 5.00611e-14
vn 8.16131e-17 -1 5.78675e-14
vn -0.866025 -0.5 -6.94959e-17
vn -0.866025 -0.5 -6.94959e-17
vn 8.16131e-17 -1 5.78675e-14
vn -0.5 -0.866025 -1.2037e-16
vn -0.5 -0.866025 -1.2037e-16
vn 8.16131e-17 -1 5.78675e-14
vn -0.5 -0.866025 -1.2037e-16
vn -3.26452e-16 -1 -1.60488e-16
vn -0.5 -0.866025 -1.2037e-16
vn 8.16131e-17 -1 5.78675e-14
vn -0.866025 -0.5 2.89028e-14
vn -0.866025 -0.5 -6.94959e-17
vn -0.866025 0.5 -2.89154e-14
vn -0.866025 0.5 -1.76953e-16
vn -0.866025 0.5 -2.89154e-14
vn -0.866025 -0.5 -6.94959e-17
vn 0 0 0
vn 0 0 0
vn 0 0 0
vn 0 0 0
vn 0 0 0
vn 0 0 0
vn 0 0 0
vn 0 0 0
vn 0 0 0
vn 0 0 0
vn 0 0 0
vn 0 0 0
vn 0 0 0
vn 0 0 0
vn 0 0 0
vn 0 0 0
vn 0 0 0
vn 0 0 0
vn 0 0 0
vn 0 0 0
vn 0 0 0
vn 0 0 0
vn 0 0 0
vn 0 0 0
vn 0 0 0
vn 0 0 0
vn 0 0 0
vn 0 0 0
vn 0 0 0
vn 0 0 0
vn 0 0 0
vn 0 0 0
vn 0 0 0
vn 0 0 0
vn 0 0 0
vn 0 0 0
vn 0 0 0
vn 0 0 0
vn 0 0 0
vn 0 0 0
vn 0 0 0
vn 0 0 0
vn 0 0 0
vn 0 0 0
vn 0 0 0
vn 0 0 0
vn 0 0 0
vn 0 0 0
vn 0 0 0
vn 0 0 0
vn 0 0 0
vn 0 0 0
vn 0 0 0
vn 0 0 0
vn 0 0 0
vn 0 0 0
vn 0 0 0
vn 0 0 0
vn 0 0 0
vn 0 0 0
vn 0 0 0
vn 0 0 0
vn 0 0 0
vn 0 0 0
vn 0 0 0
vn 0 0 0
vn 0 0 0
vn 0 0 0
vn 0 0 0
vn 0 0 0
vn 0 0 0
vn 0 0 0
vn 1.36924e-09 1 0
vn 0.866025 0.5 0
vn 2.44839e-16 1 0
vn 0.866025 0.5 0
vn 1.36924e-09 1 0
vn 0.866025 0.5 0
vn -0.866025 0.5 0
vn 2.44839e-16 1 0
vn -0.866025 0.5 0
vn 2.44839e-16 1 0
vn -0.866025 0.5 0
vn 1.36924e-09 1 0
vn 1.36924e-09 1 0
vn -0.866025 0.5 0
vn -0.866025 0.5 0
vn 1.36924e-09 1 0
vn -0.866025 0.5 0
vn 2.44839e-16 1 0
vn 2.44839e-16 1 0
vn 0.866025 0.5 0
vn 1.36924e-09 1 0
vn 0.866025 0.5 0
vn 2.44839e-16 1 0
vn 0.866025 0.5 0
vn 0.866025 0.5 0
vn 2.44839e-16 1 0
vn 0.5 0.866025 0
vn 0.866025 0.5 0
vn 0.5 0.866025 0
vn 0.5 0.866025 0
vn 0.866025 0.5 0
vn 0.866025 -0.5 0
vn 0.866025 -0.5 0
vn 0.866025 -0.5 0
vn 0.866025 0.5 0
vn 0.866025 -0.5 0
vn 0.866025 -0.5 0
vn 0.866025 0.5 0
vn 0.866025 0.5 0
vn 0.866025 0.5 0
vn 0.866025 0.5 0
vn 0.866025 0.5 0
vn 0 0 -1
vn 0 0 -1
vn 0 0 -1
vn 0 0 -1
vn 0 0 -1
vn 0 0 -1
vn 0 0 -1
vn 0 0 -1
vn 0 0 -1
vn 0 0 -1
vn 0 0 -1
vn 0 0 -1
vn 0 0 -1
vn 0 0 -1
vn 0 0 -1
vn 0 0 -1
vn 0 0 -1
vn 0 0 -1
vn 0 0 -1
vn 0 0 -1
vn 0 0 -1
vn 0 0 -1
vn 0 0 -1
vn 0 0 -1
vn 0 0 -1
vn 0 0 -1
vn 0 0 -1
vn 0 0 -1
vn 0 0 -1
vn 0 0 -1
vn 0 0 -1
vn 0 0 -1
vn 0 0 -1
vn 0 0 -1
vn 0 0 -1
vn 0 0 -1
vn -0.866025 0.5 0
vn -0.866025 -0.5 0
vn -0.866025 -0.5 0
vn -0.866025 -0.5 0
vn -0.866025 0.5 0
vn -0.866025 -0.5 0
vn -0.866025 -0.5 0
vn -0.866025 0.5 0
vn -0.866025 0.5 0
vn -0.866025 0.5 0
vn -0.866025 0.5 0
vn -0.866025 0.5 0
vn -0.866025 0.5 0
vn 2.44839e-16 1 0
vn -0.866025 0.5 0
vn 2.44839e-16 1 0
vn -0.866025 0.5 0
vn 2.85646e-16 1 -1.65632e-17
vn 2.85646e-16 1 -1.65632e-17
vn 0.5 0.866025 0
vn 2.44839e-16 1 0
vn 0.5 0.866025 0
vn 2.85646e-16 1 -1.65632e-17
vn 0.5 0.866025 0
vn 0.5 0.866025 0
vn 2.85646e-16 1 -1.65632e-17
vn 0.866025 0.5 0
vn 0.866025 0.5 0
vn 2.85646e-16 1 -1.65632e-17
vn 0.866025 0.5 -1.65632e-17
vn 0.866025 0.5 0
vn 0.866025 -0.5 0
vn 0.866025 -0.5 0
vn 0.866025 -0.5 0
vn 0.866025 0.5 0
vn 0.866025 0.5 -1.65632e-17
vn 0.866025 -0.5 0
vn -2.44839e-16 -1 0
vn 0.866025 -0.5 0
vn -2.44839e-16 -1 0
vn 0.866025 -0.5 0
vn -1.36924e-09 -1 0
vn -1.36924e-09 -1 0
vn 0.866025 -0.5 0
vn 0.866025 -0.5 0
vn -1.36924e-09 -1 0
vn 0.866025 -0.5 0
vn -2.44839e-16 -1 0
vn -1.36924e-09 -1 0
vn -0.866025 -0.5 0
vn -2.44839e-16 -1 0
vn -0.866025 -0.5 0
vn -1.36924e-09 -1 0
vn -0.866025 -0.5 0
vn -0.866025 -0.5 0
vn -1.36924e-09 -1 0
vn -2.44839e-16 -1 0
vn -0.866025 -0.5 0
vn -2.44839e-16 -1 0
vn -0.866025 -0.5 0
vn -0.866025 0.5 0
vn -0.866025 -0.5 0
vn -0.866025 -0.5 0
vn -0.866025 -0.5 0
vn -0.866025 0.5 0
vn -0.866025 0.5 0
vn 0.866025 -0.5 0
vn -2.44839e-16 -1 0
vn 0.866025 -0.5 0
vn -2.44839e-16 -1 0
vn 0.866025 -0.5 0
vn -2.04033e-16 -1 0
vn -2.04033e-16 -1 0
vn -0.866025 -0.5 0
vn -2.44839e-16 -1 0
vn -0.866025 -0.5 0
vn -2.04033e-16 -1 0
vn -0.866025 -0.5 0
vn -0.866025 -0.5 -0
vn -1.36924e-09 -1 -0
vn -0.866025 -0.5 -0
vn -2.44839e-16 -1 -0
vn -0.866025 -0.5 -0
vn -1.36924e-09 -1 -0
vn -2.44839e-16 -1 -0
vn 0.866025 -0.5 -0
vn -1.36924e-09 -1 -0
vn 0.866025 -0.5 -0
vn 0.866025 -0.5 -0
vn -1.36924e-09 -1 -0
vn -1.36924e-09 -1 -0
vn 0.866025 -0.5 -0
vn -2.44839e-16 -1 -0
vn 0.866025 -0.5 -0
vn -2.44839e-16 -1 -0
vn 0.866025 -0.5 -0
vn -0.5 -0.866025 -0
vn -0.5 -0.866025 -0
vn -0.866025 -0.5 -0
vn -0.5 -0.866025 -0
vn -2.44839e-16 -1 -0
vn -0.866025 -0.5 -0
vn -0.866025 -0.5 -0
vn -2.44839e-16 -1 -0
vn -0.866025 -0.5 -0
vn -1.36924e-09 -1 -0
vn -0.866025 -0.5 -0
vn -2.44839e-16 -1 -0
vn -0.866025 -0.5 -0
vn -0.866025 -0.5 -0
vn -0.866025 -0.5 -0
vn -0.866025 -0.5 -0
vn -0.866025 -0.5 -0
vn -0.866025 0.5 -0
vn -0.866025 0.5 -0
vn -0.866025 -0.5 -0
vn -0.866025 0.5 -0
vn -0.866025 0.5 -0
vn -0.866025 0.5 -0
vn -0.866025 -0.5 -0
vn -0 -0 1
vn -0 -0 1
vn -0 -0 1
vn -0 -0 1
vn -0 -0 1
vn -0 -0 1
vn -0 -0 1
vn -0 -0 1
vn -0 -0 1
vn -0 -0 1
vn -0 -0 1
vn -0 -0 1
vn -0 -0 1
vn -0 -0 1
vn -0 -0 1
vn -0 -0 1
vn -0 -0 1
vn -0 -0 1
vn -0 -0 1
vn -0 -0 1
vn -0 -0 1
vn -0 -0 1
vn -0 -0 1
vn -0 -0 1
vn -0 -0 1
vn -0 -0 1
vn -0 -0 1
vn -0 -0 1
vn -0 -0 1
vn -0 -0 1
vn -0 -0 1
vn -0 -0 1
vn -0 -0 1
vn -0 -0 1
vn -0 -0 1
vn -0 -0 1
vn 0.866025 -0.5 -0
vn 0.866025 -0.5 -0
vn 0.866025 -0.5 -0
vn 0.866025 -0.5 -0
vn 0.866025 -0.5 -0
vn 0.866025 0.5 -0
vn 0.866025 0.5 -0
vn 0.866025 -0.5 -0
vn 0.866025 0.5 -0
vn 0.866025 0.5 -0
vn 0.866025 0.5 -0
vn 0.866025 -0.5 -0
vn -2.85646e-16 -1 1.65632e-17
vn 0.866025 -0.5 -0
vn -2.44839e-16 -1 -0
vn 0.866025 -0.5 -0
vn -2.44839e-16 -1 -0
vn 0.866025 -0.5 -0
vn -0.866025 -0.5 1.65632e-17
vn -2.85646e-16 -1 1.65632e-17
vn -0.866025 -0.5 -0
vn -0.866025 -0.5 -0
vn -2.85646e-16 -1 1.65632e-17
vn -0.5 -0.866025 -0
vn -0.5 -0.866025 -0
vn -2.85646e-16 -1 1.65632e-17
vn -0.5 -0.866025 -0
vn -2.44839e-16 -1 -0
vn -0.5 -0.866025 -0
vn -2.85646e-16 -1 1.65632e-17
vn -0.866025 -0.5 1.65632e-17
vn -0.866025 -0.5 -0
vn -0.866025 0.5 -0
vn -0.866025 0.5 -0
vn -0.866025 0.5 -0
vn -0.866025 -0.5 -0
vn 2.44839e-16 1 -0
vn -0.866025 0.5 -0
vn 1.36924e-09 1 -0
vn -0.866025 0.5 -0
vn -0.866025 0.5 -0
vn 1.36924e-09 1 -0
vn 1.36924e-09 1 -0
vn -0.866025 0.5 -0
vn 2.44839e-16 1 -0
vn -0.866025 0.5 -0
vn 2.44839e-16 1 -0
vn -0.866025 0.5 -0
vn 0.866025 0.5 -0
vn 2.44839e-16 1 -0
vn 0.866025 0.5 -0
vn 2.44839e-16 1 -0
vn 1.36924e-09 1 -0
vn 0.866025 0.5 -0
vn 0.866025 0.5 -0
vn 1.36924e-09 1 -0
vn 0.866025 0.5 -0
vn 2.44839e-16 1 -0
vn 0.866025 0.5 -0
vn 1.36924e-09 1 -0
vn 0.866025 -0.5 -0
vn 0.866025 -0.5 -0
vn 0.866025 0.5 -0
vn 0.866025 0.5 -0
vn 0.866025 0.5 -0
vn 0.866025 -0.5 -0
vn 2.04033e-16 1 -0
vn -0.866025 0.5 -0
vn 2.44839e-16 1 -0
vn -0.866025 0.5 -0
vn 2.44839e-16 1 -0
vn -0.866025 0.5 -0
vn 0.866025 0.5 -0
vn 2.04033e-16 1 -0
vn 0.866025 0.5 -0
vn 2.44839e-16 1 -0
vn 0.866025 0.5 -0
vn 2.04033e-16 1 -0
vn 0 0 0
vn 0 0 0
vn 0 0 0
vn 0 0 0
vn 0 0 0
vn 0 0 0
vn 0 0 0
vn 0 0 0
vn 0 0 0
vn 0 0 0
vn 0 0 0
vn 0 0 0
vn 0 0 0
vn 0 0 0
vn 0 0 0
vn 0 0 0
vn 0 0 0
vn 0 0 0
vn 0 0 0
vn 0 0 0
vn 0 0 0
vn 0 0 0
vn 0 0 0
vn 0 0 0
vn 0 0 0
vn 0 0 0
vn 0 0 0
vn 0 0 0
vn 0 0 0
vn 0 0 0
vn 0 0 0
vn 0 0 0
vn 0 0 0
vn 0 0 0
vn 0 0 0
vn 0 0 0
vn 0 0 0
vn 0 0 0
vn 0 0 0
vn 0 0 0
vn 0 0 0
vn 0 0 0
vn 0 0 0
vn 0 0 0
vn 0 0 0
vn 0 0 0
vn 0 0 0
vn 0 0 0
vn 0 0 0
vn 0 0 0
vn 0 0 0
vn 0 0 0
vn 0 0 0
vn 0 0 0
vn 0 0 0
vn 0 0 0
vn 0 0 0
vn 0 0 0
vn 0 0 0
vn 0 0 0
vn 0 0 0
vn 0 0 0
vn 0 0 0
vn 0 0 0
vn 0 0 0
vn 0 0 0
vn 0 0 0
vn 0 0 0
vn 0 0 0
vn 0 0 0
vn 0 0 0
vn 0 0 0
vn 0 0 0
vn 0 0 0
vn 0 0 0
vn 0 0 0
vn 0 0 0
vn 0 0 0
vn 0 0 0
vn 0 0 0
vn 0 0 0
vn 0 0 0
vn 0 0 0
vn 0 0 0
vn 0 0 0
vn 0 0 0
vn 0 0 0
vn 0 0 0
vn 0 0 0
vn 0 0 0
vn 0 0 1
vn 0 0 1
vn 0 0 1
vn 0 0 1
vn 0 0 1
vn 0 0 1
vn 0 0 1
vn 0 0 1
vn 0 0 1
vn 0 0 1
vn 0 0 1
vn 0 0 1
vn 0 0 1
vn 0 0 1
vn 0 0 1
vn 0 0 1
vn 0 0 1
vn 0 0 1
vn 0 0 1
vn 0 0 1
vn 0 0 1
vn 0 0 1
vn 0 0 1
vn 0 0 1
vn 0 0 1
vn 0 0 1
vn 0 0 1
vn 0 0 1
vn 0 0 1
vn 0 0 1
vn 0 0 1
vn 0 0 1
vn 0 0 1
vn 0 0 1
vn 0 0 1
vn 0 0 1
vn 0 0 1
vn 0 0 1
vn 0 0 1
vn 0 0 1
vn 0 0 1
vn 0 0 1
vn 2.44839e-16 1 0
vn 0.866025 0.5 0
vn 2.44839e-16 1 0
vn 0.866025 0.5 0
vn 2.44839e-16 1 0
vn 0.866025 0.5 0
vn -0.866025 0.5 0
vn 2.44839e-16 1 0
vn -0.866025 0.5 0
vn 2.44839e-16 1 0
vn -0.866025 0.5 0
vn 2.44839e-16 1 0
vn -0.866025 0.5 0
vn -0.866025 -0.5 0
vn -0.866025 -0.5 0
vn -0.866025 -0.5 0
vn -0.866025 0.5 0
vn -0.866025 0.5 0
vn -3.26452e-16 -1 0
vn -0.866025 -0.5 0
vn -3.26452e-16 -1 0
vn -0.866025 -0.5 0
vn -3.26452e-16 -1 0
vn -0.866025 -0.5 0
vn 0.866025 -0.5 0
vn -3.26452e-16 -1 0
vn 0.866025 -0.5 0
vn -3.26452e-16 -1 0
vn 0.866025 -0.5 0
vn -3.26452e-16 -1 0
vn 0.866025 0.5 0
vn 0.866025 -0.5 0
vn 0.866025 -0.5 0
vn 0.866025 -0.5 0
vn 0.866025 0.5 0
vn 0.866025 0.5 0
vn 0 0 -1
vn 0 0 -1
vn 0 0 -1
vn 0 0 -1
vn 0 0 -1
vn 0 0 -1
vn 0 0 -1
vn 0 0 -1
vn 0 0 -1
vn 0 0 -1
vn 0 0 -1
vn 0 0 -1
vn 0 0 -1
vn 0 0 -1
vn 0 0 -1
vn 0 0 -1
vn 0 0 -1
vn 0 0 -1
vn 0 0 -1
vn 0 0 -1
vn 0 0 -1
vn 0 0 -1
vn 0 0 -1
vn 0 0 -1
vn 0 0 -1
vn 0 0 -1
vn 0 0 -1
vn 0 0 -1
vn 0 0 -1
vn 0 0 -1
vn 0 0 -1
vn 0 0 -1
vn 0 0 -1
vn 0 0 -1
vn 0 0 -1
vn 0 0 -1
vn -0 -0 -1
vn -0 -0 -1
vn -0 -0 -1
vn -0 -0 -1
vn -0 -0 -1
vn -0 -0 -1
vn -0 -0 -1
vn -0 -0 -1
vn -0 -0 -1
vn -0 -0 -1
vn -0 -0 -1
vn -0 -0 -1
vn -0 -0 -1
vn -0 -0 -1
vn -0 -0 -1
vn -0 -0 -1
vn -0 -0 -1
vn -0 -0 -1
vn -0 -0 -1
vn -0 -0 -1
vn -0 -0 -1
vn -0 -0 -1
vn -0 -0 -1
vn -0 -0 -1
vn -0 -0 -1
vn -0 -0 -1
vn -0 -0 -1
vn -0 -0 -1
vn -0 -0 -1
vn -0 -0 -1
vn -0 -0 -1
vn -0 -0 -1
vn -0 -0 -1
vn -0 -0 -1
vn -0 -0 -1
vn -0 -0 -1
vn -0 -0 -1
vn -0 -0 -1
vn -0 -0 -1
vn -0 -0 -1
vn -0 -0 -1
vn -0 -0 -1
vn -0.866025 -0.5 -0
vn -2.44839e-16 -1 -0
vn -0.866025 -0.5 -0
vn -2.44839e-16 -1 -0
vn -0.866025 -0.5 -0
vn -2.44839e-16 -1 -0
vn -2.44839e-16 -1 -0
vn 0.866025 -0.5 -0
vn -2.44839e-16 -1 -0
vn 0.866025 -0.5 -0
vn -2.44839e-16 -1 -0
vn 0.866025 -0.5 -0
vn 0.866025 -0.5 -0
vn 0.866025 -0.5 -0
vn 0.866025 0.5 -0
vn 0.866025 0.5 -0
vn 0.866025 0.5 -0
vn 0.866025 -0.5 -0
vn 0.866025 0.5 -0
vn 3.26452e-16 1 -0
vn 0.866025 0.5 -0
vn 3.26452e-16 1 -0
vn 0.866025 0.5 -0
vn 3.26452e-16 1 -0
vn 3.26452e-16 1 -0
vn -0.866025 0.5 -0
vn 3.26452e-16 1 -0
vn -0.866025 0.5 -0
vn 3.26452e-16 1 -0
vn -0.866025 0.5 -0
vn -0.866025 -0.5 -0
vn -0.866025 -0.5 -0
vn -0.866025 0.5 -0
vn -0.866025 0.5 -0
vn -0.866025 0.5 -0
vn -0.866025 -0.5 -0
vn -0 -0 1
vn -0 -0 1
vn -0 -0 1
vn -0 -0 1
vn -0 -0 1
vn -0 -0 1
vn -0 -0 1
vn -0 -0 1
vn -0 -0 1
vn -0 -0 1
vn -0 -0 1
vn -0 -0 1
vn -0 -0 1
vn -0 -0 1
vn -0 -0 1
vn -0 -0 1
vn -0 -0 1
vn -0 -0 1
vn -0 -0 1
vn -0 -0 1
vn -0 -0 1
vn -0 -0 1
vn -0 -0 1
vn -0 -0 1
vn -0 -0 1
vn -0 -0 1
vn -0 -0 1
vn -0 -0 1
vn -0 -0 1
vn -0 -0 1
vn -0 -0 1
vn -0 -0 1
vn -0 -0 1
vn -0 -0 1
vn -0 -0 1
vn -0 -0 1
vn 0 0 0
vn 0 0 0
vn 0 0 0
vn 0 0 0
vn 0 0 0
vn 0 0 0
vn 0 0 0
vn 0 0 0
vn 0 0 0
vn 0 0 0
vn 0 0 0
vn 0 0 0
vn 0 0 0
vn 0 0 0
vn 0 0 0
vn 0 0 0
vn 0 0 0
vn 0 0 0
vn 0 0 0
vn 0 0 0
vn 0 0 0
vn 0 0 0
vn 0 0 0
vn 0 0 0
vn 0 0 0
vn 0 0 0
vn 0 0 0
vn 0 0 0
vn 0 0 0
vn 0 0 0
vn 0 0 0
vn 0 0 0
vn 0 0 0
vn 0 0 0
vn 0 0 0
vn 0 0 0
vn 0 0 0
vn 0 0 0
vn 0 0 0
vn 0 0 0
vn 0 0 0
vn 0 0 0
vn 0 0 0
vn 0 0 0
vn 0 0 0
vn 0 0 0
vn 0 0 0
vn 0 0 0
vn 0 0 0
vn 0 0 0
vn 0 0 0
vn 0 0 0
vn 0 0 0
vn 0 0 0
vn 0 0 0
vn 0 0 0
vn 0 0 0
vn 0 0 0
vn 0 0 0
vn 0 0 0
vn 0 0 0
vn 0 0 0
vn 0 0 0
vn 0 0 0
vn 0 0 -1
vn 0 0 -1
vn 0 0 -1
vn 0 0 -1
vn 0 0 -1
vn 0 0 -1
vn 0 0 -1
vn 0 0 -1
vn 0 0 -1
vn 0 0 -1
vn 0 0 -1
vn 0 0 -1
vn 0 0 -1
vn 0 0 -1
vn 0 0 -1
vn 0 0 -1
vn 0 0 -1
vn 0 0 -1
vn 0 0 -1
vn 0 0 -1
vn 0 0 -1
vn 0 0 -1
vn 0 0 -1
vn 0 0 -1
vn 0 0 -1
vn 0 0 -1
vn 0 0 -1
vn 0 0 -1
vn 0 0 -1
vn 0 0 -1
vn 0 0 -1
vn 0 0 -1
vn 0 0 -1
vn 0 0 -1
vn 0 0 -1
vn 0 0 -1
vn 0 0 -1
vn 0 0 -1
vn 0 0 -1
vn 0 0 -1
vn 0 0 -1
vn 0 0 -1
vn 0.5 0.866025 0
vn 0.5 0.866025 0
vn 0.5 0.866025 0
vn 0.5 0.866025 0
vn 0.5 0.866025 0
vn 0.5 0.866025 0
vn 0.5 0.866025 0
vn 0.866025 0.5 0
vn 0.5 0.866025 0
vn 0.866025 0.5 0
vn 0.5 0.866025 0
vn 0.866025 0.5 0
vn 0.866025 0.5 0
vn 0.866025 -0.5 0
vn 0.866025 -0.5 0
vn 0.866025 -0.5 0
vn 0.866025 0.5 0
vn 0.866025 0.5 0
vn 0.866025 -0.5 0
vn -2.85646e-16 -1 0
vn 0.866025 -0.5 0
vn -2.85646e-16 -1 0
vn 0.866025 -0.5 0
vn -2.85646e-16 -1 0
vn -2.85646e-16 -1 0
vn -0.866025 -0.5 0
vn -2.85646e-16 -1 0
vn -0.866025 -0.5 0
vn -2.85646e-16 -1 0
vn -0.866025 -0.5 0
vn -0.866025 0.5 0
vn -0.866025 -0.5 0
vn -0.866025 -0.5 0
vn -0.866025 -0.5 0
vn -0.866025 0.5 0
vn -0.866025 0.5 0
vn -0.866025 0.5 0
vn 4.08065e-16 1 0
vn -0.866025 0.5 0
vn 4.08065e-16 1 0
vn -0.866025 0.5 0
vn 4.08065e-16 1 0
vn 4.08065e-16 1 0
vn 0.5 0.866025 0
vn 4.08065e-16 1 0
vn 0.5 0.866025 0
vn 4.08065e-16 1 0
vn 0.5 0.866025 0
vn 0 0 1
vn 0 0 1
vn 0 0 1
vn 0 0 1
vn 0 0 1
vn 0 0 1
vn 0 0 1
vn 0 0 1
vn 0 0 1
vn 0 0 1
vn 0 0 1
vn 0 0 1
vn 0 0 1
vn 0 0 1
vn 0 0 1
vn 0 0 1
vn 0 0 1
vn 0 0 1
vn 0 0 1
vn 0 0 1
vn 0 0 1
vn 0 0 1
vn 0 0 1
vn 0 0 1
vn 0 0 1
vn 0 0 1
vn 0 0 1
vn 0 0 1
vn 0 0 1
vn 0 0 1
vn 0 0 1
vn 0 0 1
vn 0 0 1
vn 0 0 1
vn 0 0 1
vn 0 0 1
vn 0 0 1
vn 0 0 1
vn 0 0 1
vn 0 0 1
vn 0 0 1
vn 0 0 1
vn 0 0 1
vn 0 0 1
vn 0 0 1
vn 0 0 1
vn 0 0 1
vn 0 0 1
vn -0 -0 1
vn -0 -0 1
vn -0 -0 1
vn -0 -0 1
vn -0 -0 1
vn -0 -0 1
vn -0 -0 1
vn -0 -0 1
vn -0 -0 1
vn -0 -0 1
vn -0 -0 1
vn -0 -0 1
vn -0 -0 1
vn -0 -0 1
vn -0 -0 1
vn -0 -0 1
vn -0 -0 1
vn -0 -0 1
vn -0 -0 1
vn -0 -0 1
vn -0 -0 1
vn -0 -0 1
vn -0 -0 1
vn -0 -0 1
vn -0 -0 1
vn -0 -0 1
vn -0 -0 1
vn -0 -0 1
vn -0 -0 1
vn -0 -0 1
vn -0 -0 1
vn -0 -0 1
vn -0 -0 1
vn -0 -0 1
vn -0 -0 1
vn -0 -0 1
vn -0 -0 1
vn -0 -0 1
vn -0 -0 1
vn -0 -0 1
vn -0 -0 1
vn -0 -0 1
vn -0.5 -0.866025 -0
vn -0.5 -0.866025 -0
vn -0.5 -0.866025 -0
vn -0.5 -0.866025 -0
vn -0.5 -0.866025 -0
vn -0.5 -0.866025 -0
vn -0.866025 -0.5 -0
vn -0.5 -0.866025 -0
vn -0.866025 -0.5 -0
vn -0.5 -0.866025 -0
vn -0.866025 -0.5 -0
vn -0.5 -0.866025 -0
vn -0.866025 -0.5 -0
vn -0.866025 -0.5 -0
vn -0.866025 0.5 -0
vn -0.866025 0.5 -0
vn -0.866025 0.5 -0
vn -0.866025 -0.5 -0
vn 2.85646e-16 1 -0
vn -0.866025 0.5 -0
vn 2.85646e-16 1 -0
vn -0.866025 0.5 -0
vn 2.85646e-16 1 -0
vn -0.866025 0.5 -0
vn 0.866025 0.5 -0
vn 2.85646e-16 1 -0
vn 0.866025 0.5 -0
vn 2.85646e-16 1 -0
vn 0.866025 0.5 -0
vn 2.85646e-16 1 -0
vn 0.866025 -0.5 -0
vn 0.866025 -0.5 -0
vn 0.866025 0.5 -0
vn 0.866025 0.5 -0
vn 0.866025 0.5 -0
vn 0.866025 -0.5 -0
vn -4.08065e-16 -1 -0
vn 0.866025 -0.5 -0
vn -4.08065e-16 -1 -0
vn 0.866025 -0.5 -0
vn -4.08065e-16 -1 -0
vn 0.866025 -0.5 -0
vn -0.5 -0.866025 -0
vn -4.08065e-16 -1 -0
vn -0.5 -0.866025 -0
vn -4.08065e-16 -1 -0
vn -0.5 -0.866025 -0
vn -4.08065e-16 -1 -0
vn -0 -0 -1
vn -0 -0 -1
vn -0 -0 -1
vn -0 -0 -1
vn -0 -0 -1
vn -0 -0 -1
vn -0 -0 -1
vn -0 -0 -1
vn -0 -0 -1
vn -0 -0 -1
vn -0 -0 -1
vn -0 -0 -1
vn -0 -0 -1
vn -0 -0 -1
vn -0 -0 -1
vn -0 -0 -1
vn -0 -0 -1
vn -0 -0 -1
vn -0 -0 -1
vn -0 -0 -1
vn -0 -0 -1
vn -0 -0 -1
vn -0 -0 -1
vn -0 -0 -1
vn -0 -0 -1
vn -0 -0 -1
vn -0 -0 -1
vn -0 -0 -1
vn -0 -0 -1
vn -0 -0 -1
vn -0 -0 -1
vn -0 -0 -1
vn -0 -0 -1
vn -0 -0 -1
vn -0 -0 -1
vn -0 -0 -1
vn -0 -0 -1
vn -0 -0 -1
vn -0 -0 -1
vn -0 -0 -1
vn -0 -0 -1
vn -0 -0 -1
vn -0 -0 -1
vn -0 -0 -1
vn -0 -0 -1
vn -0 -0 -1
vn -0 -0 -1
vn -0 -0 -1
vn 0 0 0
vn 0 0 0
vn 0 0 0
vn 0 0 0
vn 0 0 0
vn 0 0 0
vn 0 0 0
vn 0 0 0
vn 0 0 0
vn 0 0 0
vn 0 0 0
vn 0 0 0
vn 0 0 0
vn 0 0 0
vn 0 0 0
vn 0 0 0
vn 0 0 0
vn 0 0 0
vn 0 0 0
vn 0 0 0
vn 0 0 0
vn 0 0 0
vn 0 0 0
vn 0 0 0
vn 0 0 0
vn 0 0 0
vn 0 0 0
vn 0 0 0
vn 0 0 0
vn 0 0 0
vn 0 0 0
vn 0 0 0
vn 0 0 0
vn 0 0 0
vn 0 0 0
vn 0 0 0
vn 0 0 0
vn 0 0 0
vn 0 0 0
vn 0 0 0
vn 0 0 0
vn 0 0 0
vn 0 0 0
vn 0 0 0
vn 0 0 0
vn 0 0 0
vn 0 0 0
vn 0 0 0
vn 0 0 0
vn 0 0 0
vn 0 0 0
vn 0 0 0
vn 0 0 0
vn 0 0 0
vn 0 0 0
vn 0 0 0
vn 0 0 0
vn 0 0 0
vn 0 0 0
vn 0 0 0
vn 0 0 0
vn 0 0 0
vn 0 0 0
vn 0 0 0
vn 0 0 0
vn 0 0 0
vn 0 0 0
vn 0 0 0
vn 0 0 0
vn 0 0 0
vn 0 0 0
vn 0 0 0
vn 0 0 0
vn 0 0 0
vn 0 0 0
vn 0 0 0
vn 0 0 -1
vn 0 0 -1
vn 0 0 -1
vn 0 0 -1
vn 0 0 -1
vn 0 0 -1
vn 0 0 -1
vn 0 0 -1
vn 0 0 -1
vn 0 0 -1
vn 0 0 -1
vn 0 0 -1
vn -0.866025 -0.5 0
vn -0.866025 0.5 0
vn -0.866025 0.5 0
vn -0.866025 0.5 0
vn -0.866025 -0.5 0
vn -0.866025 -0.5 0
vn 2.04033e-16 1 0
vn -0.866025 0.5 0
vn 2.04033e-16 1 0
vn -0.866025 0.5 0
vn 2.04033e-16 1 0
vn -0.866025 0.5 0
vn 0.866025 0.5 0
vn 2.04033e-16 1 0
vn 0.866025 0.5 0
vn 2.04033e-16 1 0
vn 0.866025 0.5 0
vn 2.04033e-16 1 0
vn 0.866025 -0.5 0
vn 0.866025 0.5 0
vn 0.866025 0.5 0
vn 0.866025 0.5 0
vn 0.866025 -0.5 0
vn 0.866025 -0.5 0
vn -3.67259e-16 -1 0
vn 0.866025 -0.5 0
vn -3.67259e-16 -1 0
vn 0.866025 -0.5 0
vn -3.67259e-16 -1 0
vn 0.866025 -0.5 0
vn -0.866025 -0.5 0
vn -3.67259e-16 -1 0
vn -0.866025 -0.5 0
vn -3.67259e-16 -1 0
vn -0.866025 -0.5 0
vn -3.67259e-16 -1 0
vn -0 -0 1
vn -0 -0 1
vn -0 -0 1
vn -0 -0 1
vn -0 -0 1
vn -0 -0 1
vn -0 -0 1
vn -0 -0 1
vn -0 -0 1
vn -0 -0 1
vn -0 -0 1
vn -0 -0 1
vn 0.866025 0.5 -0
vn 0.866025 0.5 -0
vn 0.866025 -0.5 -0
vn 0.866025 -0.5 -0
vn 0.866025 -0.5 -0
vn 0.866025 0.5 -0
vn 0.866025 -0.5 -0
vn -2.04033e-16 -1 -0
vn 0.866025 -0.5 -0
vn -2.04033e-16 -1 -0
vn 0.866025 -0.5 -0
vn -2.04033e-16 -1 -0
vn -2.04033e-16 -1 -0
vn -0.866025 -0.5 -0
vn -2.04033e-16 -1 -0
vn -0.866025 -0.5 -0
vn -2.04033e-16 -1 -0
vn -0.866025 -0.5 -0
vn -0.866025 0.5 -0
vn -0.866025 0.5 -0
vn -0.866025 -0.5 -0
vn -0.866025 -0.5 -0
vn -0.866025 -0.5 -0
vn -0.866025 0.5 -0
vn -0.866025 0.5 -0
vn 3.67259e-16 1 -0
vn -0.866025 0.5 -0
vn 3.67259e-16 1 -0
vn -0.866025 0.5 -0
vn 3.67259e-16 1 -0
vn 3.67259e-16 1 -0
vn 0.866025 0.5 -0
vn 3.67259e-16 1 -0
vn 0.866025 0.5 -0
vn 3.67259e-16 1 -0
vn 0.866025 0.5 -0
vn 0 0 0
vn 0 0 0
vn 0 0 0
vn 0 0 0
vn 0 0 0
vn 0 0 0
vn 0 0 0
vn 0 0 0
vn 0 0 0
vn 0 0 0
vn 0 0 0
vn 0 0 0
vn 0 0 0
vn 0 0 0
vn 0 0 0
vn 0 0 0
vn 0 0 0
vn 0 0 0
vn 0 0 0
vn 0 0 0
vn 0 0 0
vn 0 0 0
vn 0 0 0
vn 0 0 0
vn 0 0 0
vn 0 0 0
vn 0 0 0
vn 0 0 0
vn 0 0 0
vn 0 0 0
vn 0 0 0
vn 0 0 0
vn 0 0 0
vn 0 0 0
vn 0 0 0
vn 0 0 0
vn 0.5 0.866025 -5.00812e-14
vn 0.5 0.866025 -5.00812e-14
vn 0.5 0.866025 -5.00812e-14
vn 0.5 0.866025 -5.00812e-14
vn 0.5 0.866025 -5.00812e-14
vn 0.5 0.866025 -5.00812e-14
vn 0 5.78287e-14 1
vn 0 5.78287e-14 1
vn 0 5.78287e-14 1
vn 0 5.78287e-14 1
vn 0 5.78287e-14 1
vn 0 5.78287e-14 1
vn 0 5.78287e-14 1
vn 0 5.78287e-14 1
vn 0 5.78287e-14 1
vn 0 5.78287e-14 1
vn 0 5.78287e-14 1
vn 0 5.78287e-14 1
vn 0 5.78287e-14 1
vn 0 5.78287e-14 1
vn 0 5.78287e-14 1
vn 0 5.78287e-14 1
vn 0 5.78287e-14 1
vn 0 5.78287e-14 1
vn 0 5.78287e-14 1
vn 0 5.78287e-14 1
vn 0 5.78287e-14 1
vn 0 5.78287e-14 1
vn 0 5.78287e-14 1
vn 0 5.78287e-14 1
vn 0 5.78287e-14 1
vn 0 5.78287e-14 1
vn 0 5.78287e-14 1
vn 0 5.78287e-14 1
vn 0 5.78287e-14 1
vn 0 5.78287e-14 1
vn 0 5.78287e-14 1
vn 0 5.78287e-14 1
vn 0 5.78287e-14 1
vn 0 5.78287e-14 1
vn 0 5.78287e-14 1
vn 0 5.78287e-14 1
vn 0 5.78287e-14 1
vn 0 5.78287e-14 1
vn 0 5.78287e-14 1
vn 0 5.78287e-14 1
vn 0 5.78287e-14 1
vn 0 5.78287e-14 1
vn 0.5 0.866025 -5.00812e-14
vn 0.866025 0.5 -2.89144e-14
vn 0.5 0.866025 -5.00812e-14
vn 0.866025 0.5 -2.89144e-14
vn 0.5 0.866025 -5.00812e-14
vn 0.866025 0.5 -2.89144e-14
vn 0 -5.78287e-14 -1
vn 0 -5.78287e-14 -1
vn 0 -5.78287e-14 -1
vn 0 -5.78287e-14 -1
vn 0 -5.78287e-14 -1
vn 0 -5.78287e-14 -1
vn 0 -5.78287e-14 -1
vn 0 -5.78287e-14 -1
vn 0 -5.78287e-14 -1
vn 0 -5.78287e-14 -1
vn 0 -5.78287e-14 -1
vn 0 -5.78287e-14 -1
vn 0 -5.78287e-14 -1
vn 0 -5.78287e-14 -1
vn 0 -5.78287e-14 -1
vn 0 -5.78287e-14 -1
vn 0 -5.78287e-14 -1
vn 0 -5.78287e-14 -1
vn 0 -5.78287e-14 -1
vn 0 -5.78287e-14 -1
vn 0 -5.78287e-14 -1
vn 0 -5.78287e-14 -1
vn 0 -5.78287e-14 -1
vn 0 -5.78287e-14 -1
vn 0 -5.78287e-14 -1
vn 0 -5.78287e-14 -1
vn 0 -5.78287e-14 -1
vn 0 -5.78287e-14 -1
vn 0 -5.78287e-14 -1
vn 0 -5.78287e-14 -1
vn 0 -5.78287e-14 -1
vn 0 -5.78287e-14 -1
vn 0 -5.78287e-14 -1
vn 0 -5.78287e-14 -1
vn 0 -5.78287e-14 -1
vn 0 -5.78287e-14 -1
vn 0 -5.78287e-14 -1
vn 0 -5.78287e-14 -1
vn 0 -5.78287e-14 -1
vn 0 -5.78287e-14 -1
vn 0 -5.78287e-14 -1
vn 0 -5.78287e-14 -1
vn 0 -5.78287e-14 -1
vn 0 -5.78287e-14 -1
vn 0 -5.78287e-14 -1
vn 0 -5.78287e-14 -1
vn 0 -5.78287e-14 -1
vn 0 -5.78287e-14 -1
vn 4.89678e-16 1 -5.78287e-14
vn 0.5 0.866025 -5.00812e-14
vn 3.67259e-16 1 -5.78287e-14
vn 0.5 0.866025 -5.00812e-14
vn 4.89678e-16 1 -5.78287e-14
vn 0.5 0.866025 -5.00812e-14
vn -0.866025 0.5 -2.89144e-14
vn 4.89678e-16 1 -5.78287e-14
vn 3.67259e-16 1 -5.78287e-14
vn 4.89678e-16 1 -5.78287e-14
vn -0.866025 0.5 -2.89144e-14
vn -0.866025 0.5 -2.89144e-14
vn -0.866025 -0.5 2.89144e-14
vn -0.866025 0.5 -2.89144e-14
vn -0.866025 -0.5 2.89144e-14
vn -0.866025 0.5 -2.89144e-14
vn -0.866025 -0.5 2.89144e-14
vn -0.866025 0.5 -2.89144e-14
vn -2.85646e-16 -1 5.78287e-14
vn -0.866025 -0.5 2.89144e-14
vn -0.866025 -0.5 2.89144e-14
vn -0.866025 -0.5 2.89144e-14
vn -2.85646e-16 -1 5.78287e-14
vn -2.85646e-16 -1 5.78287e-14
vn 0.866025 -0.5 2.89144e-14
vn -2.85646e-16 -1 5.78287e-14
vn 0.866025 -0.5 2.89144e-14
vn -2.85646e-16 -1 5.78287e-14
vn 0.866025 -0.5 2.89144e-14
vn -2.85646e-16 -1 5.78287e-14
vn 0.866025 0.5 -2.89144e-14
vn 0.866025 -0.5 2.89144e-14
vn 0.866025 -0.5 2.89144e-14
vn 0.866025 -0.5 2.89144e-14
vn 0.866025 0.5 -2.89144e-14
vn 0.866025 0.5 -2.89144e-14
vn -0.5 -0.866025 5.00812e-14
vn -0.5 -0.866025 5.00812e-14
vn -0.5 -0.866025 5.00812e-14
vn -0.5 -0.866025 5.00812e-14
vn -0.5 -0.866025 5.00812e-14
vn -0.5 -0.866025 5.00812e-14
vn -0 -5.78287e-14 -1
vn -0 -5.78287e-14 -1
vn -0 -5.78287e-14 -1
vn -0 -5.78287e-14 -1
vn -0 -5.78287e-14 -1
vn -0 -5.78287e-14 -1
vn -0 -5.78287e-14 -1
vn -0 -5.78287e-14 -1
vn -0 -5.78287e-14 -1
vn -0 -5.78287e-14 -1
vn -0 -5.78287e-14 -1
vn -0 -5.78287e-14 -1
vn -0 -5.78287e-14 -1
vn -0 -5.78287e-14 -1
vn -0 -5.78287e-14 -1
vn -0 -5.78287e-14 -1
vn -0 -5.78287e-14 -1
vn -0 -5.78287e-14 -1
vn -0 -5.78287e-14 -1
vn -0 -5.78287e-14 -1
vn -0 -5.78287e-14 -1
vn -0 -5.78287e-14 -1
vn -0 -5.78287e-14 -1
vn -0 -5.78287e-14 -1
vn -0 -5.78287e-14 -1
vn -0 -5.78287e-14 -1
vn -0 -5.78287e-14 -1
vn -0 -5.78287e-14 -1
vn -0 -5.78287e-14 -1
vn -0 -5.78287e-14 -1
vn -0 -5.78287e-14 -1
vn -0 -5.78287e-14 -1
vn -0 -5.78287e-14 -1
vn -0 -5.78287e-14 -1
vn -0 -5.78287e-14 -1
vn -0 -5.78287e-14 -1
vn -0 -5.78287e-14 -1
vn -0 -5.78287e-14 -1
vn -0 -5.78287e-14 -1
vn -0 -5.78287e-14 -1
vn -0 -5.78287e-14 -1
vn -0 -5.78287e-14 -1
vn -0.866025 -0.5 2.89144e-14
vn -0.5 -0.866025 5.00812e-14
vn -0.866025 -0.5 2.89144e-14
vn -0.5 -0.866025 5.00812e-14
vn -0.866025 -0.5 2.89144e-14
vn -0.5 -0.866025 5.00812e-14
vn -0 5.78287e-14 1
vn -0 5.78287e-14 1
vn -0 5.78287e-14 1
vn -0 5.78287e-14 1
vn -0 5.78287e-14 1
vn -0 5.78287e-14 1
vn -0 5.78287e-14 1
vn -0 5.78287e-14 1
vn -0 5.78287e-14 1
vn -0 5.78287e-14 1
vn -0 5.78287e-14 1
vn -0 5.78287e-14 1
vn -0 5.78287e-14 1
vn -0 5.78287e-14 1
vn -0 5.78287e-14 1
vn -0 5.78287e-14 1
vn -0 5.78287e-14 1
vn -0 5.78287e-14 1
vn -0 5.78287e-14 1
vn -0 5.78287e-14 1
vn -0 5.78287e-14 1
vn -0 5.78287e-14 1
vn -0 5.78287e-14 1
vn -0 5.78287e-14 1
vn -0 5.78287e-14 1
vn -0 5.78287e-14 1
vn -0 5.78287e-14 1
vn -0 5.78287e-14 1
vn -0 5.78287e-14 1
vn -0 5.78287e-14 1
vn -0 5.78287e-14 1
vn -0 5.78287e-14 1
vn -0 5.78287e-14 1
vn -0 5.78287e-14 1
vn -0 5.78287e-14 1
vn -0 5.78287e-14 1
vn -0 5.78287e-14 1
vn -0 5.78287e-14 1
vn -0 5.78287e-14 1
vn -0 5.78287e-14 1
vn -0 5.78287e-14 1
vn -0 5.78287e-14 1
vn -0 5.78287e-14 1
vn -0 5.78287e-14 1
vn -0 5.78287e-14 1
vn -0 5.78287e-14 1
vn -0 5.78287e-14 1
vn -0 5.78287e-14 1
vn -0.5 -0.866025 5.00812e-14
vn -4.89678e-16 -1 5.78287e-14
vn -0.5 -0.866025 5.00812e-14
vn -3.67259e-16 -1 5.78287e-14
vn -0.5 -0.866025 5.00812e-14
vn -4.89678e-16 -1 5.78287e-14
vn 0.866025 -0.5 2.89144e-14
vn 0.866025 -0.5 2.89144e-14
vn -4.89678e-16 -1 5.78287e-14
vn -3.67259e-16 -1 5.78287e-14
vn -4.89678e-16 -1 5.78287e-14
vn 0.866025 -0.5 2.89144e-14
vn 0.866025 -0.5 2.89144e-14
vn 0.866025 0.5 -2.89144e-14
vn 0.866025 -0.5 2.89144e-14
vn 0.866025 0.5 -2.89144e-14
vn 0.866025 -0.5 2.89144e-14
vn 0.866025 0.5 -2.89144e-14
vn 2.85646e-16 1 -5.78287e-14
vn 2.85646e-16 1 -5.78287e-14
vn 0.866025 0.5 -2.89144e-14
vn 0.866025 0.5 -2.89144e-14
vn 0.866025 0.5 -2.89144e-14
vn 2.85646e-16 1 -5.78287e-14
vn 2.85646e-16 1 -5.78287e-14
vn -0.866025 0.5 -2.89144e-14
vn 2.85646e-16 1 -5.78287e-14
vn -0.866025 0.5 -2.89144e-14
vn 2.85646e-16 1 -5.78287e-14
vn -0.866025 0.5 -2.89144e-14
vn -0.866025 -0.5 2.89144e-14
vn -0.866025 -0.5 2.89144e-14
vn -0.866025 0.5 -2.89144e-14
vn -0.866025 0.5 -2.89144e-14
vn -0.866025 0.5 -2.89144e-14
vn -0.866025 -0.5 2.89144e-14
vn 0 0 0
vn 0 0 0
vn 0 0 0
vn 0 0 0
vn 0 0 0
vn 0 0 0
vn 0 0 0
vn 0 0 0
vn 0 0 0
vn 0 0 0
vn 0 0 0
vn 0 0 0
vn 0 0 0
vn 0 0 0
vn 0 0 0
vn 0 0 0
vn 0 0 0
vn 0 0 0
vn 0 0 0
vn 0 0 0
vn 0 0 0
vn 0 0 0
vn 0 0 0
vn 0 0 0
vn 0 0 0
vn 0 0 0
vn 0 0 0
vn 0 0 0
vn 0 0 0
vn 0 0 0
vn 0 0 0
vn 0 0 0
vn 0 0 0
vn 0 0 0
vn 0 0 0
vn 0 0 0
vn 0 0 0
vn 0 0 0
vn 0 0 0
vn 0 0 0
vn 0 0 0
vn 0 0 0
vn 0 0 0
vn 0 0 0
vn 0 0 0
vn 0 0 0
vn 0 0 0
vn 0 0 0
vn 0 0 0
vn 0 0 0
vn 0 0 0
vn 0 0 0
vn 0 0 0
vn 0 0 0
vn 0 0 0
vn 0 0 0
vn 0 0 0
vn 0 0 0
vn 0 0 0
vn 0 0 0
vn 0 0 0
vn 0 0 0
vn 0 0 0
vn 0 0 0
vn 0 0 0
vn 0 0 0
vn 0 0 0
vn 0 0 0
vn 0 0 0
vn 0 0 0
vn 0 0 0
vn 0 0 0
vn 0 0 0
vn 0 0 0
vn 0 0 0
vn 0 0 0
vn 0 -5.78287e-14 -1
vn 0 -5.78287e-14 -1
vn 0 -5.78287e-14 -1
vn 0 -5.78287e-14 -1
vn 0 -5.78287e-14 -1
vn 0 -5.78287e-14 -1
vn 0 -5.78287e-14 -1
vn 0 -5.78287e-14 -1
vn 0 -5.78287e-14 -1
vn 0 -5.78287e-14 -1
vn 0 -5.78287e-14 -1
vn 0 -5.78287e-14 -1
vn 0 -5.78287e-14 -1
vn 0 -5.78287e-14 -1
vn 0 -5.78287e-14 -1
vn 0 -5.78287e-14 -1
vn 0 -5.78287e-14 -1
vn 0 -5.78287e-14 -1
vn 0 -5.78287e-14 -1
vn 0 -5.78287e-14 -1
vn 0 -5.78287e-14 -1
vn 0 -5.78287e-14 -1
vn 0 -5.78287e-14 -1
vn 0 -5.78287e-14 -1
vn 0 -5.78287e-14 -1
vn 0 -5.78287e-14 -1
vn 0 -5.78287e-14 -1
vn 0 -5.78287e-14 -1
vn 0 -5.78287e-14 -1
vn 0 -5.78287e-14 -1
vn 0 -5.78287e-14 -1
vn 0 -5.78287e-14 -1
vn 0 -5.78287e-14 -1
vn 0 -5.78287e-14 -1
vn 0 -5.78287e-14 -1
vn 0 -5.78287e-14 -1
vn 0 -5.78287e-14 -1
vn 0 -5.78287e-14 -1
vn 0 -5.78287e-14 -1
vn 0 -5.78287e-14 -1
vn 0 -5.78287e-14 -1
vn 0 -5.78287e-14 -1
vn 2.04033e-16 1 -5.78287e-14
vn 0.866025 0.5 -2.89144e-14
vn 2.04033e-16 1 -5.78287e-14
vn 0.866025 0.5 -2.89144e-14
vn 2.04033e-16 1 -5.78287e-14
vn 0.866025 0.5 -2.89144e-14
vn 0.866025 0.5 -2.89144e-14
vn 0.866025 -0.5 2.89144e-14
vn 0.866025 -0.5 2.89144e-14
vn 0.866025 -0.5 2.89144e-14
vn 0.866025 0.5 -2.89144e-14
vn 0.866025 0.5 -2.89144e-14
vn 0.866025 -0.5 2.89144e-14
vn -3.26452e-16 -1 5.78287e-14
vn 0.866025 -0.5 2.89144e-14
vn -3.26452e-16 -1 5.78287e-14
vn 0.866025 -0.5 2.89144e-14
vn -3.26452e-16 -1 5.78287e-14
vn -3.26452e-16 -1 5.78287e-14
vn -0.866025 -0.5 2.89144e-14
vn -0.866025 -0.5 2.89144e-14
vn -0.866025 -0.5 2.89144e-14
vn -3.26452e-16 -1 5.78287e-14
vn -3.26452e-16 -1 5.78287e-14
vn -0.866025 -0.5 2.89144e-14
vn -0.866025 0.5 -2.89144e-14
vn -0.866025 -0.5 2.89144e-14
vn -0.866025 0.5 -2.89144e-14
vn -0.866025 -0.5 2.89144e-14
vn -0.866025 0.5 -2.89144e-14
vn -0.866025 0.5 -2.89144e-14
vn 2.04033e-16 1 -5.78287e-14
vn 2.04033e-16 1 -5.78287e-14
vn 2.04033e-16 1 -5.78287e-14
vn -0.866025 0.5 -2.89144e-14
vn -0.866025 0.5 -2.89144e-14
vn 0 5.78287e-14 1
vn 0 5.78287e-14 1
vn 0 5.78287e-14 1
vn 0 5.78287e-14 1
vn 0 5.78287e-14 1
vn 0 5.78287e-14 1
vn 0 5.78287e-14 1
vn 0 5.78287e-14 1
vn 0 5.78287e-14 1
vn 0 5.78287e-14 1
vn 0 5.78287e-14 1
vn 0 5.78287e-14 1
vn 0 5.78287e-14 1
vn 0 5.78287e-14 1
vn 0 5.78287e-14 1
vn 0 5.78287e-14 1
vn 0 5.78287e-14 1
vn 0 5.78287e-14 1
vn 0 5.78287e-14 1
vn 0 5.78287e-14 1
vn 0 5.78287e-14 1
vn 0 5.78287e-14 1
vn 0 5.78287e-14 1
vn 0 5.78287e-14 1
vn 0 5.78287e-14 1
vn 0 5.78287e-14 1
vn 0 5.78287e-14 1
vn 0 5.78287e-14 1
vn 0 5.78287e-14 1
vn 0 5.78287e-14 1
vn 0 5.78287e-14 1
vn 0 5.78287e-14 1
vn 0 5.78287e-14 1
vn 0 5.78287e-14 1
vn 0 5.78287e-14 1
vn 0 5.78287e-14 1
vn -0 5.78287e-14 1
vn -0 5.78287e-14 1
vn -0 5.78287e-14 1
vn -0 5.78287e-14 1
vn -0 5.78287e-14 1
vn -0 5.78287e-14 1
vn -0 5.78287e-14 1
vn -0 5.78287e-14 1
vn -0 5.78287e-14 1
vn -0 5.78287e-14 1
vn -0 5.78287e-14 1
vn -0 5.78287e-14 1
vn -0 5.78287e-14 1
vn -0 5.78287e-14 1
vn -0 5.78287e-14 1
vn -0 5.78287e-14 1
vn -0 5.78287e-14 1
vn -0 5.78287e-14 1
vn -0 5.78287e-14 1
vn -0 5.78287e-14 1
vn -0 5.78287e-14 1
vn -0 5.78287e-14 1
vn -0 5.78287e-14 1
vn -0 5.78287e-14 1
vn -0 5.78287e-14 1
vn -0 5.78287e-14 1
vn -0 5.78287e-14 1
vn -0 5.78287e-14 1
vn -0 5.78287e-14 1
vn -0 5.78287e-14 1
vn -0 5.78287e-14 1
vn -0 5.78287e-14 1
vn -0 5.78287e-14 1
vn -0 5.78287e-14 1
vn -0 5.78287e-14 1
vn -0 5.78287e-14 1
vn -0 5.78287e-14 1
vn -0 5.78287e-14 1
vn -0 5.78287e-14 1
vn -0 5.78287e-14 1
vn -0 5.78287e-14 1
vn -0 5.78287e-14 1
vn -0.866025 -0.5 2.89144e-14
vn -2.04033e-16 -1 5.78287e-14
vn -0.866025 -0.5 2.89144e-14
vn -2.04033e-16 -1 5.78287e-14
vn -0.866025 -0.5 2.89144e-14
vn -2.04033e-16 -1 5.78287e-14
vn -0.866025 -0.5 2.89144e-14
vn -0.866025 -0.5 2.89144e-14
vn -0.866025 0.5 -2.89144e-14
vn -0.866025 0.5 -2.89144e-14
vn -0.866025 0.5 -2.89144e-14
vn -0.866025 -0.5 2.89144e-14
vn 3.26452e-16 1 -5.78287e-14
vn -0.866025 0.5 -2.89144e-14
vn 3.26452e-16 1 -5.78287e-14
vn -0.866025 0.5 -2.89144e-14
vn 3.26452e-16 1 -5.78287e-14
vn -0.866025 0.5 -2.89144e-14
vn 3.26452e-16 1 -5.78287e-14
vn 3.26452e-16 1 -5.78287e-14
vn 0.866025 0.5 -2.89144e-14
vn 0.866025 0.5 -2.89144e-14
vn 0.866025 0.5 -2.89144e-14
vn 3.26452e-16 1 -5.78287e-14
vn 0.866025 -0.5 2.89144e-14
vn 0.866025 0.5 -2.89144e-14
vn 0.866025 -0.5 2.89144e-14
vn 0.866025 0.5 -2.89144e-14
vn 0.866025 -0.5 2.89144e-14
vn 0.866025 0.5 -2.89144e-14
vn 0.866025 -0.5 2.89144e-14
vn 0.866025 -0.5 2.89144e-14
vn -2.04033e-16 -1 5.78287e-14
vn -2.04033e-16 -1 5.78287e-14
vn -2.04033e-16 -1 5.78287e-14
vn 0.866025 -0.5 2.89144e-14
vn -0 -5.78287e-14 -1
vn -0 -5.78287e-14 -1
vn -0 -5.78287e-14 -1
vn -0 -5.78287e-14 -1
vn -0 -5.78287e-14 -1
vn -0 -5.78287e-14 -1
vn -0 -5.78287e-14 -1
vn -0 -5.78287e-14 -1
vn -0 -5.78287e-14 -1
vn -0 -5.78287e-14 -1
vn -0 -5.78287e-14 -1
vn -0 -5.78287e-14 -1
vn -0 -5.78287e-14 -1
vn -0 -5.78287e-14 -1
vn -0 -5.78287e-14 -1
vn -0 -5.78287e-14 -1
vn -0 -5.78287e-14 -1
vn -0 -5.78287e-14 -1
vn -0 -5.78287e-14 -1
vn -0 -5.78287e-14 -1
vn -0 -5.78287e-14 -1
vn -0 -5.78287e-14 -1
vn -0 -5.78287e-14 -1
vn -0 -5.78287e-14 -1
vn -0 -5.78287e-14 -1
vn -0 -5.78287e-14 -1
vn -0 -5.78287e-14 -1
vn -0 -5.78287e-14 -1
vn -0 -5.78287e-14 -1
vn -0 -5.78287e-14 -1
vn -0 -5.78287e-14 -1
vn -0 -5.78287e-14 -1
vn -0 -5.78287e-14 -1
vn -0 -5.78287e-14 -1
vn -0 -5.78287e-14 -1
vn -0 -5.78287e-14 -1
vn 0 0 0
vn 0 0 0
vn 0 0 0
vn 0 0 0
vn 0 0 0
vn 0 0 0
vn 0 0 0
vn 0 0 0
vn 0 0 0
vn 0 0 0
vn 0 0 0
vn 0 0 0
vn 0 0 0
vn 0 0 0
vn 0 0 0
vn 0 0 0
vn 0 0 0
vn 0 0 0
vn 0 0 0
vn 0 0 0
vn 0 0 0
vn 0 0 0
vn 0 0 0
vn 0 0 0
vn 0 0 0
vn 0 0 0
vn 0 0 0
vn 0 0 0
vn 0 0 0
vn 0 0 0
vn 0 0 0
vn 0 0 0
vn 0 0 0
vn 0 0 0
vn 0 0 0
vn 0 0 0
vn 0 0 0
vn 0 0 0
vn 0 0 0
vn 0 0 0
vn 0 0 0
vn 0 0 0
vn 0 0 0
vn 0 0 0
vn 0 0 0
vn 0 0 0
vn 0 0 0
vn 0 0 0
vn 0 0 0
vn 0 0 0
vn 0 0 0
vn 0 0 0
vn 0 0 0
vn 0 0 0
vn 0 0 0
vn 0 0 0
vn 0 0 0
vn 0 0 0
vn 0 0 0
vn 0 0 0
vn 0 0 0
vn 0 0 0
vn 0 0 0
vn 0 0 0
vn 0.866025 0.5 -2.88978e-14
vn 0.866025 -0.5 2.89144e-14
vn 0.866025 -0.5 2.89144e-14
vn 0.866025 -0.5 2.89144e-14
vn 0.866025 0.5 -2.88978e-14
vn 0.866025 0.5 -2.88978e-14
vn -8.16131e-17 1 -5.78122e-14
vn 0.866025 0.5 -2.88978e-14
vn 2.85646e-16 1 -5.78122e-14
vn 0.866025 0.5 -2.88978e-14
vn -8.16131e-17 1 -5.78122e-14
vn 0.5 0.866025 -5.00525e-14
vn 0.866025 0.5 -2.88978e-14
vn 0.5 0.866025 -5.00525e-14
vn 0.866025 0.5 -2.88978e-14
vn 0.866025 0.5 -2.88978e-14
vn 0.5 0.866025 -5.00525e-14
vn 0.5 0.866025 -5.00525e-14
vn 0.866025 0.5 -2.88978e-14
vn 0.866025 -0.5 2.89144e-14
vn 0.866025 -0.5 2.89144e-14
vn 0.866025 -0.5 2.89144e-14
vn 0.866025 0.5 -2.88978e-14
vn 0.866025 -0.5 2.89144e-14
vn 0.866025 -0.5 2.89144e-14
vn 0.866025 0.5 -2.88978e-14
vn 0.866025 0.5 -2.89144e-14
vn 0.866025 -0.5 2.89144e-14
vn 0.866025 0.5 -2.89144e-14
vn 0.866025 0.5 -2.89144e-14
vn 0.866025 -0.5 2.89144e-14
vn -2.85646e-16 -1 5.78287e-14
vn 0.866025 -0.5 2.89144e-14
vn -2.85646e-16 -1 5.78287e-14
vn 0.866025 -0.5 2.89144e-14
vn -2.85646e-16 -1 5.78287e-14
vn -0.866025 0.5 -2.89144e-14
vn -8.16131e-17 1 -5.78122e-14
vn 2.85646e-16 1 -5.78122e-14
vn -8.16131e-17 1 -5.78122e-14
vn -0.866025 0.5 -2.89144e-14
vn -0.866025 0.5 -2.89144e-14
vn 2.04033e-16 1 -5.78287e-14
vn 0.5 0.866025 -5.00525e-14
vn -8.16131e-17 1 -5.78122e-14
vn 0.5 0.866025 -5.00525e-14
vn 2.04033e-16 1 -5.78287e-14
vn 0.5 0.866025 -5.00525e-14
vn 0.5 0.866025 -5.00525e-14
vn 2.04033e-16 1 -5.78287e-14
vn 0.866025 0.5 -2.88978e-14
vn 0.866025 0.5 -2.88978e-14
vn 2.04033e-16 1 -5.78287e-14
vn 0.866025 0.5 -2.89144e-14
vn 0 5.78287e-14 1
vn 0 5.78287e-14 1
vn 0 5.78287e-14 1
vn 0 5.78287e-14 1
vn 0 5.78287e-14 1
vn 0 5.78287e-14 1
vn 0 5.78287e-14 1
vn 0 5.78287e-14 1
vn 0 5.78287e-14 1
vn 0 5.78287e-14 1
vn 0 5.78287e-14 1
vn 0 5.78287e-14 1
vn 0 5.78287e-14 1
vn 0 5.78287e-14 1
vn 0 5.78287e-14 1
vn 0 5.78287e-14 1
vn 0 5.78287e-14 1
vn 0 5.78287e-14 1
vn 0 5.78287e-14 1
vn 0 5.78287e-14 1
vn 0 5.78287e-14 1
vn 0 5.78287e-14 1
vn 0 5.78287e-14 1
vn 0 5.78287e-14 1
vn 0 5.78287e-14 1
vn 0 5.78287e-14 1
vn 0 5.78287e-14 1
vn 0 5.78287e-14 1
vn 0 5.78287e-14 1
vn 0 5.78287e-14 1
vn 0 5.78287e-14 1
vn 0 5.78287e-14 1
vn 0 5.78287e-14 1
vn 0 5.78287e-14 1
vn 0 5.78287e-14 1
vn 0 5.78287e-14 1
vn 0.866025 -0.5 2.89144e-14
vn -2.85646e-16 -1 5.78287e-14
vn 0.866025 -0.5 2.89144e-14
vn -2.85646e-16 -1 5.78287e-14
vn 0.866025 -0.5 2.89144e-14
vn -2.85646e-16 -1 5.78287e-14
vn -2.85646e-16 -1 5.78287e-14
vn 0.866025 -0.5 2.89144e-14
vn 0.866025 -0.5 2.89144e-14
vn -2.85646e-16 -1 5.78287e-14
vn 0.866025 -0.5 2.89144e-14
vn -2.85646e-16 -1 5.78287e-14
vn 2.85646e-16 1 -5.78287e-14
vn 0.866025 0.5 -2.89144e-14
vn 2.04033e-16 1 -5.78287e-14
vn 0.866025 0.5 -2.89144e-14
vn 2.85646e-16 1 -5.78287e-14
vn 0.866025 0.5 -2.89144e-14
vn -2.85646e-16 -1 5.78287e-14
vn -0.866025 -0.5 2.89144e-14
vn -0.866025 -0.5 2.89144e-14
vn -0.866025 -0.5 2.89144e-14
vn -2.85646e-16 -1 5.78287e-14
vn -2.85646e-16 -1 5.78287e-14
vn -0.866025 -0.5 2.89144e-14
vn -0.866025 0.5 -2.89144e-14
vn -0.866025 -0.5 2.89144e-14
vn -0.866025 0.5 -2.89144e-14
vn -0.866025 -0.5 2.89144e-14
vn -0.866025 0.5 -2.89144e-14
vn -0.866025 0.5 -2.89144e-14
vn 2.04033e-16 1 -5.78287e-14
vn -8.16131e-17 1 -5.78122e-14
vn 2.04033e-16 1 -5.78287e-14
vn -0.866025 0.5 -2.89144e-14
vn -0.866025 0.5 -2.89144e-14
vn 2.04033e-16 1 -5.78287e-14
vn -0.866025 0.5 -2.89144e-14
vn 2.85646e-16 1 -5.78287e-14
vn 2.85646e-16 1 -5.78287e-14
vn -0.866025 0.5 -2.89144e-14
vn -0.866025 0.5 -2.89144e-14
vn -0.866025 -0.5 2.89144e-14
vn -0.866025 0.5 -2.89144e-14
vn -0.866025 -0.5 2.89144e-14
vn -0.866025 0.5 -2.89144e-14
vn -0.866025 -0.5 2.89144e-14
vn -0.866025 -0.5 2.89144e-14
vn -0.866025 0.5 -2.89144e-14
vn -0.866025 -0.5 2.89144e-14
vn -0.866025 0.5 -2.89144e-14
vn -0.866025 0.5 -2.89144e-14
vn -0.866025 -0.5 2.89144e-14
vn -0.866025 0.5 -2.89144e-14
vn -2.85646e-16 -1 5.78287e-14
vn -0.866025 -0.5 2.89144e-14
vn -0.866025 -0.5 2.89144e-14
vn -0.866025 -0.5 2.89144e-14
vn -2.85646e-16 -1 5.78287e-14
vn -2.85646e-16 -1 5.78287e-14
vn -0.866025 -0.5 2.89144e-14
vn -2.85646e-16 -1 5.78287e-14
vn -0.866025 -0.5 2.89144e-14
vn -0.866025 -0.5 2.89144e-14
vn -2.85646e-16 -1 5.78287e-14
vn -2.85646e-16 -1 5.78287e-14
vn -0.866025 -0.5 2.88978e-14
vn -0.866025 -0.5 2.88978e-14
vn -0.866025 0.5 -2.89144e-14
vn -0.866025 0.5 -2.89144e-14
vn -0.866025 0.5 -2.89144e-14
vn -0.866025 -0.5 2.88978e-14
vn -0.5 -0.866025 5.00525e-14
vn -0.5 -0.866025 5.00525e-14
vn -0.866025 -0.5 2.88978e-14
vn -0.866025 -0.5 2.88978e-14
vn -0.5 -0.866025 5.00525e-14
vn -0.866025 -0.5 2.88978e-14
vn -0.5 -0.866025 5.00525e-14
vn 8.16131e-17 -1 5.78122e-14
vn -0.866025 -0.5 2.88978e-14
vn -2.85646e-16 -1 5.78122e-14
vn -0.866025 -0.5 2.88978e-14
vn 8.16131e-17 -1 5.78122e-14
vn -0.866025 -0.5 2.89144e-14
vn -0.866025 -0.5 2.89144e-14
vn -0.866025 0.5 -2.89144e-14
vn -0.866025 -0.5 2.89144e-14
vn -0.866025 -0.5 2.88978e-14
vn -0.866025 0.5 -2.89144e-14
vn -0.866025 0.5 -2.89144e-14
vn -0.866025 -0.5 2.88978e-14
vn -0.866025 0.5 -2.89144e-14
vn -0.866025 0.5 -2.89144e-14
vn -0.866025 0.5 -2.89144e-14
vn -0.866025 -0.5 2.88978e-14
vn 2.85646e-16 1 -5.78287e-14
vn -0.866025 0.5 -2.89144e-14
vn 2.85646e-16 1 -5.78287e-14
vn -0.866025 0.5 -2.89144e-14
vn 2.85646e-16 1 -5.78287e-14
vn -0.866025 0.5 -2.89144e-14
vn 0.866025 -0.5 2.89144e-14
vn 0.866025 -0.5 2.89144e-14
vn 8.16131e-17 -1 5.78122e-14
vn -2.85646e-16 -1 5.78122e-14
vn 8.16131e-17 -1 5.78122e-14
vn 0.866025 -0.5 2.89144e-14
vn -0.866025 -0.5 2.89144e-14
vn -2.04033e-16 -1 5.78287e-14
vn -0.866025 -0.5 2.88978e-14
vn -0.866025 -0.5 2.88978e-14
vn -2.04033e-16 -1 5.78287e-14
vn -0.5 -0.866025 5.00525e-14
vn -0.5 -0.866025 5.00525e-14
vn -2.04033e-16 -1 5.78287e-14
vn -0.5 -0.866025 5.00525e-14
vn 8.16131e-17 -1 5.78122e-14
vn -0.5 -0.866025 5.00525e-14
vn -2.04033e-16 -1 5.78287e-14
vn -0 -5.78287e-14 -1
vn -0 -5.78287e-14 -1
vn -0 -5.78287e-14 -1
vn -0 -5.78287e-14 -1
vn -0 -5.78287e-14 -1
vn -0 -5.78287e-14 -1
vn -0 -5.78287e-14 -1
vn -0 -5.78287e-14 -1
vn -0 -5.78287e-14 -1
vn -0 -5.78287e-14 -1
vn -0 -5.78287e-14 -1
vn -0 -5.78287e-14 -1
vn -0 -5.78287e-14 -1
vn -0 -5.78287e-14 -1
vn -0 -5.78287e-14 -1
vn -0 -5.78287e-14 -1
vn -0 -5.78287e-14 -1
vn -0 -5.78287e-14 -1
vn -0 -5.78287e-14 -1
vn -0 -5.78287e-14 -1
vn -0 -5.78287e-14 -1
vn -0 -5.78287e-14 -1
vn -0 -5.78287e-14 -1
vn -0 -5.78287e-14 -1
vn -0 -5.78287e-14 -1
vn -0 -5.78287e-14 -1
vn -0 -5.78287e-14 -1
vn -0 -5.78287e-14 -1
vn -0 -5.78287e-14 -1
vn -0 -5.78287e-14 -1
vn -0 -5.78287e-14 -1
vn -0 -5.78287e-14 -1
vn -0 -5.78287e-14 -1
vn -0 -5.78287e-14 -1
vn -0 -5.78287e-14 -1
vn -0 -5.78287e-14 -1
vn 2.85646e-16 1 -5.78287e-14
vn -0.866025 0.5 -2.89144e-14
vn 2.85646e-16 1 -5.78287e-14
vn -0.866025 0.5 -2.89144e-14
vn -0.866025 0.5 -2.89144e-14
vn 2.85646e-16 1 -5.78287e-14
vn 2.85646e-16 1 -5.78287e-14
vn -0.866025 0.5 -2.89144e-14
vn 2.85646e-16 1 -5.78287e-14
vn -0.866025 0.5 -2.89144e-14
vn 2.85646e-16 1 -5.78287e-14
vn -0.866025 0.5 -2.89144e-14
vn -0.866025 -0.5 2.89144e-14
vn -2.85646e-16 -1 5.78287e-14
vn -0.866025 -0.5 2.89144e-14
vn -2.04033e-16 -1 5.78287e-14
vn -0.866025 -0.5 2.89144e-14
vn -2.85646e-16 -1 5.78287e-14
vn 2.85646e-16 1 -5.78287e-14
vn 2.85646e-16 1 -5.78287e-14
vn 0.866025 0.5 -2.89144e-14
vn 0.866025 0.5 -2.89144e-14
vn 0.866025 0.5 -2.89144e-14
vn 2.85646e-16 1 -5.78287e-14
vn 0.866025 -0.5 2.89144e-14
vn 0.866025 0.5 -2.89144e-14
vn 0.866025 -0.5 2.89144e-14
vn 0.866025 0.5 -2.89144e-14
vn 0.866025 -0.5 2.89144e-14
vn 0.866025 0.5 -2.89144e-14
vn 0.866025 -0.5 2.89144e-14
vn 0.866025 -0.5 2.89144e-14
vn -2.85646e-16 -1 5.78287e-14
vn -2.85646e-16 -1 5.78287e-14
vn 0.866025 -0.5 2.89144e-14
vn -2.04033e-16 -1 5.78287e-14
vn 0.866025 -0.5 2.89144e-14
vn 0.866025 -0.5 2.89144e-14
vn -2.04033e-16 -1 5.78287e-14
vn 8.16131e-17 -1 5.78122e-14
vn -2.04033e-16 -1 5.78287e-14
vn 0.866025 -0.5 2.89144e-14
vn 0.866025 -0.5 2.89144e-14
vn 0.866025 0.5 -2.89144e-14
vn 0.866025 -0.5 2.89144e-14
vn 0.866025 -0.5 2.89144e-14
vn 0.866025 0.5 -2.89144e-14
vn 0.866025 -0.5 2.89144e-14
vn 0.866025 0.5 -2.89144e-14
vn 0.866025 0.5 -2.89144e-14
vn 0.866025 -0.5 2.89144e-14
vn 0.866025 0.5 -2.89144e-14
vn 0.866025 -0.5 2.89144e-14
vn 0.866025 0.5 -2.89144e-14
vn 2.85646e-16 1 -5.78287e-14
vn 2.85646e-16 1 -5.78287e-14
vn 0.866025 0.5 -2.89144e-14
vn 0.866025 0.5 -2.89144e-14
vn 2.85646e-16 1 -5.78287e-14
vn 0.866025 0.5 -2.89144e-14
vn 2.85646e-16 1 -5.78287e-14
vn 2.85646e-16 1 -5.78287e-14
vn 0.866025 0.5 -2.89144e-14
vn 0.866025 0.5 -2.89144e-14
vn 0.866025 0.5 -2.89144e-14
vn 2.85646e-16 1 -5.78287e-14
vn 0 0 0
vn 0 0 0
vn 0 0 0
vn 0 0 0
vn 0 0 0
vn 0 0 0
vn 0 0 0
vn 0 0 0
vn 0 0 0
vn 0 0 0
vn 0 0 0
vn 0 0 0
vn 0 0 0
vn 0 0 0
vn 0 0 0
vn 0 0 0
vn 0 0 0
vn 0 0 0
vn 0 0 0
vn 0 0 0
vn 0 0 0
vn 0 0 0
vn 0 0 0
vn 0 0 0
vn 0 0 0
vn 0 0 0
vn 0 0 0
vn 0 0 0
vn 0 0 0
vn 0 0 0
vn 0 0 0
vn 0 0 0
vn 0 0 0
vn 0 0 0
vn 0 0 0
vn 0 0 0
vn 0 0 0
vn 0 0 0
vn 0 0 0
vn 0 0 0
vn 0 0 0
vn 0 0 0
vn 0 0 0
vn 0 0 0
vn 0 0 0
vn 0 0 0
vn 0 0 0
vn 0 0 0
vn 0 0 0
vn 0 0 0
vn 0 0 0
vn 0 0 0
vn 0 0 0
vn 0 0 0
vn 0 0 0
vn 0 0 0
vn 0 0 0
vn 0 0 0
vn 0 0 0
vn 0 0 0
vn 0 0 0
vn 0 0 0
vn 0 0 0
vn 0 0 0
vn 0 0 0
vn 0 0 0
vn 0 0 0
vn 0 0 0
vn 0 0 0
vn 0 0 0
vn 0 0 0
vn 0 0 0
vn 0 0 0
vn 0 0 0
vn 0 0 0
vn 0 0 0
vn 0 0 0
vn 0 0 0
vn 0 0 0
vn 0 0 0
vn 0 0 0
vn 0 0 0
vn 0 0 0
vn 0 0 0
vn 0 0 0
vn 0 0 0
vn 0 0 0
vn 0 0 0
vn 0 0 0
vn 0 0 0
vn -5.98934e-17 5.73673e-14 1
vn -5.98934e-17 5.73673e-14 1
vn -5.98934e-17 5.73673e-14 1
vn -5.98934e-17 5.73673e-14 1
vn -5.98934e-17 5.73673e-14 1
vn -5.98934e-17 5.73673e-14 1
vn 0.866025 -0.5 2.89144e-14
vn 0.866025 0.5 -2.887e-14
vn 0.866025 0.5 -2.887e-14
vn 0.866025 0.5 -2.887e-14
vn 0.866025 -0.5 2.89144e-14
vn 0.866025 -0.5 2.89144e-14
vn -5.98934e-17 5.73673e-14 1
vn -5.98934e-17 5.73673e-14 1
vn -5.98934e-17 5.73673e-14 1
vn -5.98934e-17 5.73673e-14 1
vn -5.98934e-17 5.73673e-14 1
vn -5.98934e-17 5.73673e-14 1
vn -0.866025 -0.5 2.94798e-14
vn -4.08065e-16 -1 5.83942e-14
vn -4.08065e-16 -1 5.83942e-14
vn -4.08065e-16 -1 5.83942e-14
vn -0.866025 -0.5 2.94798e-14
vn -0.866025 -0.5 2.94798e-14
vn -4.08065e-16 -1 5.83942e-14
vn 0.866025 -0.5 2.89144e-14
vn -4.08065e-16 -1 5.83942e-14
vn 0.866025 -0.5 2.89144e-14
vn -4.08065e-16 -1 5.83942e-14
vn 0.866025 -0.5 2.89144e-14
vn 0.866025 0.5 -2.887e-14
vn 2.85646e-16 1 -5.77844e-14
vn 0.866025 0.5 -2.887e-14
vn 2.85646e-16 1 -5.77844e-14
vn 0.866025 0.5 -2.887e-14
vn 2.85646e-16 1 -5.77844e-14
vn -0.866025 0.5 -2.89144e-14
vn -0.866025 -0.5 2.94798e-14
vn -0.866025 0.5 -2.89144e-14
vn -0.866025 -0.5 2.94798e-14
vn -0.866025 0.5 -2.89144e-14
vn -0.866025 -0.5 2.94798e-14
vn 2.85646e-16 1 -5.77844e-14
vn -0.866025 0.5 -2.89144e-14
vn -0.866025 0.5 -2.89144e-14
vn -0.866025 0.5 -2.89144e-14
vn 2.85646e-16 1 -5.77844e-14
vn 2.85646e-16 1 -5.77844e-14
vn 5.98934e-17 -5.73673e-14 -1
vn 5.98934e-17 -5.73673e-14 -1
vn 5.98934e-17 -5.73673e-14 -1
vn 5.98934e-17 -5.73673e-14 -1
vn 5.98934e-17 -5.73673e-14 -1
vn 5.98934e-17 -5.73673e-14 -1
vn -0.866025 0.5 -2.89144e-14
vn -0.866025 0.5 -2.89144e-14
vn -0.866025 -0.5 2.887e-14
vn -0.866025 -0.5 2.887e-14
vn -0.866025 -0.5 2.887e-14
vn -0.866025 0.5 -2.89144e-14
vn 5.98934e-17 -5.73673e-14 -1
vn 5.98934e-17 -5.73673e-14 -1
vn 5.98934e-17 -5.73673e-14 -1
vn 5.98934e-17 -5.73673e-14 -1
vn 5.98934e-17 -5.73673e-14 -1
vn 5.98934e-17 -5.73673e-14 -1
vn 0.866025 0.5 -2.94798e-14
vn 0.866025 0.5 -2.94798e-14
vn 4.08065e-16 1 -5.83942e-14
vn 4.08065e-16 1 -5.83942e-14
vn 4.08065e-16 1 -5.83942e-14
vn 0.866025 0.5 -2.94798e-14
vn -0.866025 0.5 -2.89144e-14
vn 4.08065e-16 1 -5.83942e-14
vn -0.866025 0.5 -2.89144e-14
vn 4.08065e-16 1 -5.83942e-14
vn -0.866025 0.5 -2.89144e-14
vn 4.08065e-16 1 -5.83942e-14
vn -2.85646e-16 -1 5.77844e-14
vn -0.866025 -0.5 2.887e-14
vn -2.85646e-16 -1 5.77844e-14
vn -0.866025 -0.5 2.887e-14
vn -2.85646e-16 -1 5.77844e-14
vn -0.866025 -0.5 2.887e-14
vn 0.866025 0.5 -2.94798e-14
vn 0.866025 -0.5 2.89144e-14
vn 0.866025 0.5 -2.94798e-14
vn 0.866025 -0.5 2.89144e-14
vn 0.866025 0.5 -2.94798e-14
vn 0.866025 -0.5 2.89144e-14
vn -2.85646e-16 -1 5.77844e-14
vn -2.85646e-16 -1 5.77844e-14
vn 0.866025 -0.5 2.89144e-14
vn 0.866025 -0.5 2.89144e-14
vn 0.866025 -0.5 2.89144e-14
vn -2.85646e-16 -1 5.77844e-14
vn 0 0 0
vn 0 0 0
vn 0 0 0
vn 0 0 0
vn 0 0 0
vn 0 0 0
vn 0 0 0
vn 0 0 0
vn 0 0 0
vn 0 0 0
vn 0 0 0
vn 0 0 0
vn 0 0 0
vn 0 0 0
vn 0 0 0
vn 0 0 0
vn 0 0 0
vn 0 0 0
vn 0 0 0
vn 0 0 0
vn 0 0 0
vn 0 0 0
vn 0 0 0
vn 0 0 0
vn 0 0 0
vn 0 0 0
vn 0 0 0
vn 0 0 0
vn 0 0 0
vn 0 0 0
vn 0 0 0
vn 0 0 0
vn 0 0 0
vn 0 0 0
vn 0 0 0
vn 0 0 0
vn 0 0 0
vn 0 0 0
vn 0.433013 0.25 -0.866025
vn 0.433013 0.25 -0.866025
vn 0.433013 0.25 -0.866025
vn 0.433013 0.25 -0.866025
vn 0.433013 0.25 -0.866025
vn 0.433013 0.25 -0.866025
vn -0.433013 -0.25 -0.866025
vn -0.433013 -0.25 -0.866025
vn -0.433013 -0.25 -0.866025
vn -0.433013 -0.25 -0.866025
vn -0.433013 -0.25 -0.866025
vn -0.433013 -0.25 -0.866025
vn 0.866025 0.5 1.66652e-15
vn 0.866025 0.5 1.66652e-15
vn 0.866025 0.5 1.66652e-15
vn 0.866025 0.5 1.66652e-15
vn 0.866025 0.5 1.66652e-15
vn 0.866025 0.5 1.66652e-15
vn -0.866025 -0.5 3.29434e-16
vn -0.866025 -0.5 3.29434e-16
vn -0.866025 -0.5 3.29434e-16
vn -0.866025 -0.5 3.29434e-16
vn -0.866025 -0.5 3.29434e-16
vn -0.866025 -0.5 3.29434e-16
vn 0.433013 0.25 0.866025
vn 0.433013 0.25 0.866025
vn 0.433013 0.25 0.866025
vn 0.433013 0.25 0.866025
vn 0.433013 0.25 0.866025
vn 0.433013 0.25 0.866025
vn -0.433013 -0.25 0.866025
vn -0.433013 -0.25 0.866025
vn -0.433013 -0.25 0.866025
vn -0.433013 -0.25 0.866025
vn -0.433013 -0.25 0.866025
vn -0.433013 -0.25 0.866025
vn -0.433013 -0.25 0.866025
vn -0.433013 -0.25 0.866025
vn -0.433013 -0.25 0.866025
vn -0.433013 -0.25 0.866025
vn -0.433013 -0.25 0.866025
vn -0.433013 -0.25 0.866025
vn 0.433013 0.25 0.866025
vn 0.433013 0.25 0.866025
vn 0.433013 0.25 0.866025
vn 0.433013 0.25 0.866025
vn 0.433013 0.25 0.866025
vn 0.433013 0.25 0.866025
vn -0.866025 -0.5 -1.66652e-15
vn -0.866025 -0.5 -1.66652e-15
vn -0.866025 -0.5 -1.66652e-15
vn -0.866025 -0.5 -1.66652e-15
vn -0.866025 -0.5 -1.66652e-15
vn -0.866025 -0.5 -1.66652e-15
vn 0.866025 0.5 -3.29434e-16
vn 0.866025 0.5 -3.29434e-16
vn 0.866025 0.5 -3.29434e-16
vn 0.866025 0.5 -3.29434e-16
vn 0.866025 0.5 -3.29434e-16
vn 0.866025 0.5 -3.29434e-16
vn -0.433013 -0.25 -0.866025
vn -0.433013 -0.25 -0.866025
vn -0.433013 -0.25 -0.866025
vn -0.433013 -0.25 -0.866025
vn -0.433013 -0.25 -0.866025
vn -0.433013 -0.25 -0.866025
vn 0.433013 0.25 -0.866025
vn 0.433013 0.25 -0.866025
vn 0.433013 0.25 -0.866025
vn 0.433013 0.25 -0.866025
vn 0.433013 0.25 -0.866025
vn 0.433013 0.25 -0.866025
vn 0 0 0
vn 0 0 0
vn 0 0 0
vn 0 0 0
vn 0 0 0
vn 0 0 0
vn 0 0 0
vn 0 0 0
vn 0 0 0
vn 0 0 0
vn 0 0 0
vn 0 0 0
vn 0 0 0
vn 0 0 0
vn 0 0 0
vn 0 0 0
vn 0 0 0
vn 0 0 0
vn 0 0 0
vn 0 0 0
vn 0 0 0
vn 0 0 0
vn 0 0 0
vn 0 0 0
vn 0 0 0
vn 0 0 0
vn 0 0 0
vn 0 0 0
vn 0 0 0
vn 0 0 0
vn 0 0 0
vn 0 0 0
vn 0 0 0
vn 0 0 0
vn 0 0 0
vn 0 0 0
vn 0.866025 0.5 -7.89025e-16
vn 0.866025 0.5 -7.89025e-16
vn 0.866025 0.5 -7.89025e-16
vn 0.866025 0.5 -7.89025e-16
vn 0.866025 0.5 -7.89025e-16
vn 0.866025 0.5 -7.89025e-16
vn 0.433013 0.25 -0.866025
vn 0.433013 0.25 -0.866025
vn 0.433013 0.25 -0.866025
vn 0.433013 0.25 -0.866025
vn 0.433013 0.25 -0.866025
vn 0.433013 0.25 -0.866025
vn -0.5 0.866025 -5.01479e-14
vn -0.5 0.866025 -5.01479e-14
vn -0.5 0.866025 -5.01479e-14
vn -0.5 0.866025 -5.01479e-14
vn -0.5 0.866025 -5.01479e-14
vn -0.5 0.866025 -5.01479e-14
vn -0.5 0.866025 -5.01479e-14
vn -0.5 0.866025 -5.01479e-14
vn -0.5 0.866025 -5.01479e-14
vn -0.5 0.866025 -5.01479e-14
vn -0.5 0.866025 -5.01479e-14
vn -0.5 0.866025 -5.01479e-14
vn -0.5 0.866025 -5.01479e-14
vn -0.5 0.866025 -5.01479e-14
vn -0.5 0.866025 -5.01479e-14
vn -0.5 0.866025 -5.01479e-14
vn -0.5 0.866025 -5.01479e-14
vn -0.5 0.866025 -5.01479e-14
vn -0.5 0.866025 -5.01479e-14
vn -0.5 0.866025 -5.01479e-14
vn -0.5 0.866025 -5.01479e-14
vn -0.5 0.866025 -5.01479e-14
vn -0.5 0.866025 -5.01479e-14
vn -0.5 0.866025 -5.01479e-14
vn -0.5 0.866025 -5.01479e-14
vn -0.5 0.866025 -5.01479e-14
vn -0.5 0.866025 -5.01479e-14
vn -0.5 0.866025 -5.01479e-14
vn -0.5 0.866025 -5.01479e-14
vn -0.5 0.866025 -5.01479e-14
vn -0.5 0.866025 -5.01479e-14
vn -0.5 0.866025 -5.01479e-14
vn -0.5 0.866025 -5.01479e-14
vn -0.5 0.866025 -5.01479e-14
vn -0.5 0.866025 -5.01479e-14
vn -0.5 0.866025 -5.01479e-14
vn 0.433013 0.25 0.866025
vn 0.433013 0.25 0.866025
vn 0.433013 0.25 0.866025
vn 0.433013 0.25 0.866025
vn 0.433013 0.25 0.866025
vn 0.433013 0.25 0.866025
vn -0.433013 -0.25 -0.866025
vn -0.433013 -0.25 -0.866025
vn -0.433013 -0.25 -0.866025
vn -0.433013 -0.25 -0.866025
vn -0.433013 -0.25 -0.866025
vn -0.433013 -0.25 -0.866025
vn -0.866025 -0.5 3.15003e-16
vn -0.866025 -0.5 3.15003e-16
vn -0.866025 -0.5 3.15003e-16
vn -0.866025 -0.5 3.15003e-16
vn -0.866025 -0.5 3.15003e-16
vn -0.866025 -0.5 3.15003e-16
vn -0.433013 -0.25 0.866025
vn -0.433013 -0.25 0.866025
vn -0.433013 -0.25 0.866025
vn -0.433013 -0.25 0.866025
vn -0.433013 -0.25 0.866025
vn -0.433013 -0.25 0.866025
vn -0.866025 -0.5 7.89025e-16
vn -0.866025 -0.5 7.89025e-16
vn -0.866025 -0.5 7.89025e-16
vn -0.866025 -0.5 7.89025e-16
vn -0.866025 -0.5 7.89025e-16
vn -0.866025 -0.5 7.89025e-16
vn -0.433013 -0.25 0.866025
vn -0.433013 -0.25 0.866025
vn -0.433013 -0.25 0.866025
vn -0.433013 -0.25 0.866025
vn -0.433013 -0.25 0.866025
vn -0.433013 -0.25 0.866025
vn 0.5 -0.866025 5.01479e-14
vn 0.5 -0.866025 5.01479e-14
vn 0.5 -0.866025 5.01479e-14
vn 0.5 -0.866025 5.01479e-14
vn 0.5 -0.866025 5.01479e-14
vn 0.5 -0.866025 5.01479e-14
vn 0.5 -0.866025 5.01479e-14
vn 0.5 -0.866025 5.01479e-14
vn 0.5 -0.866025 5.01479e-14
vn 0.5 -0.866025 5.01479e-14
vn 0.5 -0.866025 5.01479e-14
vn 0.5 -0.866025 5.01479e-14
vn 0.5 -0.866025 5.01479e-14
vn 0.5 -0.866025 5.01479e-14
vn 0.5 -0.866025 5.01479e-14
vn 0.5 -0.866025 5.01479e-14
vn 0.5 -0.866025 5.01479e-14
vn 0.5 -0.866025 5.01479e-14
vn 0.5 -0.866025 5.01479e-14
vn 0.5 -0.866025 5.01479e-14
vn 0.5 -0.866025 5.01479e-14
vn 0.5 -0.866025 5.01479e-14
vn 0.5 -0.866025 5.01479e-14
vn 0.5 -0.866025 5.01479e-14
vn 0.5 -0.866025 5.01479e-14
vn 0.5 -0.866025 5.01479e-14
vn 0.5 -0.866025 5.01479e-14
vn 0.5 -0.866025 5.01479e-14
vn 0.5 -0.866025 5.01479e-14
vn 0.5 -0.866025 5.01479e-14
vn 0.5 -0.866025 5.01479e-14
vn 0.5 -0.866025 5.01479e-14
vn 0.5 -0.866025 5.01479e-14
vn 0.5 -0.866025 5.01479e-14
vn 0.5 -0.866025 5.01479e-14
vn 0.5 -0.866025 5.01479e-14
vn -0.433013 -0.25 -0.866025
vn -0.433013 -0.25 -0.866025
vn -0.433013 -0.25 -0.866025
vn -0.433013 -0.25 -0.866025
vn -0.433013 -0.25 -0.866025
vn -0.433013 -0.25 -0.866025
vn 0.433013 0.25 0.866025
vn 0.433013 0.25 0.866025
vn 0.433013 0.25 0.866025
vn 0.433013 0.25 0.866025
vn 0.433013 0.25 0.866025
vn 0.433013 0.25 0.866025
vn 0.866025 0.5 -3.15003e-16
vn 0.866025 0.5 -3.15003e-16
vn 0.866025 0.5 -3.15003e-16
vn 0.866025 0.5 -3.15003e-16
vn 0.866025 0.5 -3.15003e-16
vn 0.866025 0.5 -3.15003e-16
vn 0.433013 0.25 -0.866025
vn 0.433013 0.25 -0.866025
vn 0.433013 0.25 -0.866025
vn 0.433013 0.25 -0.866025
vn 0.433013 0.25 -0.866025
vn 0.433013 0.25 -0.866025
vn 0 0 0
vn 0 0 0
vn 0 0 0
vn 0 0 0
vn 0 0 0
vn 0 0 0
vn 0 0 0
vn 0 0 0
vn 0 0 0
vn 0 0 0
vn 0 0 0
vn 0 0 0
vn 0 0 0
vn 0 0 0
vn 0 0 0
vn 0 0 0
vn 0 0 0
vn 0 0 0
vn 0 0 0
vn 0 0 0
vn 0 0 0
vn 0 0 0
vn 0 0 0
vn 0 0 0
vn 0 0 0
vn 0 0 0
vn 0 0 0
vn 0 0 0
vn 0 0 0
vn 0 0 0
vn 0 0 0
vn 0 0 0
vn 0 0 0
vn 0 0 0
vn 0 0 0
vn 0 0 0
vn 0 0 0
vn 0 0 0
vn 0 0 0
vn 0 0 0
vn 0 0 0
vn 0 0 0
vn 0 0 0
vn 0 0 0
vn 0 0 0
vn 0 0 0
vn 0 0 0
vn 0 0 0
vn -0.5 0.866025 -4.8983e-14
vn -0.5 0.866025 -4.8983e-14
vn -0.5 0.866025 -4.8983e-14
vn -0.5 0.866025 -4.8983e-14
vn -0.5 0.866025 -4.8983e-14
vn -0.5 0.866025 -4.8983e-14
vn -0.5 0.866025 -4.8983e-14
vn -0.5 0.866025 -4.8983e-14
vn -0.5 0.866025 -4.8983e-14
vn -0.5 0.866025 -4.8983e-14
vn -0.5 0.866025 -4.8983e-14
vn -0.5 0.866025 -4.8983e-14
vn -0.433013 -0.25 0.866025
vn -0.433013 -0.25 0.866025
vn -0.433013 -0.25 0.866025
vn -0.433013 -0.25 0.866025
vn -0.433013 -0.25 0.866025
vn -0.433013 -0.25 0.866025
vn 0.433013 0.25 0.866025
vn 0.433013 0.25 0.866025
vn 0.433013 0.25 0.866025
vn 0.433013 0.25 0.866025
vn 0.433013 0.25 0.866025
vn 0.433013 0.25 0.866025
vn 0.866025 0.5 7.76107e-15
vn 0.866025 0.5 7.76107e-15
vn 0.866025 0.5 7.76107e-15
vn 0.866025 0.5 7.76107e-15
vn 0.866025 0.5 7.76107e-15
vn 0.866025 0.5 7.76107e-15
vn 0.433013 0.25 -0.866025
vn 0.433013 0.25 -0.866025
vn 0.433013 0.25 -0.866025
vn 0.433013 0.25 -0.866025
vn 0.433013 0.25 -0.866025
vn 0.433013 0.25 -0.866025
vn -0.433013 -0.25 -0.866025
vn -0.433013 -0.25 -0.866025
vn -0.433013 -0.25 -0.866025
vn -0.433013 -0.25 -0.866025
vn -0.433013 -0.25 -0.866025
vn -0.433013 -0.25 -0.866025
vn -0.866025 -0.5 -1.92624e-15
vn -0.866025 -0.5 -1.92624e-15
vn -0.866025 -0.5 -1.92624e-15
vn -0.866025 -0.5 -1.92624e-15
vn -0.866025 -0.5 -1.92624e-15
vn -0.866025 -0.5 -1.92624e-15
vn 0.5 -0.866025 4.8983e-14
vn 0.5 -0.866025 4.8983e-14
vn 0.5 -0.866025 4.8983e-14
vn 0.5 -0.866025 4.8983e-14
vn 0.5 -0.866025 4.8983e-14
vn 0.5 -0.866025 4.8983e-14
vn 0.5 -0.866025 4.8983e-14
vn 0.5 -0.866025 4.8983e-14
vn 0.5 -0.866025 4.8983e-14
vn 0.5 -0.866025 4.8983e-14
vn 0.5 -0.866025 4.8983e-14
vn 0.5 -0.866025 4.8983e-14
vn 0.433013 0.25 -0.866025
vn 0.433013 0.25 -0.866025
vn 0.433013 0.25 -0.866025
vn 0.433013 0.25 -0.866025
vn 0.433013 0.25 -0.866025
vn 0.433013 0.25 -0.866025
vn -0.433013 -0.25 -0.866025
vn -0.433013 -0.25 -0.866025
vn -0.433013 -0.25 -0.866025
vn -0.433013 -0.25 -0.866025
vn -0.433013 -0.25 -0.866025
vn -0.433013 -0.25 -0.866025
vn -0.866025 -0.5 -7.76107e-15
vn -0.866025 -0.5 -7.76107e-15
vn -0.866025 -0.5 -7.76107e-15
vn -0.866025 -0.5 -7.76107e-15
vn -0.866025 -0.5 -7.76107e-15
vn -0.866025 -0.5 -7.76107e-15
vn -0.433013 -0.25 0.866025
vn -0.433013 -0.25 0.866025
vn -0.433013 -0.25 0.866025
vn -0.433013 -0.25 0.866025
vn -0.433013 -0.25 0.866025
vn -0.433013 -0.25 0.866025
vn 0.433013 0.25 0.866025
vn 0.433013 0.25 0.866025
vn 0.433013 0.25 0.866025
vn 0.433013 0.25 0.866025
vn 0.433013 0.25 0.866025
vn 0.433013 0.25 0.866025
vn 0.866025 0.5 1.92624e-15
vn 0.866025 0.5 1.92624e-15
vn 0.866025 0.5 1.92624e-15
vn 0.866025 0.5 1.92624e-15
vn 0.866025 0.5 1.92624e-15
vn 0.866025 0.5 1.92624e-15
vn 0 0 0
vn 0 0 0
vn 0 0 0
vn 0 0 0
vn 0 0 0
vn 0 0 0
vn 0 0 0
vn 0 0 0
vn 0 0 0
vn 0 0 0
vn 0 0 0
vn 0 0 0
vn 0 0 0
vn 0 0 0
vn 0 0 0
vn 0 0 0
vn 0 0 0
vn 0 0 0
vn 0 0 0
vn 0 0 0
vn 0 0 0
vn 0 0 0
vn 0 0 0
vn 0 0 0
vn 0 0 0
vn 0 0 0
vn 0 0 0
vn 0 0 0
vn 0 0 0
vn 0 0 0
vn 0 0 0
vn 0 0 0
vn 0 0 0
vn 0 0 0
vn 0 0 0
vn 0 0 0
vn 0.433013 0.25 0.866025
vn 0.433013 0.25 0.866025
vn 0.433013 0.25 0.866025
vn 0.433013 0.25 0.866025
vn 0.433013 0.25 0.866025
vn 0.433013 0.25 0.866025
vn 0.5 -0.866025 5.088e-14
vn 0.5 -0.866025 5.088e-14
vn 0.5 -0.866025 5.088e-14
vn 0.5 -0.866025 5.088e-14
vn 0.5 -0.866025 5.088e-14
vn 0.5 -0.866025 5.088e-14
vn 0.5 -0.866025 5.088e-14
vn 0.5 -0.866025 5.088e-14
vn 0.5 -0.866025 5.088e-14
vn 0.5 -0.866025 5.088e-14
vn 0.5 -0.866025 5.088e-14
vn 0.5 -0.866025 5.088e-14
vn 0.5 -0.866025 5.088e-14
vn 0.5 -0.866025 5.088e-14
vn 0.5 -0.866025 5.088e-14
vn 0.5 -0.866025 5.088e-14
vn 0.5 -0.866025 5.088e-14
vn 0.5 -0.866025 5.088e-14
vn 0.5 -0.866025 5.088e-14
vn 0.5 -0.866025 5.088e-14
vn 0.5 -0.866025 5.088e-14
vn 0.5 -0.866025 5.088e-14
vn 0.5 -0.866025 5.088e-14
vn 0.5 -0.866025 5.088e-14
vn 0.5 -0.866025 5.088e-14
vn 0.5 -0.866025 5.088e-14
vn 0.5 -0.866025 5.088e-14
vn 0.5 -0.866025 5.088e-14
vn 0.5 -0.866025 5.088e-14
vn 0.5 -0.866025 5.088e-14
vn 0.5 -0.866025 5.088e-14
vn 0.5 -0.866025 5.088e-14
vn 0.5 -0.866025 5.088e-14
vn 0.5 -0.866025 5.088e-14
vn 0.5 -0.866025 5.088e-14
vn 0.5 -0.866025 5.088e-14
vn 0.866025 0.5 2.37614e-15
vn 0.866025 0.5 2.37614e-15
vn 0.866025 0.5 2.37614e-15
vn 0.866025 0.5 2.37614e-15
vn 0.866025 0.5 2.37614e-15
vn 0.866025 0.5 2.37614e-15
vn -0.5 0.866025 -5.088e-14
vn -0.5 0.866025 -5.088e-14
vn -0.5 0.866025 -5.088e-14
vn -0.5 0.866025 -5.088e-14
vn -0.5 0.866025 -5.088e-14
vn -0.5 0.866025 -5.088e-14
vn -0.5 0.866025 -5.088e-14
vn -0.5 0.866025 -5.088e-14
vn -0.5 0.866025 -5.088e-14
vn -0.5 0.866025 -5.088e-14
vn -0.5 0.866025 -5.088e-14
vn -0.5 0.866025 -5.088e-14
vn -0.5 0.866025 -5.088e-14
vn -0.5 0.866025 -5.088e-14
vn -0.5 0.866025 -5.088e-14
vn -0.5 0.866025 -5.088e-14
vn -0.5 0.866025 -5.088e-14
vn -0.5 0.866025 -5.088e-14
vn -0.5 0.866025 -5.088e-14
vn -0.5 0.866025 -5.088e-14
vn -0.5 0.866025 -5.088e-14
vn -0.5 0.866025 -5.088e-14
vn -0.5 0.866025 -5.088e-14
vn -0.5 0.866025 -5.088e-14
vn -0.5 0.866025 -5.088e-14
vn -0.5 0.866025 -5.088e-14
vn -0.5 0.866025 -5.088e-14
vn -0.5 0.866025 -5.088e-14
vn -0.5 0.866025 -5.088e-14
vn -0.5 0.866025 -5.088e-14
vn -0.5 0.866025 -5.088e-14
vn -0.5 0.866025 -5.088e-14
vn -0.5 0.866025 -5.088e-14
vn -0.5 0.866025 -5.088e-14
vn -0.5 0.866025 -5.088e-14
vn -0.5 0.866025 -5.088e-14
vn -0.433013 -0.25 0.866025
vn -0.433013 -0.25 0.866025
vn -0.433013 -0.25 0.866025
vn -0.433013 -0.25 0.866025
vn -0.433013 -0.25 0.866025
vn -0.433013 -0.25 0.866025
vn 0.433013 0.25 -0.866025
vn 0.433013 0.25 -0.866025
vn 0.433013 0.25 -0.866025
vn 0.433013 0.25 -0.866025
vn 0.433013 0.25 -0.866025
vn 0.433013 0.25 -0.866025
vn -0.866025 -0.5 1.16315e-15
vn -0.866025 -0.5 1.16315e-15
vn -0.866025 -0.5 1.16315e-15
vn -0.866025 -0.5 1.16315e-15
vn -0.866025 -0.5 1.16315e-15
vn -0.866025 -0.5 1.16315e-15
vn -0.433013 -0.25 -0.866025
vn -0.433013 -0.25 -0.866025
vn -0.433013 -0.25 -0.866025
vn -0.433013 -0.25 -0.866025
vn -0.433013 -0.25 -0.866025
vn -0.433013 -0.25 -0.866025
vn -0.433013 -0.25 -0.866025
vn -0.433013 -0.25 -0.866025
vn -0.433013 -0.25 -0.866025
vn -0.433013 -0.25 -0.866025
vn -0.433013 -0.25 -0.866025
vn -0.433013 -0.25 -0.866025
vn -0.5 0.866025 -5.088e-14
vn -0.5 0.866025 -5.088e-14
vn -0.5 0.866025 -5.088e-14
vn -0.5 0.866025 -5.088e-14
vn -0.5 0.866025 -5.088e-14
vn -0.5 0.866025 -5.088e-14
vn -0.5 0.866025 -5.088e-14
vn -0.5 0.866025 -5.088e-14
vn -0.5 0.866025 -5.088e-14
vn -0.5 0.866025 -5.088e-14
vn -0.5 0.866025 -5.088e-14
vn -0.5 0.866025 -5.088e-14
vn -0.5 0.866025 -5.088e-14
vn -0.5 0.866025 -5.088e-14
vn -0.5 0.866025 -5.088e-14
vn -0.5 0.866025 -5.088e-14
vn -0.5 0.866025 -5.088e-14
vn -0.5 0.866025 -5.088e-14
vn -0.5 0.866025 -5.088e-14
vn -0.5 0.866025 -5.088e-14
vn -0.5 0.866025 -5.088e-14
vn -0.5 0.866025 -5.088e-14
vn -0.5 0.866025 -5.088e-14
vn -0.5 0.866025 -5.088e-14
vn -0.5 0.866025 -5.088e-14
vn -0.5 0.866025 -5.088e-14
vn -0.5 0.866025 -5.088e-14
vn -0.5 0.866025 -5.088e-14
vn -0.5 0.866025 -5.088e-14
vn -0.5 0.866025 -5.088e-14
vn -0.5 0.866025 -5.088e-14
vn -0.5 0.866025 -5.088e-14
vn -0.5 0.866025 -5.088e-14
vn -0.5 0.866025 -5.088e-14
vn -0.5 0.866025 -5.088e-14
vn -0.5 0.866025 -5.088e-14
vn -0.866025 -0.5 -2.37614e-15
vn -0.866025 -0.5 -2.37614e-15
vn -0.866025 -0.5 -2.37614e-15
vn -0.866025 -0.5 -2.37614e-15
vn -0.866025 -0.5 -2.37614e-15
vn -0.866025 -0.5 -2.37614e-15
vn 0.5 -0.866025 5.088e-14
vn 0.5 -0.866025 5.088e-14
vn 0.5 -0.866025 5.088e-14
vn 0.5 -0.866025 5.088e-14
vn 0.5 -0.866025 5.088e-14
vn 0.5 -0.866025 5.088e-14
vn 0.5 -0.866025 5.088e-14
vn 0.5 -0.866025 5.088e-14
vn 0.5 -0.866025 5.088e-14
vn 0.5 -0.866025 5.088e-14
vn 0.5 -0.866025 5.088e-14
vn 0.5 -0.866025 5.088e-14
vn 0.5 -0.866025 5.088e-14
vn 0.5 -0.866025 5.088e-14
vn 0.5 -0.866025 5.088e-14
vn 0.5 -0.866025 5.088e-14
vn 0.5 -0.866025 5.088e-14
vn 0.5 -0.866025 5.088e-14
vn 0.5 -0.866025 5.088e-14
vn 0.5 -0.866025 5.088e-14
vn 0.5 -0.866025 5.088e-14
vn 0.5 -0.866025 5.088e-14
vn 0.5 -0.866025 5.088e-14
vn 0.5 -0.866025 5.088e-14
vn 0.5 -0.866025 5.088e-14
vn 0.5 -0.866025 5.088e-14
vn 0.5 -0.866025 5.088e-14
vn 0.5 -0.866025 5.088e-14
vn 0.5 -0.866025 5.088e-14
vn 0.5 -0.866025 5.088e-14
vn 0.5 -0.866025 5.088e-14
vn 0.5 -0.866025 5.088e-14
vn 0.5 -0.866025 5.088e-14
vn 0.5 -0.866025 5.088e-14
vn 0.5 -0.866025 5.088e-14
vn 0.5 -0.866025 5.088e-14
vn 0.433013 0.25 -0.866025
vn 0.433013 0.25 -0.866025
vn 0.433013 0.25 -0.866025
vn 0.433013 0.25 -0.866025
vn 0.433013 0.25 -0.866025
vn 0.433013 0.25 -0.866025
vn -0.433013 -0.25 0.866025
vn -0.433013 -0.25 0.866025
vn -0.433013 -0.25 0.866025
vn -0.433013 -0.25 0.866025
vn -0.433013 -0.25 0.866025
vn -0.433013 -0.25 0.866025
vn 0.866025 0.5 -1.16315e-15
vn 0.866025 0.5 -1.16315e-15
vn 0.866025 0.5 -1.16315e-15
vn 0.866025 0.5 -1.16315e-15
vn 0.866025 0.5 -1.16315e-15
vn 0.866025 0.5 -1.16315e-15
vn 0.433013 0.25 0.866025
vn 0.433013 0.25 0.866025
vn 0.433013 0.25 0.866025
vn 0.433013 0.25 0.866025
vn 0.433013 0.25 0.866025
vn 0.433013 0.25 0.866025
vn 0 0 0
vn 0 0 0
vn 0 0 0
vn 0 0 0
vn 0 0 0
vn 0 0 0
vn 0 0 0
vn 0 0 0
vn 0 0 0
vn 0 0 0
vn 0 0 0
vn 0 0 0
vn 0 0 0
vn 0 0 0
vn 0 0 0
vn 0 0 0
vn 0 0 0
vn 0 0 0
vn 0 0 0
vn 0 0 0
vn 0 0 0
vn 0 0 0
vn 0 0 0
vn 0 0 0
vn 0 0 0
vn 0 0 0
vn 0 0 0
vn 0 0 0
vn 0 0 0
vn 0 0 0
vn 0 0 0
vn 0 0 0
vn 0 0 0
vn 0 0 0
vn 0 0 0
vn 0 0 0
vn 0 0 0
vn 0 0 0
vn 0 0 0
vn 0 0 0
vn 0 0 0
vn 0 0 0
vn 0 0 0
vn 0 0 0
vn 0 0 0
vn 0 0 0
vn 0 0 0
vn 0 0 0
vn 0 0 0
vn 0 0 0
vn 0 0 0
vn 0 0 0
vn 0 0 0
vn 0 0 0
vn 0 0 0
vn 0 0 0
vn 0 0 0
vn 0 0 0
vn 0 0 0
vn 0 0 0
vn -0.433013 -0.25 0.866025
vn -0.433013 -0.25 0.866025
vn -0.433013 -0.25 0.866025
vn -0.433013 -0.25 0.866025
vn -0.433013 -0.25 0.866025
vn -0.433013 -0.25 0.866025
vn -0.866025 -0.5 -3.33545e-16
vn -0.866025 -0.5 -3.33545e-16
vn -0.866025 -0.5 -3.33545e-16
vn -0.866025 -0.5 -3.33545e-16
vn -0.866025 -0.5 -3.33545e-16
vn -0.866025 -0.5 -3.33545e-16
vn -0.866025 -0.5 -3.33545e-16
vn -0.866025 -0.5 -3.33545e-16
vn -0.866025 -0.5 -3.33545e-16
vn -0.866025 -0.5 -3.33545e-16
vn -0.866025 -0.5 -3.33545e-16
vn -0.866025 -0.5 -3.33545e-16
vn -0.5 0.866025 -3.88038e-14
vn -0.5 0.866025 -3.88038e-14
vn -0.5 0.866025 -3.88038e-14
vn -0.5 0.866025 -3.88038e-14
vn -0.5 0.866025 -3.88038e-14
vn -0.5 0.866025 -3.88038e-14
vn 0.433013 0.25 0.866025
vn 0.433013 0.25 0.866025
vn 0.433013 0.25 0.866025
vn 0.433013 0.25 0.866025
vn 0.433013 0.25 0.866025
vn 0.433013 0.25 0.866025
vn 0.433013 0.25 0.866025
vn 0.433013 0.25 0.866025
vn 0.433013 0.25 0.866025
vn 0.433013 0.25 0.866025
vn 0.433013 0.25 0.866025
vn 0.433013 0.25 0.866025
vn -0.433013 -0.25 0.866025
vn -0.433013 -0.25 0.866025
vn -0.433013 -0.25 0.866025
vn -0.433013 -0.25 0.866025
vn -0.433013 -0.25 0.866025
vn -0.433013 -0.25 0.866025
vn -0.75 -0.433013 -0.5
vn -0.75 -0.433013 -0.5
vn -0.75 -0.433013 -0.5
vn -0.75 -0.433013 -0.5
vn -0.75 -0.433013 -0.5
vn -0.75 -0.433013 -0.5
vn -0.75 -0.433013 -0.5
vn -0.75 -0.433013 -0.5
vn -0.75 -0.433013 -0.5
vn -0.75 -0.433013 -0.5
vn -0.75 -0.433013 -0.5
vn -0.75 -0.433013 -0.5
vn -0.75 -0.433013 -0.5
vn -0.75 -0.433013 -0.5
vn -0.75 -0.433013 -0.5
vn -0.75 -0.433013 -0.5
vn -0.75 -0.433013 -0.5
vn -0.75 -0.433013 -0.5
vn -0.75 -0.433013 -0.5
vn -0.75 -0.433013 -0.5
vn -0.75 -0.433013 -0.5
vn -0.75 -0.433013 -0.5
vn -0.75 -0.433013 -0.5
vn -0.75 -0.433013 -0.5
vn -0.75 -0.433013 -0.5
vn -0.75 -0.433013 -0.5
vn -0.75 -0.433013 -0.5
vn -0.75 -0.433013 -0.5
vn -0.75 -0.433013 -0.5
vn -0.75 -0.433013 -0.5
vn -0.75 -0.433013 -0.5
vn -0.75 -0.433013 -0.5
vn -0.75 -0.433013 -0.5
vn -0.75 -0.433013 -0.5
vn -0.75 -0.433013 -0.5
vn -0.75 -0.433013 -0.5
vn -0.75 -0.433013 -0.5
vn -0.75 -0.433013 -0.5
vn -0.75 -0.433013 -0.5
vn -0.75 -0.433013 -0.5
vn -0.75 -0.433013 -0.5
vn -0.75 -0.433013 -0.5
vn -0.75 -0.433013 -0.5
vn -0.75 -0.433013 -0.5
vn -0.75 -0.433013 -0.5
vn -0.75 -0.433013 -0.5
vn -0.75 -0.433013 -0.5
vn -0.75 -0.433013 -0.5
vn -0.433013 -0.25 -0.866025
vn -0.433013 -0.25 -0.866025
vn -0.433013 -0.25 -0.866025
vn -0.433013 -0.25 -0.866025
vn -0.433013 -0.25 -0.866025
vn -0.433013 -0.25 -0.866025
vn -0.433013 -0.25 -0.866025
vn -0.433013 -0.25 -0.866025
vn -0.433013 -0.25 -0.866025
vn -0.433013 -0.25 -0.866025
vn -0.433013 -0.25 -0.866025
vn -0.433013 -0.25 -0.866025
vn 0.433013 0.25 -0.866025
vn 0.433013 0.25 -0.866025
vn 0.433013 0.25 -0.866025
vn 0.433013 0.25 -0.866025
vn 0.433013 0.25 -0.866025
vn 0.433013 0.25 -0.866025
vn 0.75 0.433013 0.5
vn 0.75 0.433013 0.5
vn 0.75 0.433013 0.5
vn 0.75 0.433013 0.5
vn 0.75 0.433013 0.5
vn 0.75 0.433013 0.5
vn 0.75 0.433013 0.5
vn 0.75 0.433013 0.5
vn 0.75 0.433013 0.5
vn 0.75 0.433013 0.5
vn 0.75 0.433013 0.5
vn 0.75 0.433013 0.5
vn 0.75 0.433013 0.5
vn 0.75 0.433013 0.5
vn 0.75 0.433013 0.5
vn 0.75 0.433013 0.5
vn 0.75 0.433013 0.5
vn 0.75 0.433013 0.5
vn 0.75 0.433013 0.5
vn 0.75 0.433013 0.5
vn 0.75 0.433013 0.5
vn 0.75 0.433013 0.5
vn 0.75 0.433013 0.5
vn 0.75 0.433013 0.5
vn 0.75 0.433013 0.5
vn 0.75 0.433013 0.5
vn 0.75 0.433013 0.5
vn 0.75 0.433013 0.5
vn 0.75 0.433013 0.5
vn 0.75 0.433013 0.5
vn 0.75 0.433013 0.5
vn 0.75 0.433013 0.5
vn 0.75 0.433013 0.5
vn 0.75 0.433013 0.5
vn 0.75 0.433013 0.5
vn 0.75 0.433013 0.5
vn 0.75 0.433013 0.5
vn 0.75 0.433013 0.5
vn 0.75 0.433013 0.5
vn 0.75 0.433013 0.5
vn 0.75 0.433013 0.5
vn 0.75 0.433013 0.5
vn 0.75 0.433013 0.5
vn 0.75 0.433013 0.5
vn 0.75 0.433013 0.5
vn 0.75 0.433013 0.5
vn 0.75 0.433013 0.5
vn 0.75 0.433013 0.5
vn 0.866025 0.5 3.87295e-15
vn 0.866025 0.5 3.87295e-15
vn 0.866025 0.5 3.87295e-15
vn 0.866025 0.5 3.87295e-15
vn 0.866025 0.5 3.87295e-15
vn 0.866025 0.5 3.87295e-15
vn 0.866025 0.5 3.87295e-15
vn 0.866025 0.5 3.87295e-15
vn 0.866025 0.5 3.87295e-15
vn 0.866025 0.5 3.87295e-15
vn 0.866025 0.5 3.87295e-15
vn 0.866025 0.5 3.87295e-15
vn 0.5 -0.866025 4.8844e-14
vn 0.5 -0.866025 4.8844e-14
vn 0.5 -0.866025 4.8844e-14
vn 0.5 -0.866025 4.8844e-14
vn 0.5 -0.866025 4.8844e-14
vn 0.5 -0.866025 4.8844e-14
vn -0.433013 -0.25 0.866025
vn -0.433013 -0.25 0.866025
vn -0.433013 -0.25 0.866025
vn -0.433013 -0.25 0.866025
vn -0.433013 -0.25 0.866025
vn -0.433013 -0.25 0.866025
vn -0.5 0.866025 -4.81574e-14
vn -0.5 0.866025 -4.81574e-14
vn -0.5 0.866025 -4.81574e-14
vn -0.5 0.866025 -4.81574e-14
vn -0.5 0.866025 -4.81574e-14
vn -0.5 0.866025 -4.81574e-14
vn -0.433013 -0.25 0.866025
vn -0.433013 -0.25 0.866025
vn -0.433013 -0.25 0.866025
vn -0.433013 -0.25 0.866025
vn -0.433013 -0.25 0.866025
vn -0.433013 -0.25 0.866025
vn 0.5 -0.866025 2.39091e-14
vn 0.5 -0.866025 2.39091e-14
vn 0.5 -0.866025 2.39091e-14
vn 0.5 -0.866025 2.39091e-14
vn 0.5 -0.866025 2.39091e-14
vn 0.5 -0.866025 2.39091e-14
vn -0.433013 -0.25 0.866025
vn -0.433013 -0.25 0.866025
vn -0.433013 -0.25 0.866025
vn -0.433013 -0.25 0.866025
vn -0.433013 -0.25 0.866025
vn -0.433013 -0.25 0.866025
vn -0.5 0.866025 -2.39091e-14
vn -0.5 0.866025 -2.39091e-14
vn -0.5 0.866025 -2.39091e-14
vn -0.5 0.866025 -2.39091e-14
vn -0.5 0.866025 -2.39091e-14
vn -0.5 0.866025 -2.39091e-14
vn -0.433013 -0.25 0.866025
vn -0.433013 -0.25 0.866025
vn -0.433013 -0.25 0.866025
vn -0.433013 -0.25 0.866025
vn -0.433013 -0.25 0.866025
vn -0.433013 -0.25 0.866025
vn 0.5 -0.866025 2.27923e-14
vn 0.5 -0.866025 2.27923e-14
vn 0.5 -0.866025 2.27923e-14
vn 0.5 -0.866025 2.27923e-14
vn 0.5 -0.866025 2.27923e-14
vn 0.5 -0.866025 2.27923e-14
vn -0.433013 -0.25 0.866025
vn -0.433013 -0.25 0.866025
vn -0.433013 -0.25 0.866025
vn -0.433013 -0.25 0.866025
vn -0.433013 -0.25 0.866025
vn -0.433013 -0.25 0.866025
vn -0.5 0.866025 -2.27923e-14
vn -0.5 0.866025 -2.27923e-14
vn -0.5 0.866025 -2.27923e-14
vn -0.5 0.866025 -2.27923e-14
vn -0.5 0.866025 -2.27923e-14
vn -0.5 0.866025 -2.27923e-14
vn -0.433013 -0.25 0.866025
vn -0.433013 -0.25 0.866025
vn -0.433013 -0.25 0.866025
vn -0.433013 -0.25 0.866025
vn -0.433013 -0.25 0.866025
vn -0.433013 -0.25 0.866025
vn 0.5 -0.866025 1.36754e-16
vn 0.5 -0.866025 1.36754e-16
vn 0.5 -0.866025 1.36754e-16
vn 0.5 -0.866025 1.36754e-16
vn 0.5 -0.866025 1.36754e-16
vn 0.5 -0.866025 1.36754e-16
vn -0.433013 -0.25 0.866025
vn -0.433013 -0.25 0.866025
vn -0.433013 -0.25 0.866025
vn -0.433013 -0.25 0.866025
vn -0.433013 -0.25 0.866025
vn -0.433013 -0.25 0.866025
vn -0.5 0.866025 -4.05265e-14
vn -0.5 0.866025 -4.05265e-14
vn -0.5 0.866025 -4.05265e-14
vn -0.5 0.866025 -4.05265e-14
vn -0.5 0.866025 -4.05265e-14
vn -0.5 0.866025 -4.05265e-14
vn 0.433013 0.25 -0.866025
vn 0.433013 0.25 -0.866025
vn 0.433013 0.25 -0.866025
vn 0.433013 0.25 -0.866025
vn 0.433013 0.25 -0.866025
vn 0.433013 0.25 -0.866025
vn -0.75 -0.433013 -0.5
vn -0.75 -0.433013 -0.5
vn -0.75 -0.433013 -0.5
vn -0.75 -0.433013 -0.5
vn -0.75 -0.433013 -0.5
vn -0.75 -0.433013 -0.5
vn -0.75 -0.433013 -0.5
vn -0.75 -0.433013 -0.5
vn -0.75 -0.433013 -0.5
vn -0.75 -0.433013 -0.5
vn -0.75 -0.433013 -0.5
vn -0.75 -0.433013 -0.5
vn -0.75 -0.433013 -0.5
vn -0.75 -0.433013 -0.5
vn -0.75 -0.433013 -0.5
vn -0.75 -0.433013 -0.5
vn -0.75 -0.433013 -0.5
vn -0.75 -0.433013 -0.5
vn -0.75 -0.433013 -0.5
vn -0.75 -0.433013 -0.5
vn -0.75 -0.433013 -0.5
vn -0.75 -0.433013 -0.5
vn -0.75 -0.433013 -0.5
vn -0.75 -0.433013 -0.5
vn -0.75 -0.433013 -0.5
vn -0.75 -0.433013 -0.5
vn -0.75 -0.433013 -0.5
vn -0.75 -0.433013 -0.5
vn -0.75 -0.433013 -0.5
vn -0.75 -0.433013 -0.5
vn -0.75 -0.433013 -0.5
vn -0.75 -0.433013 -0.5
vn -0.75 -0.433013 -0.5
vn -0.75 -0.433013 -0.5
vn -0.75 -0.433013 -0.5
vn -0.75 -0.433013 -0.5
vn -0.75 -0.433013 -0.5
vn -0.75 -0.433013 -0.5
vn -0.75 -0.433013 -0.5
vn -0.75 -0.433013 -0.5
vn -0.75 -0.433013 -0.5
vn -0.75 -0.433013 -0.5
vn -0.75 -0.433013 -0.5
vn -0.75 -0.433013 -0.5
vn -0.75 -0.433013 -0.5
vn -0.75 -0.433013 -0.5
vn -0.75 -0.433013 -0.5
vn -0.75 -0.433013 -0.5
vn 0.433013 0.25 -0.866025
vn 0.433013 0.25 -0.866025
vn 0.433013 0.25 -0.866025
vn 0.433013 0.25 -0.866025
vn 0.433013 0.25 -0.866025
vn 0.433013 0.25 -0.866025
vn 0.75 0.433013 0.5
vn 0.75 0.433013 0.5
vn 0.75 0.433013 0.5
vn 0.75 0.433013 0.5
vn 0.75 0.433013 0.5
vn 0.75 0.433013 0.5
vn 0.75 0.433013 0.5
vn 0.75 0.433013 0.5
vn 0.75 0.433013 0.5
vn 0.75 0.433013 0.5
vn 0.75 0.433013 0.5
vn 0.75 0.433013 0.5
vn 0.75 0.433013 0.5
vn 0.75 0.433013 0.5
vn 0.75 0.433013 0.5
vn 0.75 0.433013 0.5
vn 0.75 0.433013 0.5
vn 0.75 0.433013 0.5
vn 0.75 0.433013 0.5
vn 0.75 0.433013 0.5
vn 0.75 0.433013 0.5
vn 0.75 0.433013 0.5
vn 0.75 0.433013 0.5
vn 0.75 0.433013 0.5
vn 0.75 0.433013 0.5
vn 0.75 0.433013 0.5
vn 0.75 0.433013 0.5
vn 0.75 0.433013 0.5
vn 0.75 0.433013 0.5
vn 0.75 0.433013 0.5
vn 0.75 0.433013 0.5
vn 0.75 0.433013 0.5
vn 0.75 0.433013 0.5
vn 0.75 0.433013 0.5
vn 0.75 0.433013 0.5
vn 0.75 0.433013 0.5
vn 0.75 0.433013 0.5
vn 0.75 0.433013 0.5
vn 0.75 0.433013 0.5
vn 0.75 0.433013 0.5
vn 0.75 0.433013 0.5
vn 0.75 0.433013 0.5
vn 0.75 0.433013 0.5
vn 0.75 0.433013 0.5
vn 0.75 0.433013 0.5
vn 0.75 0.433013 0.5
vn 0.75 0.433013 0.5
vn 0.75 0.433013 0.5
vn -0.5 0.866025 -4.81562e-14
vn -0.5 0.866025 -4.81562e-14
vn -0.5 0.866025 -4.81562e-14
vn -0.5 0.866025 -4.81562e-14
vn -0.5 0.866025 -4.81562e-14
vn -0.5 0.866025 -4.81562e-14
vn -0.433013 -0.25 0.866025
vn -0.433013 -0.25 0.866025
vn -0.433013 -0.25 0.866025
vn -0.433013 -0.25 0.866025
vn -0.433013 -0.25 0.866025
vn -0.433013 -0.25 0.866025
vn -0.5 0.866025 -6.18394e-14
vn -0.5 0.866025 -6.18394e-14
vn -0.5 0.866025 -6.18394e-14
vn -0.5 0.866025 -6.18394e-14
vn -0.5 0.866025 -6.18394e-14
vn -0.5 0.866025 -6.18394e-14
vn 0.433013 0.25 -0.866025
vn 0.433013 0.25 -0.866025
vn 0.433013 0.25 -0.866025
vn 0.433013 0.25 -0.866025
vn 0.433013 0.25 -0.866025
vn 0.433013 0.25 -0.866025
vn 0.5 -0.866025 -1.25358e-15
vn 0.5 -0.866025 -1.25358e-15
vn 0.5 -0.866025 -1.25358e-15
vn 0.5 -0.866025 -1.25358e-15
vn 0.5 -0.866025 -1.25358e-15
vn 0.5 -0.866025 -1.25358e-15
vn 0.433013 0.25 -0.866025
vn 0.433013 0.25 -0.866025
vn 0.433013 0.25 -0.866025
vn 0.433013 0.25 -0.866025
vn 0.433013 0.25 -0.866025
vn 0.433013 0.25 -0.866025
vn -0.5 0.866025 -4.76132e-14
vn -0.5 0.866025 -4.76132e-14
vn -0.5 0.866025 -4.76132e-14
vn -0.5 0.866025 -4.76132e-14
vn -0.5 0.866025 -4.76132e-14
vn -0.5 0.866025 -4.76132e-14
vn 0.433013 0.25 -0.866025
vn 0.433013 0.25 -0.866025
vn 0.433013 0.25 -0.866025
vn 0.433013 0.25 -0.866025
vn 0.433013 0.25 -0.866025
vn 0.433013 0.25 -0.866025
vn 0.5 -0.866025 4.90719e-14
vn 0.5 -0.866025 4.90719e-14
vn 0.5 -0.866025 4.90719e-14
vn 0.5 -0.866025 4.90719e-14
vn 0.5 -0.866025 4.90719e-14
vn 0.5 -0.866025 4.90719e-14
vn 0.433013 0.25 -0.866025
vn 0.433013 0.25 -0.866025
vn 0.433013 0.25 -0.866025
vn 0.433013 0.25 -0.866025
vn 0.433013 0.25 -0.866025
vn 0.433013 0.25 -0.866025
vn -0.5 0.866025 -4.85477e-14
vn -0.5 0.866025 -4.85477e-14
vn -0.5 0.866025 -4.85477e-14
vn -0.5 0.866025 -4.85477e-14
vn -0.5 0.866025 -4.85477e-14
vn -0.5 0.866025 -4.85477e-14
vn 0.433013 0.25 -0.866025
vn 0.433013 0.25 -0.866025
vn 0.433013 0.25 -0.866025
vn 0.433013 0.25 -0.866025
vn 0.433013 0.25 -0.866025
vn 0.433013 0.25 -0.866025
vn 0.5 -0.866025 4.85477e-14
vn 0.5 -0.866025 4.85477e-14
vn 0.5 -0.866025 4.85477e-14
vn 0.5 -0.866025 4.85477e-14
vn 0.5 -0.866025 4.85477e-14
vn 0.5 -0.866025 4.85477e-14
vn 0.433013 0.25 -0.866025
vn 0.433013 0.25 -0.866025
vn 0.433013 0.25 -0.866025
vn 0.433013 0.25 -0.866025
vn 0.433013 0.25 -0.866025
vn 0.433013 0.25 -0.866025
vn -0.5 0.866025 -4.87545e-14
vn -0.5 0.866025 -4.87545e-14
vn -0.5 0.866025 -4.87545e-14
vn -0.5 0.866025 -4.87545e-14
vn -0.5 0.866025 -4.87545e-14
vn -0.5 0.866025 -4.87545e-14
vn 0.433013 0.25 -0.866025
vn 0.433013 0.25 -0.866025
vn 0.433013 0.25 -0.866025
vn 0.433013 0.25 -0.866025
vn 0.433013 0.25 -0.866025
vn 0.433013 0.25 -0.866025
vn 0.5 -0.866025 4.91858e-14
vn 0.5 -0.866025 4.91858e-14
vn 0.5 -0.866025 4.91858e-14
vn 0.5 -0.866025 4.91858e-14
vn 0.5 -0.866025 4.91858e-14
vn 0.5 -0.866025 4.91858e-14
vn 0.433013 0.25 -0.866025
vn 0.433013 0.25 -0.866025
vn 0.433013 0.25 -0.866025
vn 0.433013 0.25 -0.866025
vn 0.433013 0.25 -0.866025
vn 0.433013 0.25 -0.866025
vn 0.866025 0.5 3.33545e-16
vn 0.866025 0.5 3.33545e-16
vn 0.866025 0.5 3.33545e-16
vn 0.866025 0.5 3.33545e-16
vn 0.866025 0.5 3.33545e-16
vn 0.866025 0.5 3.33545e-16
vn 0.866025 0.5 3.33545e-16
vn 0.866025 0.5 3.33545e-16
vn 0.866025 0.5 3.33545e-16
vn 0.866025 0.5 3.33545e-16
vn 0.866025 0.5 3.33545e-16
vn 0.866025 0.5 3.33545e-16
vn 0.5 -0.866025 3.88038e-14
vn 0.5 -0.866025 3.88038e-14
vn 0.5 -0.866025 3.88038e-14
vn 0.5 -0.866025 3.88038e-14
vn 0.5 -0.866025 3.88038e-14
vn 0.5 -0.866025 3.88038e-14
vn -0.433013 -0.25 -0.866025
vn -0.433013 -0.25 -0.866025
vn -0.433013 -0.25 -0.866025
vn -0.433013 -0.25 -0.866025
vn -0.433013 -0.25 -0.866025
vn -0.433013 -0.25 -0.866025
vn -0.433013 -0.25 -0.866025
vn -0.433013 -0.25 -0.866025
vn -0.433013 -0.25 -0.866025
vn -0.433013 -0.25 -0.866025
vn -0.433013 -0.25 -0.866025
vn -0.433013 -0.25 -0.866025
vn 0.433013 0.25 -0.866025
vn 0.433013 0.25 -0.866025
vn 0.433013 0.25 -0.866025
vn 0.433013 0.25 -0.866025
vn 0.433013 0.25 -0.866025
vn 0.433013 0.25 -0.866025
vn 0.75 0.433013 0.5
vn 0.75 0.433013 0.5
vn 0.75 0.433013 0.5
vn 0.75 0.433013 0.5
vn 0.75 0.433013 0.5
vn 0.75 0.433013 0.5
vn 0.75 0.433013 0.5
vn 0.75 0.433013 0.5
vn 0.75 0.433013 0.5
vn 0.75 0.433013 0.5
vn 0.75 0.433013 0.5
vn 0.75 0.433013 0.5
vn 0.75 0.433013 0.5
vn 0.75 0.433013 0.5
vn 0.75 0.433013 0.5
vn 0.75 0.433013 0.5
vn 0.75 0.433013 0.5
vn 0.75 0.433013 0.5
vn 0.75 0.433013 0.5
vn 0.75 0.433013 0.5
vn 0.75 0.433013 0.5
vn 0.75 0.433013 0.5
vn 0.75 0.433013 0.5
vn 0.75 0.433013 0.5
vn 0.75 0.433013 0.5
vn 0.75 0.433013 0.5
vn 0.75 0.433013 0.5
vn 0.75 0.433013 0.5
vn 0.75 0.433013 0.5
vn 0.75 0.433013 0.5
vn 0.75 0.433013 0.5
vn 0.75 0.433013 0.5
vn 0.75 0.433013 0.5
vn 0.75 0.433013 0.5
vn 0.75 0.433013 0.5
vn 0.75 0.433013 0.5
vn 0.75 0.433013 0.5
vn 0.75 0.433013 0.5
vn 0.75 0.433013 0.5
vn 0.75 0.433013 0.5
vn 0.75 0.433013 0.5
vn 0.75 0.433013 0.5
vn 0.75 0.433013 0.5
vn 0.75 0.433013 0.5
vn 0.75 0.433013 0.5
vn 0.75 0.433013 0.5
vn 0.75 0.433013 0.5
vn 0.75 0.433013 0.5
vn 0.433013 0.25 0.866025
vn 0.433013 0.25 0.866025
vn 0.433013 0.25 0.866025
vn 0.433013 0.25 0.866025
vn 0.433013 0.25 0.866025
vn 0.433013 0.25 0.866025
vn 0.433013 0.25 0.866025
vn 0.433013 0.25 0.866025
vn 0.433013 0.25 0.866025
vn 0.433013 0.25 0.866025
vn 0.433013 0.25 0.866025
vn 0.433013 0.25 0.866025
vn -0.433013 -0.25 0.866025
vn -0.433013 -0.25 0.866025
vn -0.433013 -0.25 0.866025
vn -0.433013 -0.25 0.866025
vn -0.433013 -0.25 0.866025
vn -0.433013 -0.25 0.866025
vn -0.75 -0.433013 -0.5
vn -0.75 -0.433013 -0.5
vn -0.75 -0.433013 -0.5
vn -0.75 -0.433013 -0.5
vn -0.75 -0.433013 -0.5
vn -0.75 -0.433013 -0.5
vn -0.75 -0.433013 -0.5
vn -0.75 -0.433013 -0.5
vn -0.75 -0.433013 -0.5
vn -0.75 -0.433013 -0.5
vn -0.75 -0.433013 -0.5
vn -0.75 -0.433013 -0.5
vn -0.75 -0.433013 -0.5
vn -0.75 -0.433013 -0.5
vn -0.75 -0.433013 -0.5
vn -0.75 -0.433013 -0.5
vn -0.75 -0.433013 -0.5
vn -0.75 -0.433013 -0.5
vn -0.75 -0.433013 -0.5
vn -0.75 -0.433013 -0.5
vn -0.75 -0.433013 -0.5
vn -0.75 -0.433013 -0.5
vn -0.75 -0.433013 -0.5
vn -0.75 -0.433013 -0.5
vn -0.75 -0.433013 -0.5
vn -0.75 -0.433013 -0.5
vn -0.75 -0.433013 -0.5
vn -0.75 -0.433013 -0.5
vn -0.75 -0.433013 -0.5
vn -0.75 -0.433013 -0.5
vn -0.75 -0.433013 -0.5
vn -0.75 -0.433013 -0.5
vn -0.75 -0.433013 -0.5
vn -0.75 -0.433013 -0.5
vn -0.75 -0.433013 -0.5
vn -0.75 -0.433013 -0.5
vn -0.75 -0.433013 -0.5
vn -0.75 -0.433013 -0.5
vn -0.75 -0.433013 -0.5
vn -0.75 -0.433013 -0.5
vn -0.75 -0.433013 -0.5
vn -0.75 -0.433013 -0.5
vn -0.75 -0.433013 -0.5
vn -0.75 -0.433013 -0.5
vn -0.75 -0.433013 -0.5
vn -0.75 -0.433013 -0.5
vn -0.75 -0.433013 -0.5
vn -0.75 -0.433013 -0.5
vn -0.866025 -0.5 -3.87295e-15
vn -0.866025 -0.5 -3.87295e-15
vn -0.866025 -0.5 -3.87295e-15
vn -0.866025 -0.5 -3.87295e-15
vn -0.866025 -0.5 -3.87295e-15
vn -0.866025 -0.5 -3.87295e-15
vn -0.866025 -0.5 -3.87295e-15
vn -0.866025 -0.5 -3.87295e-15
vn -0.866025 -0.5 -3.87295e-15
vn -0.866025 -0.5 -3.87295e-15
vn -0.866025 -0.5 -3.87295e-15
vn -0.866025 -0.5 -3.87295e-15
vn -0.5 0.866025 -4.8844e-14
vn -0.5 0.866025 -4.8844e-14
vn -0.5 0.866025 -4.8844e-14
vn -0.5 0.866025 -4.8844e-14
vn -0.5 0.866025 -4.8844e-14
vn -0.5 0.866025 -4.8844e-14
vn 0.433013 0.25 -0.866025
vn 0.433013 0.25 -0.866025
vn 0.433013 0.25 -0.866025
vn 0.433013 0.25 -0.866025
vn 0.433013 0.25 -0.866025
vn 0.433013 0.25 -0.866025
vn 0.5 -0.866025 4.81574e-14
vn 0.5 -0.866025 4.81574e-14
vn 0.5 -0.866025 4.81574e-14
vn 0.5 -0.866025 4.81574e-14
vn 0.5 -0.866025 4.81574e-14
vn 0.5 -0.866025 4.81574e-14
vn 0.433013 0.25 -0.866025
vn 0.433013 0.25 -0.866025
vn 0.433013 0.25 -0.866025
vn 0.433013 0.25 -0.866025
vn 0.433013 0.25 -0.866025
vn 0.433013 0.25 -0.866025
vn -0.5 0.866025 -2.39091e-14
vn -0.5 0.866025 -2.39091e-14
vn -0.5 0.866025 -2.39091e-14
vn -0.5 0.866025 -2.39091e-14
vn -0.5 0.866025 -2.39091e-14
vn -0.5 0.866025 -2.39091e-14
vn 0.433013 0.25 -0.866025
vn 0.433013 0.25 -0.866025
vn 0.433013 0.25 -0.866025
vn 0.433013 0.25 -0.866025
vn 0.433013 0.25 -0.866025
vn 0.433013 0.25 -0.866025
vn 0.5 -0.866025 2.39091e-14
vn 0.5 -0.866025 2.39091e-14
vn 0.5 -0.866025 2.39091e-14
vn 0.5 -0.866025 2.39091e-14
vn 0.5 -0.866025 2.39091e-14
vn 0.5 -0.866025 2.39091e-14
vn 0.433013 0.25 -0.866025
vn 0.433013 0.25 -0.866025
vn 0.433013 0.25 -0.866025
vn 0.433013 0.25 -0.866025
vn 0.433013 0.25 -0.866025
vn 0.433013 0.25 -0.866025
vn -0.5 0.866025 -2.27923e-14
vn -0.5 0.866025 -2.27923e-14
vn -0.5 0.866025 -2.27923e-14
vn -0.5 0.866025 -2.27923e-14
vn -0.5 0.866025 -2.27923e-14
vn -0.5 0.866025 -2.27923e-14
vn 0.433013 0.25 -0.866025
vn 0.433013 0.25 -0.866025
vn 0.433013 0.25 -0.866025
vn 0.433013 0.25 -0.866025
vn 0.433013 0.25 -0.866025
vn 0.433013 0.25 -0.866025
vn 0.5 -0.866025 2.27923e-14
vn 0.5 -0.866025 2.27923e-14
vn 0.5 -0.866025 2.27923e-14
vn 0.5 -0.866025 2.27923e-14
vn 0.5 -0.866025 2.27923e-14
vn 0.5 -0.866025 2.27923e-14
vn 0.433013 0.25 -0.866025
vn 0.433013 0.25 -0.866025
vn 0.433013 0.25 -0.866025
vn 0.433013 0.25 -0.866025
vn 0.433013 0.25 -0.866025
vn 0.433013 0.25 -0.866025
vn -0.5 0.866025 -1.36754e-16
vn -0.5 0.866025 -1.36754e-16
vn -0.5 0.866025 -1.36754e-16
vn -0.5 0.866025 -1.36754e-16
vn -0.5 0.866025 -1.36754e-16
vn -0.5 0.866025 -1.36754e-16
vn 0.433013 0.25 -0.866025
vn 0.433013 0.25 -0.866025
vn 0.433013 0.25 -0.866025
vn 0.433013 0.25 -0.866025
vn 0.433013 0.25 -0.866025
vn 0.433013 0.25 -0.866025
vn 0.5 -0.866025 4.05265e-14
vn 0.5 -0.866025 4.05265e-14
vn 0.5 -0.866025 4.05265e-14
vn 0.5 -0.866025 4.05265e-14
vn 0.5 -0.866025 4.05265e-14
vn 0.5 -0.866025 4.05265e-14
vn -0.433013 -0.25 0.866025
vn -0.433013 -0.25 0.866025
vn -0.433013 -0.25 0.866025
vn -0.433013 -0.25 0.866025
vn -0.433013 -0.25 0.866025
vn -0.433013 -0.25 0.866025
vn 0.75 0.433013 0.5
vn 0.75 0.433013 0.5
vn 0.75 0.433013 0.5
vn 0.75 0.433013 0.5
vn 0.75 0.433013 0.5
vn 0.75 0.433013 0.5
vn 0.75 0.433013 0.5
vn 0.75 0.433013 0.5
vn 0.75 0.433013 0.5
vn 0.75 0.433013 0.5
vn 0.75 0.433013 0.5
vn 0.75 0.433013 0.5
vn 0.75 0.433013 0.5
vn 0.75 0.433013 0.5
vn 0.75 0.433013 0.5
vn 0.75 0.433013 0.5
vn 0.75 0.433013 0.5
vn 0.75 0.433013 0.5
vn 0.75 0.433013 0.5
vn 0.75 0.433013 0.5
vn 0.75 0.433013 0.5
vn 0.75 0.433013 0.5
vn 0.75 0.433013 0.5
vn 0.75 0.433013 0.5
vn 0.75 0.433013 0.5
vn 0.75 0.433013 0.5
vn 0.75 0.433013 0.5
vn 0.75 0.433013 0.5
vn 0.75 0.433013 0.5
vn 0.75 0.433013 0.5
vn 0.75 0.433013 0.5
vn 0.75 0.433013 0.5
vn 0.75 0.433013 0.5
vn 0.75 0.433013 0.5
vn 0.75 0.433013 0.5
vn 0.75 0.433013 0.5
vn 0.75 0.433013 0.5
vn 0.75 0.433013 0.5
vn 0.75 0.433013 0.5
vn 0.75 0.433013 0.5
vn 0.75 0.433013 0.5
vn 0.75 0.433013 0.5
vn 0.75 0.433013 0.5
vn 0.75 0.433013 0.5
vn 0.75 0.433013 0.5
vn 0.75 0.433013 0.5
vn 0.75 0.433013 0.5
vn 0.75 0.433013 0.5
vn -0.433013 -0.25 0.866025
vn -0.433013 -0.25 0.866025
vn -0.433013 -0.25 0.866025
vn -0.433013 -0.25 0.866025
vn -0.433013 -0.25 0.866025
vn -0.433013 -0.25 0.866025
vn -0.75 -0.433013 -0.5
vn -0.75 -0.433013 -0.5
vn -0.75 -0.433013 -0.5
vn -0.75 -0.433013 -0.5
vn -0.75 -0.433013 -0.5
vn -0.75 -0.433013 -0.5
vn -0.75 -0.433013 -0.5
vn -0.75 -0.433013 -0.5
vn -0.75 -0.433013 -0.5
vn -0.75 -0.433013 -0.5
vn -0.75 -0.433013 -0.5
vn -0.75 -0.433013 -0.5
vn -0.75 -0.433013 -0.5
vn -0.75 -0.433013 -0.5
vn -0.75 -0.433013 -0.5
vn -0.75 -0.433013 -0.5
vn -0.75 -0.433013 -0.5
vn -0.75 -0.433013 -0.5
vn -0.75 -0.433013 -0.5
vn -0.75 -0.433013 -0.5
vn -0.75 -0.433013 -0.5
vn -0.75 -0.433013 -0.5
vn -0.75 -0.433013 -0.5
vn -0.75 -0.433013 -0.5
vn -0.75 -0.433013 -0.5
vn -0.75 -0.433013 -0.5
vn -0.75 -0.433013 -0.5
vn -0.75 -0.433013 -0.5
vn -0.75 -0.433013 -0.5
vn -0.75 -0.433013 -0.5
vn -0.75 -0.433013 -0.5
vn -0.75 -0.433013 -0.5
vn -0.75 -0.433013 -0.5
vn -0.75 -0.433013 -0.5
vn -0.75 -0.433013 -0.5
vn -0.75 -0.433013 -0.5
vn -0.75 -0.433013 -0.5
vn -0.75 -0.433013 -0.5
vn -0.75 -0.433013 -0.5
vn -0.75 -0.433013 -0.5
vn -0.75 -0.433013 -0.5
vn -0.75 -0.433013 -0.5
vn -0.75 -0.433013 -0.5
vn -0.75 -0.433013 -0.5
vn -0.75 -0.433013 -0.5
vn -0.75 -0.433013 -0.5
vn -0.75 -0.433013 -0.5
vn -0.75 -0.433013 -0.5
vn 0.5 -0.866025 4.81562e-14
vn 0.5 -0.866025 4.81562e-14
vn 0.5 -0.866025 4.81562e-14
vn 0.5 -0.866025 4.81562e-14
vn 0.5 -0.866025 4.81562e-14
vn 0.5 -0.866025 4.81562e-14
vn 0.433013 0.25 -0.866025
vn 0.433013 0.25 -0.866025
vn 0.433013 0.25 -0.866025
vn 0.433013 0.25 -0.866025
vn 0.433013 0.25 -0.866025
vn 0.433013 0.25 -0.866025
vn 0.5 -0.866025 6.18394e-14
vn 0.5 -0.866025 6.18394e-14
vn 0.5 -0.866025 6.18394e-14
vn 0.5 -0.866025 6.18394e-14
vn 0.5 -0.866025 6.18394e-14
vn 0.5 -0.866025 6.18394e-14
vn -0.433013 -0.25 0.866025
vn -0.433013 -0.25 0.866025
vn -0.433013 -0.25 0.866025
vn -0.433013 -0.25 0.866025
vn -0.433013 -0.25 0.866025
vn -0.433013 -0.25 0.866025
vn -0.5 0.866025 1.25358e-15
vn -0.5 0.866025 1.25358e-15
vn -0.5 0.866025 1.25358e-15
vn -0.5 0.866025 1.25358e-15
vn -0.5 0.866025 1.25358e-15
vn -0.5 0.866025 1.25358e-15
vn -0.433013 -0.25 0.866025
vn -0.433013 -0.25 0.866025
vn -0.433013 -0.25 0.866025
vn -0.433013 -0.25 0.866025
vn -0.433013 -0.25 0.866025
vn -0.433013 -0.25 0.866025
vn 0.5 -0.866025 4.76132e-14
vn 0.5 -0.866025 4.76132e-14
vn 0.5 -0.866025 4.76132e-14
vn 0.5 -0.866025 4.76132e-14
vn 0.5 -0.866025 4.76132e-14
vn 0.5 -0.866025 4.76132e-14
vn -0.433013 -0.25 0.866025
vn -0.433013 -0.25 0.866025
vn -0.433013 -0.25 0.866025
vn -0.433013 -0.25 0.866025
vn -0.433013 -0.25 0.866025
vn -0.433013 -0.25 0.866025
vn -0.5 0.866025 -4.90719e-14
vn -0.5 0.866025 -4.90719e-14
vn -0.5 0.866025 -4.90719e-14
vn -0.5 0.866025 -4.90719e-14
vn -0.5 0.866025 -4.90719e-14
vn -0.5 0.866025 -4.90719e-14
vn -0.433013 -0.25 0.866025
vn -0.433013 -0.25 0.866025
vn -0.433013 -0.25 0.866025
vn -0.433013 -0.25 0.866025
vn -0.433013 -0.25 0.866025
vn -0.433013 -0.25 0.866025
vn 0.5 -0.866025 4.85477e-14
vn 0.5 -0.866025 4.85477e-14
vn 0.5 -0.866025 4.85477e-14
vn 0.5 -0.866025 4.85477e-14
vn 0.5 -0.866025 4.85477e-14
vn 0.5 -0.866025 4.85477e-14
vn -0.433013 -0.25 0.866025
vn -0.433013 -0.25 0.866025
vn -0.433013 -0.25 0.866025
vn -0.433013 -0.25 0.866025
vn -0.433013 -0.25 0.866025
vn -0.433013 -0.25 0.866025
vn -0.5 0.866025 -4.85477e-14
vn -0.5 0.866025 -4.85477e-14
vn -0.5 0.866025 -4.85477e-14
vn -0.5 0.866025 -4.85477e-14
vn -0.5 0.866025 -4.85477e-14
vn -0.5 0.866025 -4.85477e-14
vn -0.433013 -0.25 0.866025
vn -0.433013 -0.25 0.866025
vn -0.433013 -0.25 0.866025
vn -0.433013 -0.25 0.866025
vn -0.433013 -0.25 0.866025
vn -0.433013 -0.25 0.866025
vn 0.5 -0.866025 4.87545e-14
vn 0.5 -0.866025 4.87545e-14
vn 0.5 -0.866025 4.87545e-14
vn 0.5 -0.866025 4.87545e-14
vn 0.5 -0.866025 4.87545e-14
vn 0.5 -0.866025 4.87545e-14
vn -0.433013 -0.25 0.866025
vn -0.433013 -0.25 0.866025
vn -0.433013 -0.25 0.866025
vn -0.433013 -0.25 0.866025
vn -0.433013 -0.25 0.866025
vn -0.433013 -0.25 0.866025
vn -0.5 0.866025 -4.91858e-14
vn -0.5 0.866025 -4.91858e-14
vn -0.5 0.866025 -4.91858e-14
vn -0.5 0.866025 -4.91858e-14
vn -0.5 0.866025 -4.91858e-14
vn -0.5 0.866025 -4.91858e-14
vn 0 0 0
vn 0 0 0
vn 0 0 0
vn 0 0 0
vn 0 0 0
vn 0 0 0
vn 0 0 0
vn 0 0 0
vn 0 0 0
vn 0 0 0
vn 0 0 0
vn 0 0 0
vn 0 0 0
vn 0 0 0
vn 0 0 0
vn 0 0 0
vn 0 0 0
vn 0 0 0
vn 0 0 0
vn 0 0 0
vn 0 0 0
vn 0 0 0
vn 0 0 0
vn 0 0 0
vn 0 0 0
vn 0 0 0
vn 0 0 0
vn 0 0 0
vn 0 0 0
vn 0 0 0
vn 0 0 0
vn 0 0 0
vn 0 0 0
vn 0 0 0
vn 0 0 0
vn 0 0 0
vn 0 0 0
vn 0 0 0
vn 0 0 0
vn 0 0 0
vn 0 0 0
vn 0 0 0
vn 0 0 0
vn 0 0 0
vn 0 0 0
vn 0 0 0
vn 0 0 0
vn 0 0 0
vn 0 0 0
vn 0 0 0
vn 0 0 0
vn 0 0 0
vn 0 0 0
vn 0 0 0
vn 0 0 0
vn 0 0 0
vn 0 0 0
vn 0 0 0
vn 0 0 0
vn 0 0 0
vn 0 0 0
vn 0 0 0
vn 0 0 0
vn 0 0 0
vn 0 0 0
vn 0 0 0
vn 0 0 0
vn 0 0 0
vn 0 0 0
vn 0 0 0
vn 0 0 0
vn 0 0 0
vn 0 0 0
vn 0 0 0
vn 0 0 0
vn 0 0 0
vn 0 0 0
vn 0 0 0
vn 0 0 0
vn 0 0 0
vn 0 0 0
vn 0 0 0
vn 0 0 0
vn 0 0 0
vn 0 0 0
vn 0 0 0
vn 0 0 0
vn 0 0 0
vn 0 0 0
vn 0 0 0
vn 0 0 0
vn 0 0 0
vn 0 0 0
vn 0 0 0
vn 0 0 0
vn 0 0 0
vn 0 0 0
vn 0 0 0
vn 0 0 0
vn 0 0 0
vn 0 0 0
vn 0 0 0
vn 0 0 0
vn 0 0 0
vn 0 0 0
vn 0 0 0
vn 0 0 0
vn 0 0 0
vn 0 0 0
vn 0 0 0
vn 0 0 0
vn 0 0 0
vn 0 0 0
vn 0 0 0
vn 0 0 0
vn 0 0 0
vn 0 0 0
vn 0 0 0
vn 0 0 0
vn 0 0 0
vn 0 0 0
vn 0 0 0
vn 0 0 0
vn 0 0 0
vn 0 0 0
vn 0 0 0
vn 0 0 0
vn 0 0 0
vn 0 0 0
vn 0 0 0
vn 0 0 0
vn 0 0 0
vn 0 0 0
vn 0 0 0
vn 0 0 0
vn 0 0 0
vn 0 0 0
vn 0 0 0
vn 0 0 0
vn 0 0 0
vn 0 0 0
vn 0 0 0
vn 0 0 0
vn 0 0 0
vn 0 0 0
vn 0 0 0
vn 0 0 0
vn 0 0 0
vn 0 0 0
vn 0 0 0
vn 0 0 0
vn 0 0 0
vn 0 0 0
vn 0 0 0
vn 0 0 0
vn 0 0 0
vn 0 0 0
vn 0 0 0
vn 0 0 0
vn 0 0 0
vn 0 0 0
vn 0 0 0
vn 0 0 0
vn 0 0 0
vn 0 0 0
vn 0 0 0
vn 0 0 0
vn 0 0 0
vn 0 0 0
vn 0 0 0
vn 0 0 0
vn 0 0 0
vn 0 0 0
vn 0 0 0
vn 0 0 0
vn 0 0 0
vn 0 0 0
vn 0 0 0
vn 0 0 0
vn 0 0 0
vn 0 0 0
vn 0 0 0
vn 0 0 0
vn 0 0 0
vn 0 0 0
vn 0 0 0
vn 0 0 0
vn 0 0 0
vn 0 0 0
vn 0 0 0
vn 0 0 0
vn 0 0 0
vn 0 0 0
vn 0 0 0
vn 0 0 0
vn 0 0 0
vn 0 0 0
vn 0 0 0
vn 0 0 0
vn 0 0 0
vn 0 0 0
vn 0 0 0
vn 0 0 0
vn 0 0 0
vn 0 0 0
vn 0 0 0
vn 0 0 0
vn 0 0 0
vn 0 0 0
vn 0 0 0
vn 0 0 0
vn 0 0 0
vn 0 0 0
vn 0 0 0
vn 0 0 0
vn 0 0 0
vn 0 0 0
vn 0 0 0
vn 0 0 0
vn 0 0 0
vn 0 0 0
vn 0 0 0
vn 0 0 0
vn 0 0 0
vn 0 0 0
vn 0 0 0
vn 0 0 0
vn 0 0 0
vn 0 0 0
vn 0 0 0
vn 0 0 0
vn 0 0 0
vn 0 0 0
vn 0 0 0
vn 0 0 0
vn 0 0 0
vn 0 0 0
vn 0 0 0
vn 0 0 0
vn 0 0 0
vn 0 0 0
vn 0 0 0
vn 0 0 0
vn 0 0 0
vn 0 0 0
vn 0 0 0
vn 0 0 0
vn 0 0 0
vn 0 0 0
vn 0 0 0
vn 0 0 0
vn 0 0 0
vn 0 0 0
vn 0 0 0
vn 0 0 0
vn 0 0 0
vn 0 0 0
vn 0 0 0
vn 0 0 0
vn 0 0 0
vn -0.5 0.866025 -5.06641e-14
vn -0.5 0.866025 -5.06641e-14
vn -0.5 0.866025 -5.06641e-14
vn -0.5 0.866025 -5.06641e-14
vn -0.5 0.866025 -5.06641e-14
vn -0.5 0.866025 -5.06641e-14
vn -0.5 0.866025 -5.06641e-14
vn -0.5 0.866025 -5.06641e-14
vn -0.5 0.866025 -5.06641e-14
vn -0.5 0.866025 -5.06641e-14
vn -0.5 0.866025 -5.06641e-14
vn -0.5 0.866025 -5.06641e-14
vn -0.5 0.866025 -5.06641e-14
vn -0.5 0.866025 -5.06641e-14
vn -0.5 0.866025 -5.06641e-14
vn -0.5 0.866025 -5.06641e-14
vn -0.5 0.866025 -5.06641e-14
vn -0.5 0.866025 -5.06641e-14
vn -0.5 0.866025 -5.06641e-14
vn -0.5 0.866025 -5.06641e-14
vn -0.5 0.866025 -5.06641e-14
vn -0.5 0.866025 -5.06641e-14
vn -0.5 0.866025 -5.06641e-14
vn -0.5 0.866025 -5.06641e-14
vn -0.5 0.866025 -5.06641e-14
vn -0.5 0.866025 -5.06641e-14
vn -0.5 0.866025 -5.06641e-14
vn -0.5 0.866025 -5.06641e-14
vn -0.5 0.866025 -5.06641e-14
vn -0.5 0.866025 -5.06641e-14
vn -0.5 0.866025 -5.06641e-14
vn -0.5 0.866025 -5.06641e-14
vn -0.5 0.866025 -5.06641e-14
vn -0.5 0.866025 -5.06641e-14
vn -0.5 0.866025 -5.06641e-14
vn -0.5 0.866025 -5.06641e-14
vn 0.433013 0.25 -0.866025
vn 0.433013 0.25 -0.866025
vn 0.433013 0.25 -0.866025
vn 0.433013 0.25 -0.866025
vn 0.433013 0.25 -0.866025
vn 0.433013 0.25 -0.866025
vn -0.433013 -0.25 -0.866025
vn -0.433013 -0.25 -0.866025
vn -0.433013 -0.25 -0.866025
vn -0.433013 -0.25 -0.866025
vn -0.433013 -0.25 -0.866025
vn -0.433013 -0.25 -0.866025
vn -0.866025 -0.5 4.15208e-16
vn -0.866025 -0.5 4.15208e-16
vn -0.866025 -0.5 4.15208e-16
vn -0.866025 -0.5 4.15208e-16
vn -0.866025 -0.5 4.15208e-16
vn -0.866025 -0.5 4.15208e-16
vn -0.433013 -0.25 0.866025
vn -0.433013 -0.25 0.866025
vn -0.433013 -0.25 0.866025
vn -0.433013 -0.25 0.866025
vn -0.433013 -0.25 0.866025
vn -0.433013 -0.25 0.866025
vn 0.433013 0.25 0.866025
vn 0.433013 0.25 0.866025
vn 0.433013 0.25 0.866025
vn 0.433013 0.25 0.866025
vn 0.433013 0.25 0.866025
vn 0.433013 0.25 0.866025
vn 0.866025 0.5 2.37614e-15
vn 0.866025 0.5 2.37614e-15
vn 0.866025 0.5 2.37614e-15
vn 0.866025 0.5 2.37614e-15
vn 0.866025 0.5 2.37614e-15
vn 0.866025 0.5 2.37614e-15
vn 0.5 -0.866025 5.06641e-14
vn 0.5 -0.866025 5.06641e-14
vn 0.5 -0.866025 5.06641e-14
vn 0.5 -0.866025 5.06641e-14
vn 0.5 -0.866025 5.06641e-14
vn 0.5 -0.866025 5.06641e-14
vn 0.5 -0.866025 5.06641e-14
vn 0.5 -0.866025 5.06641e-14
vn 0.5 -0.866025 5.06641e-14
vn 0.5 -0.866025 5.06641e-14
vn 0.5 -0.866025 5.06641e-14
vn 0.5 -0.866025 5.06641e-14
vn 0.5 -0.866025 5.06641e-14
vn 0.5 -0.866025 5.06641e-14
vn 0.5 -0.866025 5.06641e-14
vn 0.5 -0.866025 5.06641e-14
vn 0.5 -0.866025 5.06641e-14
vn 0.5 -0.866025 5.06641e-14
vn 0.5 -0.866025 5.06641e-14
vn 0.5 -0.866025 5.06641e-14
vn 0.5 -0.866025 5.06641e-14
vn 0.5 -0.866025 5.06641e-14
vn 0.5 -0.866025 5.06641e-14
vn 0.5 -0.866025 5.06641e-14
vn 0.5 -0.866025 5.06641e-14
vn 0.5 -0.866025 5.06641e-14
vn 0.5 -0.866025 5.06641e-14
vn 0.5 -0.866025 5.06641e-14
vn 0.5 -0.866025 5.06641e-14
vn 0.5 -0.866025 5.06641e-14
vn 0.5 -0.866025 5.06641e-14
vn 0.5 -0.866025 5.06641e-14
vn 0.5 -0.866025 5.06641e-14
vn 0.5 -0.866025 5.06641e-14
vn 0.5 -0.866025 5.06641e-14
vn 0.5 -0.866025 5.06641e-14
vn 0.5 -0.866025 5.06641e-14
vn 0.5 -0.866025 5.06641e-14
vn 0.5 -0.866025 5.06641e-14
vn 0.5 -0.866025 5.06641e-14
vn 0.5 -0.866025 5.06641e-14
vn 0.5 -0.866025 5.06641e-14
vn 0.5 -0.866025 5.06641e-14
vn 0.5 -0.866025 5.06641e-14
vn 0.5 -0.866025 5.06641e-14
vn 0.5 -0.866025 5.06641e-14
vn 0.5 -0.866025 5.06641e-14
vn 0.5 -0.866025 5.06641e-14
vn 0.5 -0.866025 5.06641e-14
vn 0.5 -0.866025 5.06641e-14
vn 0.5 -0.866025 5.06641e-14
vn 0.5 -0.866025 5.06641e-14
vn 0.5 -0.866025 5.06641e-14
vn 0.5 -0.866025 5.06641e-14
vn 0.5 -0.866025 5.06641e-14
vn 0.5 -0.866025 5.06641e-14
vn 0.5 -0.866025 5.06641e-14
vn 0.5 -0.866025 5.06641e-14
vn 0.5 -0.866025 5.06641e-14
vn 0.5 -0.866025 5.06641e-14
vn 0.5 -0.866025 5.06641e-14
vn 0.5 -0.866025 5.06641e-14
vn 0.5 -0.866025 5.06641e-14
vn 0.5 -0.866025 5.06641e-14
vn 0.5 -0.866025 5.06641e-14
vn 0.5 -0.866025 5.06641e-14
vn 0.5 -0.866025 5.06641e-14
vn 0.5 -0.866025 5.06641e-14
vn 0.5 -0.866025 5.06641e-14
vn 0.5 -0.866025 5.06641e-14
vn 0.5 -0.866025 5.06641e-14
vn 0.5 -0.866025 5.06641e-14
vn -0.433013 -0.25 0.866025
vn -0.433013 -0.25 0.866025
vn -0.433013 -0.25 0.866025
vn -0.433013 -0.25 0.866025
vn -0.433013 -0.25 0.866025
vn -0.433013 -0.25 0.866025
vn 0.433013 0.25 0.866025
vn 0.433013 0.25 0.866025
vn 0.433013 0.25 0.866025
vn 0.433013 0.25 0.866025
vn 0.433013 0.25 0.866025
vn 0.433013 0.25 0.866025
vn 0.866025 0.5 -4.15208e-16
vn 0.866025 0.5 -4.15208e-16
vn 0.866025 0.5 -4.15208e-16
vn 0.866025 0.5 -4.15208e-16
vn 0.866025 0.5 -4.15208e-16
vn 0.866025 0.5 -4.15208e-16
vn 0.433013 0.25 -0.866025
vn 0.433013 0.25 -0.866025
vn 0.433013 0.25 -0.866025
vn 0.433013 0.25 -0.866025
vn 0.433013 0.25 -0.866025
vn 0.433013 0.25 -0.866025
vn -0.433013 -0.25 -0.866025
vn -0.433013 -0.25 -0.866025
vn -0.433013 -0.25 -0.866025
vn -0.433013 -0.25 -0.866025
vn -0.433013 -0.25 -0.866025
vn -0.433013 -0.25 -0.866025
vn -0.866025 -0.5 -2.37614e-15
vn -0.866025 -0.5 -2.37614e-15
vn -0.866025 -0.5 -2.37614e-15
vn -0.866025 -0.5 -2.37614e-15
vn -0.866025 -0.5 -2.37614e-15
vn -0.866025 -0.5 -2.37614e-15
vn -0.5 0.866025 -5.06641e-14
vn -0.5 0.866025 -5.06641e-14
vn -0.5 0.866025 -5.06641e-14
vn -0.5 0.866025 -5.06641e-14
vn -0.5 0.866025 -5.06641e-14
vn -0.5 0.866025 -5.06641e-14
vn -0.5 0.866025 -5.06641e-14
vn -0.5 0.866025 -5.06641e-14
vn -0.5 0.866025 -5.06641e-14
vn -0.5 0.866025 -5.06641e-14
vn -0.5 0.866025 -5.06641e-14
vn -0.5 0.866025 -5.06641e-14
vn -0.5 0.866025 -5.06641e-14
vn -0.5 0.866025 -5.06641e-14
vn -0.5 0.866025 -5.06641e-14
vn -0.5 0.866025 -5.06641e-14
vn -0.5 0.866025 -5.06641e-14
vn -0.5 0.866025 -5.06641e-14
vn -0.5 0.866025 -5.06641e-14
vn -0.5 0.866025 -5.06641e-14
vn -0.5 0.866025 -5.06641e-14
vn -0.5 0.866025 -5.06641e-14
vn -0.5 0.866025 -5.06641e-14
vn -0.5 0.866025 -5.06641e-14
vn -0.5 0.866025 -5.06641e-14
vn -0.5 0.866025 -5.06641e-14
vn -0.5 0.866025 -5.06641e-14
vn -0.5 0.866025 -5.06641e-14
vn -0.5 0.866025 -5.06641e-14
vn -0.5 0.866025 -5.06641e-14
vn -0.5 0.866025 -5.06641e-14
vn -0.5 0.866025 -5.06641e-14
vn -0.5 0.866025 -5.06641e-14
vn -0.5 0.866025 -5.06641e-14
vn -0.5 0.866025 -5.06641e-14
vn -0.5 0.866025 -5.06641e-14
vn 0 0 0
vn 0 0 0
vn 0 0 0
vn 0 0 0
vn 0 0 0
vn 0 0 0
vn 0 0 0
vn 0 0 0
vn 0 0 0
vn 0 0 0
vn 0 0 0
vn 0 0 0
vn 0 0 0
vn 0 0 0
vn 0 0 0
vn 0 0 0
vn 0 0 0
vn 0 0 0
vn 0 0 0
vn 0 0 0
vn 0 0 0
vn 0 0 0
vn 0 0 0
vn 0 0 0
vn 0 0 0
vn 0 0 0
vn 0 0 0
vn 0 0 0
vn 0 0 0
vn 0 0 0
vn 0 0 0
vn 0 0 0
vn 0 0 0
vn 0 0 0
vn 0 0 0
vn 0 0 0
vn 0 0 0
vn 0 0 0
vn 0 0 0
vn 0 0 0
vn 0 0 0
vn 0 0 0
vn 0 0 0
vn 0 0 0
vn 0 0 0
vn 0 0 0
vn 0 0 0
vn 0 0 0
vn 0 0 0
vn 0 0 0
vn 0 0 0
vn 0 0 0
vn 0 0 0
vn 0 0 0
vn 0 0 0
vn 0 0 0
vn 0 0 0
vn 0 0 0
vn 0 0 0
vn 0 0 0
vn 0.433013 0.25 -0.866025
vn 0.433013 0.25 -0.866025
vn 0.433013 0.25 -0.866025
vn 0.433013 0.25 -0.866025
vn 0.433013 0.25 -0.866025
vn 0.433013 0.25 -0.866025
vn -0.433013 -0.25 -0.866025
vn -0.433013 -0.25 -0.866025
vn -0.433013 -0.25 -0.866025
vn -0.433013 -0.25 -0.866025
vn -0.433013 -0.25 -0.866025
vn -0.433013 -0.25 -0.866025
vn 0.866025 0.5 1.66652e-15
vn 0.866025 0.5 1.66652e-15
vn 0.866025 0.5 1.66652e-15
vn 0.866025 0.5 1.66652e-15
vn 0.866025 0.5 1.66652e-15
vn 0.866025 0.5 1.66652e-15
vn -0.866025 -0.5 3.29434e-16
vn -0.866025 -0.5 3.29434e-16
vn -0.866025 -0.5 3.29434e-16
vn -0.866025 -0.5 3.29434e-16
vn -0.866025 -0.5 3.29434e-16
vn -0.866025 -0.5 3.29434e-16
vn 0.433013 0.25 0.866025
vn 0.433013 0.25 0.866025
vn 0.433013 0.25 0.866025
vn 0.433013 0.25 0.866025
vn 0.433013 0.25 0.866025
vn 0.433013 0.25 0.866025
vn -0.433013 -0.25 0.866025
vn -0.433013 -0.25 0.866025
vn -0.433013 -0.25 0.866025
vn -0.433013 -0.25 0.866025
vn -0.433013 -0.25 0.866025
vn -0.433013 -0.25 0.866025
vn -0.433013 -0.25 0.866025
vn -0.433013 -0.25 0.866025
vn -0.433013 -0.25 0.866025
vn -0.433013 -0.25 0.866025
vn -0.433013 -0.25 0.866025
vn -0.433013 -0.25 0.866025
vn 0.433013 0.25 0.866025
vn 0.433013 0.25 0.866025
vn 0.433013 0.25 0.866025
vn 0.433013 0.25 0.866025
vn 0.433013 0.25 0.866025
vn 0.433013 0.25 0.866025
vn -0.866025 -0.5 -1.66652e-15
vn -0.866025 -0.5 -1.66652e-15
vn -0.866025 -0.5 -1.66652e-15
vn -0.866025 -0.5 -1.66652e-15
vn -0.866025 -0.5 -1.66652e-15
vn -0.866025 -0.5 -1.66652e-15
vn 0.866025 0.5 -3.29434e-16
vn 0.866025 0.5 -3.29434e-16
vn 0.866025 0.5 -3.29434e-16
vn 0.866025 0.5 -3.29434e-16
vn 0.866025 0.5 -3.29434e-16
vn 0.866025 0.5 -3.29434e-16
vn -0.433013 -0.25 -0.866025
vn -0.433013 -0.25 -0.866025
vn -0.433013 -0.25 -0.866025
vn -0.433013 -0.25 -0.866025
vn -0.433013 -0.25 -0.866025
vn -0.433013 -0.25 -0.866025
vn 0.433013 0.25 -0.866025
vn 0.433013 0.25 -0.866025
vn 0.433013 0.25 -0.866025
vn 0.433013 0.25 -0.866025
vn 0.433013 0.25 -0.866025
vn 0.433013 0.25 -0.866025
vn 0 0 0
vn 0 0 0
vn 0 0 0
vn 0 0 0
vn 0 0 0
vn 0 0 0
vn 0 0 0
vn 0 0 0
vn 0 0 0
vn 0 0 0
vn 0 0 0
vn 0 0 0
vn 0 0 0
vn 0 0 0
vn 0 0 0
vn 0 0 0
vn 0 0 0
vn 0 0 0
vn 0 0 0
vn 0 0 0
vn 0 0 0
vn 0 0 0
vn 0 0 0
vn 0 0 0
vn 0 0 0
vn 0 0 0
vn 0 0 0
vn 0 0 0
vn 0 0 0
vn 0 0 0
vn 0 0 0
vn 0 0 0
vn 0 0 0
vn 0 0 0
vn 0 0 0
vn 0 0 0
vn 0.866025 0.5 -7.89025e-16
vn 0.866025 0.5 -7.89025e-16
vn 0.866025 0.5 -7.89025e-16
vn 0.866025 0.5 -7.89025e-16
vn 0.866025 0.5 -7.89025e-16
vn 0.866025 0.5 -7.89025e-16
vn 0.433013 0.25 -0.866025
vn 0.433013 0.25 -0.866025
vn 0.433013 0.25 -0.866025
vn 0.433013 0.25 -0.866025
vn 0.433013 0.25 -0.866025
vn 0.433013 0.25 -0.866025
vn -0.5 0.866025 -5.01479e-14
vn -0.5 0.866025 -5.01479e-14
vn -0.5 0.866025 -5.01479e-14
vn -0.5 0.866025 -5.01479e-14
vn -0.5 0.866025 -5.01479e-14
vn -0.5 0.866025 -5.01479e-14
vn -0.5 0.866025 -5.01479e-14
vn -0.5 0.866025 -5.01479e-14
vn -0.5 0.866025 -5.01479e-14
vn -0.5 0.866025 -5.01479e-14
vn -0.5 0.866025 -5.01479e-14
vn -0.5 0.866025 -5.01479e-14
vn -0.5 0.866025 -5.01479e-14
vn -0.5 0.866025 -5.01479e-14
vn -0.5 0.866025 -5.01479e-14
vn -0.5 0.866025 -5.01479e-14
vn -0.5 0.866025 -5.01479e-14
vn -0.5 0.866025 -5.01479e-14
vn -0.5 0.866025 -5.01479e-14
vn -0.5 0.866025 -5.01479e-14
vn -0.5 0.866025 -5.01479e-14
vn -0.5 0.866025 -5.01479e-14
vn -0.5 0.866025 -5.01479e-14
vn -0.5 0.866025 -5.01479e-14
vn -0.5 0.866025 -5.01479e-14
vn -0.5 0.866025 -5.01479e-14
vn -0.5 0.866025 -5.01479e-14
vn -0.5 0.866025 -5.01479e-14
vn -0.5 0.866025 -5.01479e-14
vn -0.5 0.866025 -5.01479e-14
vn -0.5 0.866025 -5.01479e-14
vn -0.5 0.866025 -5.01479e-14
vn -0.5 0.866025 -5.01479e-14
vn -0.5 0.866025 -5.01479e-14
vn -0.5 0.866025 -5.01479e-14
vn -0.5 0.866025 -5.01479e-14
vn 0.433013 0.25 0.866025
vn 0.433013 0.25 0.866025
vn 0.433013 0.25 0.866025
vn 0.433013 0.25 0.866025
vn 0.433013 0.25 0.866025
vn 0.433013 0.25 0.866025
vn -0.433013 -0.25 -0.866025
vn -0.433013 -0.25 -0.866025
vn -0.433013 -0.25 -0.866025
vn -0.433013 -0.25 -0.866025
vn -0.433013 -0.25 -0.866025
vn -0.433013 -0.25 -0.866025
vn -0.866025 -0.5 3.15003e-16
vn -0.866025 -0.5 3.15003e-16
vn -0.866025 -0.5 3.15003e-16
vn -0.866025 -0.5 3.15003e-16
vn -0.866025 -0.5 3.15003e-16
vn -0.866025 -0.5 3.15003e-16
vn -0.433013 -0.25 0.866025
vn -0.433013 -0.25 0.866025
vn -0.433013 -0.25 0.866025
vn -0.433013 -0.25 0.866025
vn -0.433013 -0.25 0.866025
vn -0.433013 -0.25 0.866025
vn -0.866025 -0.5 7.89025e-16
vn -0.866025 -0.5 7.89025e-16
vn -0.866025 -0.5 7.89025e-16
vn -0.866025 -0.5 7.89025e-16
vn -0.866025 -0.5 7.89025e-16
vn -0.866025 -0.5 7.89025e-16
vn -0.433013 -0.25 0.866025
vn -0.433013 -0.25 0.866025
vn -0.433013 -0.25 0.866025
vn -0.433013 -0.25 0.866025
vn -0.433013 -0.25 0.866025
vn -0.433013 -0.25 0.866025
vn 0.5 -0.866025 5.01479e-14
vn 0.5 -0.866025 5.01479e-14
vn 0.5 -0.866025 5.01479e-14
vn 0.5 -0.866025 5.01479e-14
vn 0.5 -0.866025 5.01479e-14
vn 0.5 -0.866025 5.01479e-14
vn 0.5 -0.866025 5.01479e-14
vn 0.5 -0.866025 5.01479e-14
vn 0.5 -0.866025 5.01479e-14
vn 0.5 -0.866025 5.01479e-14
vn 0.5 -0.866025 5.01479e-14
vn 0.5 -0.866025 5.01479e-14
vn 0.5 -0.866025 5.01479e-14
vn 0.5 -0.866025 5.01479e-14
vn 0.5 -0.866025 5.01479e-14
vn 0.5 -0.866025 5.01479e-14
vn 0.5 -0.866025 5.01479e-14
vn 0.5 -0.866025 5.01479e-14
vn 0.5 -0.866025 5.01479e-14
vn 0.5 -0.866025 5.01479e-14
vn 0.5 -0.866025 5.01479e-14
vn 0.5 -0.866025 5.01479e-14
vn 0.5 -0.866025 5.01479e-14
vn 0.5 -0.866025 5.01479e-14
vn 0.5 -0.866025 5.01479e-14
vn 0.5 -0.866025 5.01479e-14
vn 0.5 -0.866025 5.01479e-14
vn 0.5 -0.866025 5.01479e-14
vn 0.5 -0.866025 5.01479e-14
vn 0.5 -0.866025 5.01479e-14
vn 0.5 -0.866025 5.01479e-14
vn 0.5 -0.866025 5.01479e-14
vn 0.5 -0.866025 5.01479e-14
vn 0.5 -0.866025 5.01479e-14
vn 0.5 -0.866025 5.01479e-14
vn 0.5 -0.866025 5.01479e-14
vn -0.433013 -0.25 -0.866025
vn -0.433013 -0.25 -0.866025
vn -0.433013 -0.25 -0.866025
vn -0.433013 -0.25 -0.866025
vn -0.433013 -0.25 -0.866025
vn -0.433013 -0.25 -0.866025
vn 0.433013 0.25 0.866025
vn 0.433013 0.25 0.866025
vn 0.433013 0.25 0.866025
vn 0.433013 0.25 0.866025
vn 0.433013 0.25 0.866025
vn 0.433013 0.25 0.866025
vn 0.866025 0.5 -3.15003e-16
vn 0.866025 0.5 -3.15003e-16
vn 0.866025 0.5 -3.15003e-16
vn 0.866025 0.5 -3.15003e-16
vn 0.866025 0.5 -3.15003e-16
vn 0.866025 0.5 -3.15003e-16
vn 0.433013 0.25 -0.866025
vn 0.433013 0.25 -0.866025
vn 0.433013 0.25 -0.866025
vn 0.433013 0.25 -0.866025
vn 0.433013 0.25 -0.866025
vn 0.433013 0.25 -0.866025
vn 0 0 0
vn 0 0 0
vn 0 0 0
vn 0 0 0
vn 0 0 0
vn 0 0 0
vn 0 0 0
vn 0 0 0
vn 0 0 0
vn 0 0 0
vn 0 0 0
vn 0 0 0
vn 0 0 0
vn 0 0 0
vn 0 0 0
vn 0 0 0
vn 0 0 0
vn 0 0 0
vn 0 0 0
vn 0 0 0
vn 0 0 0
vn 0 0 0
vn 0 0 0
vn 0 0 0
vn 0 0 0
vn 0 0 0
vn 0 0 0
vn 0 0 0
vn 0 0 0
vn 0 0 0
vn 0 0 0
vn 0 0 0
vn 0 0 0
vn 0 0 0
vn 0 0 0
vn 0 0 0
vn 0 0 0
vn 0 0 0
vn 0 0 0
vn 0 0 0
vn 0 0 0
vn 0 0 0
vn 0 0 0
vn 0 0 0
vn 0 0 0
vn 0 0 0
vn 0 0 0
vn 0 0 0
vn -0.5 0.866025 -4.8983e-14
vn -0.5 0.866025 -4.8983e-14
vn -0.5 0.866025 -4.8983e-14
vn -0.5 0.866025 -4.8983e-14
vn -0.5 0.866025 -4.8983e-14
vn -0.5 0.866025 -4.8983e-14
vn -0.5 0.866025 -4.8983e-14
vn -0.5 0.866025 -4.8983e-14
vn -0.5 0.866025 -4.8983e-14
vn -0.5 0.866025 -4.8983e-14
vn -0.5 0.866025 -4.8983e-14
vn -0.5 0.866025 -4.8983e-14
vn -0.433013 -0.25 0.866025
vn -0.433013 -0.25 0.866025
vn -0.433013 -0.25 0.866025
vn -0.433013 -0.25 0.866025
vn -0.433013 -0.25 0.866025
vn -0.433013 -0.25 0.866025
vn 0.433013 0.25 0.866025
vn 0.433013 0.25 0.866025
vn 0.433013 0.25 0.866025
vn 0.433013 0.25 0.866025
vn 0.433013 0.25 0.866025
vn 0.433013 0.25 0.866025
vn 0.866025 0.5 7.76107e-15
vn 0.866025 0.5 7.76107e-15
vn 0.866025 0.5 7.76107e-15
vn 0.866025 0.5 7.76107e-15
vn 0.866025 0.5 7.76107e-15
vn 0.866025 0.5 7.76107e-15
vn 0.433013 0.25 -0.866025
vn 0.433013 0.25 -0.866025
vn 0.433013 0.25 -0.866025
vn 0.433013 0.25 -0.866025
vn 0.433013 0.25 -0.866025
vn 0.433013 0.25 -0.866025
vn -0.433013 -0.25 -0.866025
vn -0.433013 -0.25 -0.866025
vn -0.433013 -0.25 -0.866025
vn -0.433013 -0.25 -0.866025
vn -0.433013 -0.25 -0.866025
vn -0.433013 -0.25 -0.866025
vn -0.866025 -0.5 -1.92624e-15
vn -0.866025 -0.5 -1.92624e-15
vn -0.866025 -0.5 -1.92624e-15
vn -0.866025 -0.5 -1.92624e-15
vn -0.866025 -0.5 -1.92624e-15
vn -0.866025 -0.5 -1.92624e-15
vn 0.5 -0.866025 4.8983e-14
vn 0.5 -0.866025 4.8983e-14
vn 0.5 -0.866025 4.8983e-14
vn 0.5 -0.866025 4.8983e-14
vn 0.5 -0.866025 4.8983e-14
vn 0.5 -0.866025 4.8983e-14
vn 0.5 -0.866025 4.8983e-14
vn 0.5 -0.866025 4.8983e-14
vn 0.5 -0.866025 4.8983e-14
vn 0.5 -0.866025 4.8983e-14
vn 0.5 -0.866025 4.8983e-14
vn 0.5 -0.866025 4.8983e-14
vn 0.433013 0.25 -0.866025
vn 0.433013 0.25 -0.866025
vn 0.433013 0.25 -0.866025
vn 0.433013 0.25 -0.866025
vn 0.433013 0.25 -0.866025
vn 0.433013 0.25 -0.866025
vn -0.433013 -0.25 -0.866025
vn -0.433013 -0.25 -0.866025
vn -0.433013 -0.25 -0.866025
vn -0.433013 -0.25 -0.866025
vn -0.433013 -0.25 -0.866025
vn -0.433013 -0.25 -0.866025
vn -0.866025 -0.5 -7.76107e-15
vn -0.866025 -0.5 -7.76107e-15
vn -0.866025 -0.5 -7.76107e-15
vn -0.866025 -0.5 -7.76107e-15
vn -0.866025 -0.5 -7.76107e-15
vn -0.866025 -0.5 -7.76107e-15
vn -0.433013 -0.25 0.866025
vn -0.433013 -0.25 0.866025
vn -0.433013 -0.25 0.866025
vn -0.433013 -0.25 0.866025
vn -0.433013 -0.25 0.866025
vn -0.433013 -0.25 0.866025
vn 0.433013 0.25 0.866025
vn 0.433013 0.25 0.866025
vn 0.433013 0.25 0.866025
vn 0.433013 0.25 0.866025
vn 0.433013 0.25 0.866025
vn 0.433013 0.25 0.866025
vn 0.866025 0.5 1.92624e-15
vn 0.866025 0.5 1.92624e-15
vn 0.866025 0.5 1.92624e-15
vn 0.866025 0.5 1.92624e-15
vn 0.866025 0.5 1.92624e-15
vn 0.866025 0.5 1.92624e-15
vn 0 0 0
vn 0 0 0
vn 0 0 0
vn 0 0 0
vn 0 0 0
vn 0 0 0
vn 0 0 0
vn 0 0 0
vn 0 0 0
vn 0 0 0
vn 0 0 0
vn 0 0 0
vn 0 0 0
vn 0 0 0
vn 0 0 0
vn 0 0 0
vn 0 0 0
vn 0 0 0
vn 0 0 0
vn 0 0 0
vn 0 0 0
vn 0 0 0
vn 0 0 0
vn 0 0 0
vn 0 0 0
vn 0 0 0
vn 0 0 0
vn 0 0 0
vn 0 0 0
vn 0 0 0
vn 0 0 0
vn 0 0 0
vn 0 0 0
vn 0 0 0
vn 0 0 0
vn 0 0 0
vn 0.433013 0.25 0.866025
vn 0.433013 0.25 0.866025
vn 0.433013 0.25 0.866025
vn 0.433013 0.25 0.866025
vn 0.433013 0.25 0.866025
vn 0.433013 0.25 0.866025
vn 0.5 -0.866025 5.088e-14
vn 0.5 -0.866025 5.088e-14
vn 0.5 -0.866025 5.088e-14
vn 0.5 -0.866025 5.088e-14
vn 0.5 -0.866025 5.088e-14
vn 0.5 -0.866025 5.088e-14
vn 0.5 -0.866025 5.088e-14
vn 0.5 -0.866025 5.088e-14
vn 0.5 -0.866025 5.088e-14
vn 0.5 -0.866025 5.088e-14
vn 0.5 -0.866025 5.088e-14
vn 0.5 -0.866025 5.088e-14
vn 0.5 -0.866025 5.088e-14
vn 0.5 -0.866025 5.088e-14
vn 0.5 -0.866025 5.088e-14
vn 0.5 -0.866025 5.088e-14
vn 0.5 -0.866025 5.088e-14
vn 0.5 -0.866025 5.088e-14
vn 0.5 -0.866025 5.088e-14
vn 0.5 -0.866025 5.088e-14
vn 0.5 -0.866025 5.088e-14
vn 0.5 -0.866025 5.088e-14
vn 0.5 -0.866025 5.088e-14
vn 0.5 -0.866025 5.088e-14
vn 0.5 -0.866025 5.088e-14
vn 0.5 -0.866025 5.088e-14
vn 0.5 -0.866025 5.088e-14
vn 0.5 -0.866025 5.088e-14
vn 0.5 -0.866025 5.088e-14
vn 0.5 -0.866025 5.088e-14
vn 0.5 -0.866025 5.088e-14
vn 0.5 -0.866025 5.088e-14
vn 0.5 -0.866025 5.088e-14
vn 0.5 -0.866025 5.088e-14
vn 0.5 -0.866025 5.088e-14
vn 0.5 -0.866025 5.088e-14
vn 0.866025 0.5 2.37614e-15
vn 0.866025 0.5 2.37614e-15
vn 0.866025 0.5 2.37614e-15
vn 0.866025 0.5 2.37614e-15
vn 0.866025 0.5 2.37614e-15
vn 0.866025 0.5 2.37614e-15
vn -0.5 0.866025 -5.088e-14
vn -0.5 0.866025 -5.088e-14
vn -0.5 0.866025 -5.088e-14
vn -0.5 0.866025 -5.088e-14
vn -0.5 0.866025 -5.088e-14
vn -0.5 0.866025 -5.088e-14
vn -0.5 0.866025 -5.088e-14
vn -0.5 0.866025 -5.088e-14
vn -0.5 0.866025 -5.088e-14
vn -0.5 0.866025 -5.088e-14
vn -0.5 0.866025 -5.088e-14
vn -0.5 0.866025 -5.088e-14
vn -0.5 0.866025 -5.088e-14
vn -0.5 0.866025 -5.088e-14
vn -0.5 0.866025 -5.088e-14
vn -0.5 0.866025 -5.088e-14
vn -0.5 0.866025 -5.088e-14
vn -0.5 0.866025 -5.088e-14
vn -0.5 0.866025 -5.088e-14
vn -0.5 0.866025 -5.088e-14
vn -0.5 0.866025 -5.088e-14
vn -0.5 0.866025 -5.088e-14
vn -0.5 0.866025 -5.088e-14
vn -0.5 0.866025 -5.088e-14
vn -0.5 0.866025 -5.088e-14
vn -0.5 0.866025 -5.088e-14
vn -0.5 0.866025 -5.088e-14
vn -0.5 0.866025 -5.088e-14
vn -0.5 0.866025 -5.088e-14
vn -0.5 0.866025 -5.088e-14
vn -0.5 0.866025 -5.088e-14
vn -0.5 0.866025 -5.088e-14
vn -0.5 0.866025 -5.088e-14
vn -0.5 0.866025 -5.088e-14
vn -0.5 0.866025 -5.088e-14
vn -0.5 0.866025 -5.088e-14
vn -0.433013 -0.25 0.866025
vn -0.433013 -0.25 0.866025
vn -0.433013 -0.25 0.866025
vn -0.433013 -0.25 0.866025
vn -0.433013 -0.25 0.866025
vn -0.433013 -0.25 0.866025
vn 0.433013 0.25 -0.866025
vn 0.433013 0.25 -0.866025
vn 0.433013 0.25 -0.866025
vn 0.433013 0.25 -0.866025
vn 0.433013 0.25 -0.866025
vn 0.433013 0.25 -0.866025
vn -0.866025 -0.5 1.16315e-15
vn -0.866025 -0.5 1.16315e-15
vn -0.866025 -0.5 1.16315e-15
vn -0.866025 -0.5 1.16315e-15
vn -0.866025 -0.5 1.16315e-15
vn -0.866025 -0.5 1.16315e-15
vn -0.433013 -0.25 -0.866025
vn -0.433013 -0.25 -0.866025
vn -0.433013 -0.25 -0.866025
vn -0.433013 -0.25 -0.866025
vn -0.433013 -0.25 -0.866025
vn -0.433013 -0.25 -0.866025
vn -0.433013 -0.25 -0.866025
vn -0.433013 -0.25 -0.866025
vn -0.433013 -0.25 -0.866025
vn -0.433013 -0.25 -0.866025
vn -0.433013 -0.25 -0.866025
vn -0.433013 -0.25 -0.866025
vn -0.5 0.866025 -5.088e-14
vn -0.5 0.866025 -5.088e-14
vn -0.5 0.866025 -5.088e-14
vn -0.5 0.866025 -5.088e-14
vn -0.5 0.866025 -5.088e-14
vn -0.5 0.866025 -5.088e-14
vn -0.5 0.866025 -5.088e-14
vn -0.5 0.866025 -5.088e-14
vn -0.5 0.866025 -5.088e-14
vn -0.5 0.866025 -5.088e-14
vn -0.5 0.866025 -5.088e-14
vn -0.5 0.866025 -5.088e-14
vn -0.5 0.866025 -5.088e-14
vn -0.5 0.866025 -5.088e-14
vn -0.5 0.866025 -5.088e-14
vn -0.5 0.866025 -5.088e-14
vn -0.5 0.866025 -5.088e-14
vn -0.5 0.866025 -5.088e-14
vn -0.5 0.866025 -5.088e-14
vn -0.5 0.866025 -5.088e-14
vn -0.5 0.866025 -5.088e-14
vn -0.5 0.866025 -5.088e-14
vn -0.5 0.866025 -5.088e-14
vn -0.5 0.866025 -5.088e-14
vn -0.5 0.866025 -5.088e-14
vn -0.5 0.866025 -5.088e-14
vn -0.5 0.866025 -5.088e-14
vn -0.5 0.866025 -5.088e-14
vn -0.5 0.866025 -5.088e-14
vn -0.5 0.866025 -5.088e-14
vn -0.5 0.866025 -5.088e-14
vn -0.5 0.866025 -5.088e-14
vn -0.5 0.866025 -5.088e-14
vn -0.5 0.866025 -5.088e-14
vn -0.5 0.866025 -5.088e-14
vn -0.5 0.866025 -5.088e-14
vn -0.866025 -0.5 -2.37614e-15
vn -0.866025 -0.5 -2.37614e-15
vn -0.866025 -0.5 -2.37614e-15
vn -0.866025 -0.5 -2.37614e-15
vn -0.866025 -0.5 -2.37614e-15
vn -0.866025 -0.5 -2.37614e-15
vn 0.5 -0.866025 5.088e-14
vn 0.5 -0.866025 5.088e-14
vn 0.5 -0.866025 5.088e-14
vn 0.5 -0.866025 5.088e-14
vn 0.5 -0.866025 5.088e-14
vn 0.5 -0.866025 5.088e-14
vn 0.5 -0.866025 5.088e-14
vn 0.5 -0.866025 5.088e-14
vn 0.5 -0.866025 5.088e-14
vn 0.5 -0.866025 5.088e-14
vn 0.5 -0.866025 5.088e-14
vn 0.5 -0.866025 5.088e-14
vn 0.5 -0.866025 5.088e-14
vn 0.5 -0.866025 5.088e-14
vn 0.5 -0.866025 5.088e-14
vn 0.5 -0.866025 5.088e-14
vn 0.5 -0.866025 5.088e-14
vn 0.5 -0.866025 5.088e-14
vn 0.5 -0.866025 5.088e-14
vn 0.5 -0.866025 5.088e-14
vn 0.5 -0.866025 5.088e-14
vn 0.5 -0.866025 5.088e-14
vn 0.5 -0.866025 5.088e-14
vn 0.5 -0.866025 5.088e-14
vn 0.5 -0.866025 5.088e-14
vn 0.5 -0.866025 5.088e-14
vn 0.5 -0.866025 5.088e-14
vn 0.5 -0.866025 5.088e-14
vn 0.5 -0.866025 5.088e-14
vn 0.5 -0.866025 5.088e-14
vn 0.5 -0.866025 5.088e-14
vn 0.5 -0.866025 5.088e-14
vn 0.5 -0.866025 5.088e-14
vn 0.5 -0.866025 5.088e-14
vn 0.5 -0.866025 5.088e-14
vn 0.5 -0.866025 5.088e-14
vn 0.433013 0.25 -0.866025
vn 0.433013 0.25 -0.866025
vn 0.433013 0.25 -0.866025
vn 0.433013 0.25 -0.866025
vn 0.433013 0.25 -0.866025
vn 0.433013 0.25 -0.866025
vn -0.433013 -0.25 0.866025
vn -0.433013 -0.25 0.866025
vn -0.433013 -0.25 0.866025
vn -0.433013 -0.25 0.866025
vn -0.433013 -0.25 0.866025
vn -0.433013 -0.25 0.866025
vn 0.866025 0.5 -1.16315e-15
vn 0.866025 0.5 -1.16315e-15
vn 0.866025 0.5 -1.16315e-15
vn 0.866025 0.5 -1.16315e-15
vn 0.866025 0.5 -1.16315e-15
vn 0.866025 0.5 -1.16315e-15
vn 0.433013 0.25 0.866025
vn 0.433013 0.25 0.866025
vn 0.433013 0.25 0.866025
vn 0.433013 0.25 0.866025
vn 0.433013 0.25 0.866025
vn 0.433013 0.25 0.866025
vn 0 0 0
vn 0 0 0
vn 0 0 0
vn 0 0 0
vn 0 0 0
vn 0 0 0
vn 0 0 0
vn 0 0 0
vn 0 0 0
vn 0 0 0
vn 0 0 0
vn 0 0 0
vn 0 0 0
vn 0 0 0
vn 0 0 0
vn 0 0 0
vn 0 0 0
vn 0 0 0
vn 0 0 0
vn 0 0 0
vn 0 0 0
vn 0 0 0
vn 0 0 0
vn 0 0 0
vn 0 0 0
vn 0 0 0
vn 0 0 0
vn 0 0 0
vn 0 0 0
vn 0 0 0
vn 0 0 0
vn 0 0 0
vn 0 0 0
vn 0 0 0
vn 0 0 0
vn 0 0 0
vn 0 0 0
vn 0 0 0
vn 0 0 0
vn 0 0 0
vn 0 0 0
vn 0 0 0
vn 0 0 0
vn 0 0 0
vn 0 0 0
vn 0 0 0
vn 0 0 0
vn 0 0 0
vn 0 0 0
vn 0 0 0
vn 0 0 0
vn 0 0 0
vn 0 0 0
vn 0 0 0
vn 0 0 0
vn 0 0 0
vn 0 0 0
vn 0 0 0
vn 0 0 0
vn 0 0 0
vn -0.433013 -0.25 0.866025
vn -0.433013 -0.25 0.866025
vn -0.433013 -0.25 0.866025
vn -0.433013 -0.25 0.866025
vn -0.433013 -0.25 0.866025
vn -0.433013 -0.25 0.866025
vn -0.866025 -0.5 -3.33545e-16
vn -0.866025 -0.5 -3.33545e-16
vn -0.866025 -0.5 -3.33545e-16
vn -0.866025 -0.5 -3.33545e-16
vn -0.866025 -0.5 -3.33545e-16
vn -0.866025 -0.5 -3.33545e-16
vn -0.866025 -0.5 -3.33545e-16
vn -0.866025 -0.5 -3.33545e-16
vn -0.866025 -0.5 -3.33545e-16
vn -0.866025 -0.5 -3.33545e-16
vn -0.866025 -0.5 -3.33545e-16
vn -0.866025 -0.5 -3.33545e-16
vn -0.5 0.866025 -3.88038e-14
vn -0.5 0.866025 -3.88038e-14
vn -0.5 0.866025 -3.88038e-14
vn -0.5 0.866025 -3.88038e-14
vn -0.5 0.866025 -3.88038e-14
vn -0.5 0.866025 -3.88038e-14
vn 0.433013 0.25 0.866025
vn 0.433013 0.25 0.866025
vn 0.433013 0.25 0.866025
vn 0.433013 0.25 0.866025
vn 0.433013 0.25 0.866025
vn 0.433013 0.25 0.866025
vn 0.433013 0.25 0.866025
vn 0.433013 0.25 0.866025
vn 0.433013 0.25 0.866025
vn 0.433013 0.25 0.866025
vn 0.433013 0.25 0.866025
vn 0.433013 0.25 0.866025
vn -0.433013 -0.25 0.866025
vn -0.433013 -0.25 0.866025
vn -0.433013 -0.25 0.866025
vn -0.433013 -0.25 0.866025
vn -0.433013 -0.25 0.866025
vn -0.433013 -0.25 0.866025
vn -0.75 -0.433013 -0.5
vn -0.75 -0.433013 -0.5
vn -0.75 -0.433013 -0.5
vn -0.75 -0.433013 -0.5
vn -0.75 -0.433013 -0.5
vn -0.75 -0.433013 -0.5
vn -0.75 -0.433013 -0.5
vn -0.75 -0.433013 -0.5
vn -0.75 -0.433013 -0.5
vn -0.75 -0.433013 -0.5
vn -0.75 -0.433013 -0.5
vn -0.75 -0.433013 -0.5
vn -0.75 -0.433013 -0.5
vn -0.75 -0.433013 -0.5
vn -0.75 -0.433013 -0.5
vn -0.75 -0.433013 -0.5
vn -0.75 -0.433013 -0.5
vn -0.75 -0.433013 -0.5
vn -0.75 -0.433013 -0.5
vn -0.75 -0.433013 -0.5
vn -0.75 -0.433013 -0.5
vn -0.75 -0.433013 -0.5
vn -0.75 -0.433013 -0.5
vn -0.75 -0.433013 -0.5
vn -0.75 -0.433013 -0.5
vn -0.75 -0.433013 -0.5
vn -0.75 -0.433013 -0.5
vn -0.75 -0.433013 -0.5
vn -0.75 -0.433013 -0.5
vn -0.75 -0.433013 -0.5
vn -0.75 -0.433013 -0.5
vn -0.75 -0.433013 -0.5
vn -0.75 -0.433013 -0.5
vn -0.75 -0.433013 -0.5
vn -0.75 -0.433013 -0.5
vn -0.75 -0.433013 -0.5
vn -0.75 -0.433013 -0.5
vn -0.75 -0.433013 -0.5
vn -0.75 -0.433013 -0.5
vn -0.75 -0.433013 -0.5
vn -0.75 -0.433013 -0.5
vn -0.75 -0.433013 -0.5
vn -0.75 -0.433013 -0.5
vn -0.75 -0.433013 -0.5
vn -0.75 -0.433013 -0.5
vn -0.75 -0.433013 -0.5
vn -0.75 -0.433013 -0.5
vn -0.75 -0.433013 -0.5
vn -0.433013 -0.25 -0.866025
vn -0.433013 -0.25 -0.866025
vn -0.433013 -0.25 -0.866025
vn -0.433013 -0.25 -0.866025
vn -0.433013 -0.25 -0.866025
vn -0.433013 -0.25 -0.866025
vn -0.433013 -0.25 -0.866025
vn -0.433013 -0.25 -0.866025
vn -0.433013 -0.25 -0.866025
vn -0.433013 -0.25 -0.866025
vn -0.433013 -0.25 -0.866025
vn -0.433013 -0.25 -0.866025
vn 0.433013 0.25 -0.866025
vn 0.433013 0.25 -0.866025
vn 0.433013 0.25 -0.866025
vn 0.433013 0.25 -0.866025
vn 0.433013 0.25 -0.866025
vn 0.433013 0.25 -0.866025
vn 0.75 0.433013 0.5
vn 0.75 0.433013 0.5
vn 0.75 0.433013 0.5
vn 0.75 0.433013 0.5
vn 0.75 0.433013 0.5
vn 0.75 0.433013 0.5
vn 0.75 0.433013 0.5
vn 0.75 0.433013 0.5
vn 0.75 0.433013 0.5
vn 0.75 0.433013 0.5
vn 0.75 0.433013 0.5
vn 0.75 0.433013 0.5
vn 0.75 0.433013 0.5
vn 0.75 0.433013 0.5
vn 0.75 0.433013 0.5
vn 0.75 0.433013 0.5
vn 0.75 0.433013 0.5
vn 0.75 0.433013 0.5
vn 0.75 0.433013 0.5
vn 0.75 0.433013 0.5
vn 0.75 0.433013 0.5
vn 0.75 0.433013 0.5
vn 0.75 0.433013 0.5
vn 0.75 0.433013 0.5
vn 0.75 0.433013 0.5
vn 0.75 0.433013 0.5
vn 0.75 0.433013 0.5
vn 0.75 0.433013 0.5
vn 0.75 0.433013 0.5
vn 0.75 0.433013 0.5
vn 0.75 0.433013 0.5
vn 0.75 0.433013 0.5
vn 0.75 0.433013 0.5
vn 0.75 0.433013 0.5
vn 0.75 0.433013 0.5
vn 0.75 0.433013 0.5
vn 0.75 0.433013 0.5
vn 0.75 0.433013 0.5
vn 0.75 0.433013 0.5
vn 0.75 0.433013 0.5
vn 0.75 0.433013 0.5
vn 0.75 0.433013 0.5
vn 0.75 0.433013 0.5
vn 0.75 0.433013 0.5
vn 0.75 0.433013 0.5
vn 0.75 0.433013 0.5
vn 0.75 0.433013 0.5
vn 0.75 0.433013 0.5
vn 0.866025 0.5 3.87295e-15
vn 0.866025 0.5 3.87295e-15
vn 0.866025 0.5 3.87295e-15
vn 0.866025 0.5 3.87295e-15
vn 0.866025 0.5 3.87295e-15
vn 0.866025 0.5 3.87295e-15
vn 0.866025 0.5 3.87295e-15
vn 0.866025 0.5 3.87295e-15
vn 0.866025 0.5 3.87295e-15
vn 0.866025 0.5 3.87295e-15
vn 0.866025 0.5 3.87295e-15
vn 0.866025 0.5 3.87295e-15
vn 0.5 -0.866025 4.8844e-14
vn 0.5 -0.866025 4.8844e-14
vn 0.5 -0.866025 4.8844e-14
vn 0.5 -0.866025 4.8844e-14
vn 0.5 -0.866025 4.8844e-14
vn 0.5 -0.866025 4.8844e-14
vn -0.433013 -0.25 0.866025
vn -0.433013 -0.25 0.866025
vn -0.433013 -0.25 0.866025
vn -0.433013 -0.25 0.866025
vn -0.433013 -0.25 0.866025
vn -0.433013 -0.25 0.866025
vn -0.5 0.866025 -4.81574e-14
vn -0.5 0.866025 -4.81574e-14
vn -0.5 0.866025 -4.81574e-14
vn -0.5 0.866025 -4.81574e-14
vn -0.5 0.866025 -4.81574e-14
vn -0.5 0.866025 -4.81574e-14
vn -0.433013 -0.25 0.866025
vn -0.433013 -0.25 0.866025
vn -0.433013 -0.25 0.866025
vn -0.433013 -0.25 0.866025
vn -0.433013 -0.25 0.866025
vn -0.433013 -0.25 0.866025
vn 0.5 -0.866025 2.39091e-14
vn 0.5 -0.866025 2.39091e-14
vn 0.5 -0.866025 2.39091e-14
vn 0.5 -0.866025 2.39091e-14
vn 0.5 -0.866025 2.39091e-14
vn 0.5 -0.866025 2.39091e-14
vn -0.433013 -0.25 0.866025
vn -0.433013 -0.25 0.866025
vn -0.433013 -0.25 0.866025
vn -0.433013 -0.25 0.866025
vn -0.433013 -0.25 0.866025
vn -0.433013 -0.25 0.866025
vn -0.5 0.866025 -2.39091e-14
vn -0.5 0.866025 -2.39091e-14
vn -0.5 0.866025 -2.39091e-14
vn -0.5 0.866025 -2.39091e-14
vn -0.5 0.866025 -2.39091e-14
vn -0.5 0.866025 -2.39091e-14
vn -0.433013 -0.25 0.866025
vn -0.433013 -0.25 0.866025
vn -0.433013 -0.25 0.866025
vn -0.433013 -0.25 0.866025
vn -0.433013 -0.25 0.866025
vn -0.433013 -0.25 0.866025
vn 0.5 -0.866025 2.27923e-14
vn 0.5 -0.866025 2.27923e-14
vn 0.5 -0.866025 2.27923e-14
vn 0.5 -0.866025 2.27923e-14
vn 0.5 -0.866025 2.27923e-14
vn 0.5 -0.866025 2.27923e-14
vn -0.433013 -0.25 0.866025
vn -0.433013 -0.25 0.866025
vn -0.433013 -0.25 0.866025
vn -0.433013 -0.25 0.866025
vn -0.433013 -0.25 0.866025
vn -0.433013 -0.25 0.866025
vn -0.5 0.866025 -2.27923e-14
vn -0.5 0.866025 -2.27923e-14
vn -0.5 0.866025 -2.27923e-14
vn -0.5 0.866025 -2.27923e-14
vn -0.5 0.866025 -2.27923e-14
vn -0.5 0.866025 -2.27923e-14
vn -0.433013 -0.25 0.866025
vn -0.433013 -0.25 0.866025
vn -0.433013 -0.25 0.866025
vn -0.433013 -0.25 0.866025
vn -0.433013 -0.25 0.866025
vn -0.433013 -0.25 0.866025
vn 0.5 -0.866025 1.36754e-16
vn 0.5 -0.866025 1.36754e-16
vn 0.5 -0.866025 1.36754e-16
vn 0.5 -0.866025 1.36754e-16
vn 0.5 -0.866025 1.36754e-16
vn 0.5 -0.866025 1.36754e-16
vn -0.433013 -0.25 0.866025
vn -0.433013 -0.25 0.866025
vn -0.433013 -0.25 0.866025
vn -0.433013 -0.25 0.866025
vn -0.433013 -0.25 0.866025
vn -0.433013 -0.25 0.866025
vn -0.5 0.866025 -4.05265e-14
vn -0.5 0.866025 -4.05265e-14
vn -0.5 0.866025 -4.05265e-14
vn -0.5 0.866025 -4.05265e-14
vn -0.5 0.866025 -4.05265e-14
vn -0.5 0.866025 -4.05265e-14
vn 0.433013 0.25 -0.866025
vn 0.433013 0.25 -0.866025
vn 0.433013 0.25 -0.866025
vn 0.433013 0.25 -0.866025
vn 0.433013 0.25 -0.866025
vn 0.433013 0.25 -0.866025
vn -0.75 -0.433013 -0.5
vn -0.75 -0.433013 -0.5
vn -0.75 -0.433013 -0.5
vn -0.75 -0.433013 -0.5
vn -0.75 -0.433013 -0.5
vn -0.75 -0.433013 -0.5
vn -0.75 -0.433013 -0.5
vn -0.75 -0.433013 -0.5
vn -0.75 -0.433013 -0.5
vn -0.75 -0.433013 -0.5
vn -0.75 -0.433013 -0.5
vn -0.75 -0.433013 -0.5
vn -0.75 -0.433013 -0.5
vn -0.75 -0.433013 -0.5
vn -0.75 -0.433013 -0.5
vn -0.75 -0.433013 -0.5
vn -0.75 -0.433013 -0.5
vn -0.75 -0.433013 -0.5
vn -0.75 -0.433013 -0.5
vn -0.75 -0.433013 -0.5
vn -0.75 -0.433013 -0.5
vn -0.75 -0.433013 -0.5
vn -0.75 -0.433013 -0.5
vn -0.75 -0.433013 -0.5
vn -0.75 -0.433013 -0.5
vn -0.75 -0.433013 -0.5
vn -0.75 -0.433013 -0.5
vn -0.75 -0.433013 -0.5
vn -0.75 -0.433013 -0.5
vn -0.75 -0.433013 -0.5
vn -0.75 -0.433013 -0.5
vn -0.75 -0.433013 -0.5
vn -0.75 -0.433013 -0.5
vn -0.75 -0.433013 -0.5
vn -0.75 -0.433013 -0.5
vn -0.75 -0.433013 -0.5
vn -0.75 -0.433013 -0.5
vn -0.75 -0.433013 -0.5
vn -0.75 -0.433013 -0.5
vn -0.75 -0.433013 -0.5
vn -0.75 -0.433013 -0.5
vn -0.75 -0.433013 -0.5
vn -0.75 -0.433013 -0.5
vn -0.75 -0.433013 -0.5
vn -0.75 -0.433013 -0.5
vn -0.75 -0.433013 -0.5
vn -0.75 -0.433013 -0.5
vn -0.75 -0.433013 -0.5
vn 0.433013 0.25 -0.866025
vn 0.433013 0.25 -0.866025
vn 0.433013 0.25 -0.866025
vn 0.433013 0.25 -0.866025
vn 0.433013 0.25 -0.866025
vn 0.433013 0.25 -0.866025
vn 0.75 0.433013 0.5
vn 0.75 0.433013 0.5
vn 0.75 0.433013 0.5
vn 0.75 0.433013 0.5
vn 0.75 0.433013 0.5
vn 0.75 0.433013 0.5
vn 0.75 0.433013 0.5
vn 0.75 0.433013 0.5
vn 0.75 0.433013 0.5
vn 0.75 0.433013 0.5
vn 0.75 0.433013 0.5
vn 0.75 0.433013 0.5
vn 0.75 0.433013 0.5
vn 0.75 0.433013 0.5
vn 0.75 0.433013 0.5
vn 0.75 0.433013 0.5
vn 0.75 0.433013 0.5
vn 0.75 0.433013 0.5
vn 0.75 0.433013 0.5
vn 0.75 0.433013 0.5
vn 0.75 0.433013 0.5
vn 0.75 0.433013 0.5
vn 0.75 0.433013 0.5
vn 0.75 0.433013 0.5
vn 0.75 0.433013 0.5
vn 0.75 0.433013 0.5
vn 0.75 0.433013 0.5
vn 0.75 0.433013 0.5
vn 0.75 0.433013 0.5
vn 0.75 0.433013 0.5
vn 0.75 0.433013 0.5
vn 0.75 0.433013 0.5
vn 0.75 0.433013 0.5
vn 0.75 0.433013 0.5
vn 0.75 0.433013 0.5
vn 0.75 0.433013 0.5
vn 0.75 0.433013 0.5
vn 0.75 0.433013 0.5
vn 0.75 0.433013 0.5
vn 0.75 0.433013 0.5
vn 0.75 0.433013 0.5
vn 0.75 0.433013 0.5
vn 0.75 0.433013 0.5
vn 0.75 0.433013 0.5
vn 0.75 0.433013 0.5
vn 0.75 0.433013 0.5
vn 0.75 0.433013 0.5
vn 0.75 0.433013 0.5
vn -0.5 0.866025 -4.81562e-14
vn -0.5 0.866025 -4.81562e-14
vn -0.5 0.866025 -4.81562e-14
vn -0.5 0.866025 -4.81562e-14
vn -0.5 0.866025 -4.81562e-14
vn -0.5 0.866025 -4.81562e-14
vn -0.433013 -0.25 0.866025
vn -0.433013 -0.25 0.866025
vn -0.433013 -0.25 0.866025
vn -0.433013 -0.25 0.866025
vn -0.433013 -0.25 0.866025
vn -0.433013 -0.25 0.866025
vn -0.5 0.866025 -6.18394e-14
vn -0.5 0.866025 -6.18394e-14
vn -0.5 0.866025 -6.18394e-14
vn -0.5 0.866025 -6.18394e-14
vn -0.5 0.866025 -6.18394e-14
vn -0.5 0.866025 -6.18394e-14
vn 0.433013 0.25 -0.866025
vn 0.433013 0.25 -0.866025
vn 0.433013 0.25 -0.866025
vn 0.433013 0.25 -0.866025
vn 0.433013 0.25 -0.866025
vn 0.433013 0.25 -0.866025
vn 0.5 -0.866025 -1.25358e-15
vn 0.5 -0.866025 -1.25358e-15
vn 0.5 -0.866025 -1.25358e-15
vn 0.5 -0.866025 -1.25358e-15
vn 0.5 -0.866025 -1.25358e-15
vn 0.5 -0.866025 -1.25358e-15
vn 0.433013 0.25 -0.866025
vn 0.433013 0.25 -0.866025
vn 0.433013 0.25 -0.866025
vn 0.433013 0.25 -0.866025
vn 0.433013 0.25 -0.866025
vn 0.433013 0.25 -0.866025
vn -0.5 0.866025 -4.76132e-14
vn -0.5 0.866025 -4.76132e-14
vn -0.5 0.866025 -4.76132e-14
vn -0.5 0.866025 -4.76132e-14
vn -0.5 0.866025 -4.76132e-14
vn -0.5 0.866025 -4.76132e-14
vn 0.433013 0.25 -0.866025
vn 0.433013 0.25 -0.866025
vn 0.433013 0.25 -0.866025
vn 0.433013 0.25 -0.866025
vn 0.433013 0.25 -0.866025
vn 0.433013 0.25 -0.866025
vn 0.5 -0.866025 4.90719e-14
vn 0.5 -0.866025 4.90719e-14
vn 0.5 -0.866025 4.90719e-14
vn 0.5 -0.866025 4.90719e-14
vn 0.5 -0.866025 4.90719e-14
vn 0.5 -0.866025 4.90719e-14
vn 0.433013 0.25 -0.866025
vn 0.433013 0.25 -0.866025
vn 0.433013 0.25 -0.866025
vn 0.433013 0.25 -0.866025
vn 0.433013 0.25 -0.866025
vn 0.433013 0.25 -0.866025
vn -0.5 0.866025 -4.85477e-14
vn -0.5 0.866025 -4.85477e-14
vn -0.5 0.866025 -4.85477e-14
vn -0.5 0.866025 -4.85477e-14
vn -0.5 0.866025 -4.85477e-14
vn -0.5 0.866025 -4.85477e-14
vn 0.433013 0.25 -0.866025
vn 0.433013 0.25 -0.866025
vn 0.433013 0.25 -0.866025
vn 0.433013 0.25 -0.866025
vn 0.433013 0.25 -0.866025
vn 0.433013 0.25 -0.866025
vn 0.5 -0.866025 4.85477e-14
vn 0.5 -0.866025 4.85477e-14
vn 0.5 -0.866025 4.85477e-14
vn 0.5 -0.866025 4.85477e-14
vn 0.5 -0.866025 4.85477e-14
vn 0.5 -0.866025 4.85477e-14
vn 0.433013 0.25 -0.866025
vn 0.433013 0.25 -0.866025
vn 0.433013 0.25 -0.866025
vn 0.433013 0.25 -0.866025
vn 0.433013 0.25 -0.866025
vn 0.433013 0.25 -0.866025
vn -0.5 0.866025 -4.87545e-14
vn -0.5 0.866025 -4.87545e-14
vn -0.5 0.866025 -4.87545e-14
vn -0.5 0.866025 -4.87545e-14
vn -0.5 0.866025 -4.87545e-14
vn -0.5 0.866025 -4.87545e-14
vn 0.433013 0.25 -0.866025
vn 0.433013 0.25 -0.866025
vn 0.433013 0.25 -0.866025
vn 0.433013 0.25 -0.866025
vn 0.433013 0.25 -0.866025
vn 0.433013 0.25 -0.866025
vn 0.5 -0.866025 4.91858e-14
vn 0.5 -0.866025 4.91858e-14
vn 0.5 -0.866025 4.91858e-14
vn 0.5 -0.866025 4.91858e-14
vn 0.5 -0.866025 4.91858e-14
vn 0.5 -0.866025 4.91858e-14
vn 0.433013 0.25 -0.866025
vn 0.433013 0.25 -0.866025
vn 0.433013 0.25 -0.866025
vn 0.433013 0.25 -0.866025
vn 0.433013 0.25 -0.866025
vn 0.433013 0.25 -0.866025
vn 0.866025 0.5 3.33545e-16
vn 0.866025 0.5 3.33545e-16
vn 0.866025 0.5 3.33545e-16
vn 0.866025 0.5 3.33545e-16
vn 0.866025 0.5 3.33545e-16
vn 0.866025 0.5 3.33545e-16
vn 0.866025 0.5 3.33545e-16
vn 0.866025 0.5 3.33545e-16
vn 0.866025 0.5 3.33545e-16
vn 0.866025 0.5 3.33545e-16
vn 0.866025 0.5 3.33545e-16
vn 0.866025 0.5 3.33545e-16
vn 0.5 -0.866025 3.88038e-14
vn 0.5 -0.866025 3.88038e-14
vn 0.5 -0.866025 3.88038e-14
vn 0.5 -0.866025 3.88038e-14
vn 0.5 -0.866025 3.88038e-14
vn 0.5 -0.866025 3.88038e-14
vn -0.433013 -0.25 -0.866025
vn -0.433013 -0.25 -0.866025
vn -0.433013 -0.25 -0.866025
vn -0.433013 -0.25 -0.866025
vn -0.433013 -0.25 -0.866025
vn -0.433013 -0.25 -0.866025
vn -0.433013 -0.25 -0.866025
vn -0.433013 -0.25 -0.866025
vn -0.433013 -0.25 -0.866025
vn -0.433013 -0.25 -0.866025
vn -0.433013 -0.25 -0.866025
vn -0.433013 -0.25 -0.866025
vn 0.433013 0.25 -0.866025
vn 0.433013 0.25 -0.866025
vn 0.433013 0.25 -0.866025
vn 0.433013 0.25 -0.866025
vn 0.433013 0.25 -0.866025
vn 0.433013 0.25 -0.866025
vn 0.75 0.433013 0.5
vn 0.75 0.433013 0.5
vn 0.75 0.433013 0.5
vn 0.75 0.433013 0.5
vn 0.75 0.433013 0.5
vn 0.75 0.433013 0.5
vn 0.75 0.433013 0.5
vn 0.75 0.433013 0.5
vn 0.75 0.433013 0.5
vn 0.75 0.433013 0.5
vn 0.75 0.433013 0.5
vn 0.75 0.433013 0.5
vn 0.75 0.433013 0.5
vn 0.75 0.433013 0.5
vn 0.75 0.433013 0.5
vn 0.75 0.433013 0.5
vn 0.75 0.433013 0.5
vn 0.75 0.433013 0.5
vn 0.75 0.433013 0.5
vn 0.75 0.433013 0.5
vn 0.75 0.433013 0.5
vn 0.75 0.433013 0.5
vn 0.75 0.433013 0.5
vn 0.75 0.433013 0.5
vn 0.75 0.433013 0.5
vn 0.75 0.433013 0.5
vn 0.75 0.433013 0.5
vn 0.75 0.433013 0.5
vn 0.75 0.433013 0.5
vn 0.75 0.433013 0.5
vn 0.75 0.433013 0.5
vn 0.75 0.433013 0.5
vn 0.75 0.433013 0.5
vn 0.75 0.433013 0.5
vn 0.75 0.433013 0.5
vn 0.75 0.433013 0.5
vn 0.75 0.433013 0.5
vn 0.75 0.433013 0.5
vn 0.75 0.433013 0.5
vn 0.75 0.433013 0.5
vn 0.75 0.433013 0.5
vn 0.75 0.433013 0.5
vn 0.75 0.433013 0.5
vn 0.75 0.433013 0.5
vn 0.75 0.433013 0.5
vn 0.75 0.433013 0.5
vn 0.75 0.433013 0.5
vn 0.75 0.433013 0.5
vn 0.433013 0.25 0.866025
vn 0.433013 0.25 0.866025
vn 0.433013 0.25 0.866025
vn 0.433013 0.25 0.866025
vn 0.433013 0.25 0.866025
vn 0.433013 0.25 0.866025
vn 0.433013 0.25 0.866025
vn 0.433013 0.25 0.866025
vn 0.433013 0.25 0.866025
vn 0.433013 0.25 0.866025
vn 0.433013 0.25 0.866025
vn 0.433013 0.25 0.866025
vn -0.433013 -0.25 0.866025
vn -0.433013 -0.25 0.866025
vn -0.433013 -0.25 0.866025
vn -0.433013 -0.25 0.866025
vn -0.433013 -0.25 0.866025
vn -0.433013 -0.25 0.866025
vn -0.75 -0.433013 -0.5
vn -0.75 -0.433013 -0.5
vn -0.75 -0.433013 -0.5
vn -0.75 -0.433013 -0.5
vn -0.75 -0.433013 -0.5
vn -0.75 -0.433013 -0.5
vn -0.75 -0.433013 -0.5
vn -0.75 -0.433013 -0.5
vn -0.75 -0.433013 -0.5
vn -0.75 -0.433013 -0.5
vn -0.75 -0.433013 -0.5
vn -0.75 -0.433013 -0.5
vn -0.75 -0.433013 -0.5
vn -0.75 -0.433013 -0.5
vn -0.75 -0.433013 -0.5
vn -0.75 -0.433013 -0.5
vn -0.75 -0.433013 -0.5
vn -0.75 -0.433013 -0.5
vn -0.75 -0.433013 -0.5
vn -0.75 -0.433013 -0.5
vn -0.75 -0.433013 -0.5
vn -0.75 -0.433013 -0.5
vn -0.75 -0.433013 -0.5
vn -0.75 -0.433013 -0.5
vn -0.75 -0.433013 -0.5
vn -0.75 -0.433013 -0.5
vn -0.75 -0.433013 -0.5
vn -0.75 -0.433013 -0.5
vn -0.75 -0.433013 -0.5
vn -0.75 -0.433013 -0.5
vn -0.75 -0.433013 -0.5
vn -0.75 -0.433013 -0.5
vn -0.75 -0.433013 -0.5
vn -0.75 -0.433013 -0.5
vn -0.75 -0.433013 -0.5
vn -0.75 -0.433013 -0.5
vn -0.75 -0.433013 -0.5
vn -0.75 -0.433013 -0.5
vn -0.75 -0.433013 -0.5
vn -0.75 -0.433013 -0.5
vn -0.75 -0.433013 -0.5
vn -0.75 -0.433013 -0.5
vn -0.75 -0.433013 -0.5
vn -0.75 -0.433013 -0.5
vn -0.75 -0.433013 -0.5
vn -0.75 -0.433013 -0.5
vn -0.75 -0.433013 -0.5
vn -0.75 -0.433013 -0.5
vn -0.866025 -0.5 -3.87295e-15
vn -0.866025 -0.5 -3.87295e-15
vn -0.866025 -0.5 -3.87295e-15
vn -0.866025 -0.5 -3.87295e-15
vn -0.866025 -0.5 -3.87295e-15
vn -0.866025 -0.5 -3.87295e-15
vn -0.866025 -0.5 -3.87295e-15
vn -0.866025 -0.5 -3.87295e-15
vn -0.866025 -0.5 -3.87295e-15
vn -0.866025 -0.5 -3.87295e-15
vn -0.866025 -0.5 -3.87295e-15
vn -0.866025 -0.5 -3.87295e-15
vn -0.5 0.866025 -4.8844e-14
vn -0.5 0.866025 -4.8844e-14
vn -0.5 0.866025 -4.8844e-14
vn -0.5 0.866025 -4.8844e-14
vn -0.5 0.866025 -4.8844e-14
vn -0.5 0.866025 -4.8844e-14
vn 0.433013 0.25 -0.866025
vn 0.433013 0.25 -0.866025
vn 0.433013 0.25 -0.866025
vn 0.433013 0.25 -0.866025
vn 0.433013 0.25 -0.866025
vn 0.433013 0.25 -0.866025
vn 0.5 -0.866025 4.81574e-14
vn 0.5 -0.866025 4.81574e-14
vn 0.5 -0.866025 4.81574e-14
vn 0.5 -0.866025 4.81574e-14
vn 0.5 -0.866025 4.81574e-14
vn 0.5 -0.866025 4.81574e-14
vn 0.433013 0.25 -0.866025
vn 0.433013 0.25 -0.866025
vn 0.433013 0.25 -0.866025
vn 0.433013 0.25 -0.866025
vn 0.433013 0.25 -0.866025
vn 0.433013 0.25 -0.866025
vn -0.5 0.866025 -2.39091e-14
vn -0.5 0.866025 -2.39091e-14
vn -0.5 0.866025 -2.39091e-14
vn -0.5 0.866025 -2.39091e-14
vn -0.5 0.866025 -2.39091e-14
vn -0.5 0.866025 -2.39091e-14
vn 0.433013 0.25 -0.866025
vn 0.433013 0.25 -0.866025
vn 0.433013 0.25 -0.866025
vn 0.433013 0.25 -0.866025
vn 0.433013 0.25 -0.866025
vn 0.433013 0.25 -0.866025
vn 0.5 -0.866025 2.39091e-14
vn 0.5 -0.866025 2.39091e-14
vn 0.5 -0.866025 2.39091e-14
vn 0.5 -0.866025 2.39091e-14
vn 0.5 -0.866025 2.39091e-14
vn 0.5 -0.866025 2.39091e-14
vn 0.433013 0.25 -0.866025
vn 0.433013 0.25 -0.866025
vn 0.433013 0.25 -0.866025
vn 0.433013 0.25 -0.866025
vn 0.433013 0.25 -0.866025
vn 0.433013 0.25 -0.866025
vn -0.5 0.866025 -2.27923e-14
vn -0.5 0.866025 -2.27923e-14
vn -0.5 0.866025 -2.27923e-14
vn -0.5 0.866025 -2.27923e-14
vn -0.5 0.866025 -2.27923e-14
vn -0.5 0.866025 -2.27923e-14
vn 0.433013 0.25 -0.866025
vn 0.433013 0.25 -0.866025
vn 0.433013 0.25 -0.866025
vn 0.433013 0.25 -0.866025
vn 0.433013 0.25 -0.866025
vn 0.433013 0.25 -0.866025
vn 0.5 -0.866025 2.27923e-14
vn 0.5 -0.866025 2.27923e-14
vn 0.5 -0.866025 2.27923e-14
vn 0.5 -0.866025 2.27923e-14
vn 0.5 -0.866025 2.27923e-14
vn 0.5 -0.866025 2.27923e-14
vn 0.433013 0.25 -0.866025
vn 0.433013 0.25 -0.866025
vn 0.433013 0.25 -0.866025
vn 0.433013 0.25 -0.866025
vn 0.433013 0.25 -0.866025
vn 0.433013 0.25 -0.866025
vn -0.5 0.866025 -1.36754e-16
vn -0.5 0.866025 -1.36754e-16
vn -0.5 0.866025 -1.36754e-16
vn -0.5 0.866025 -1.36754e-16
vn -0.5 0.866025 -1.36754e-16
vn -0.5 0.866025 -1.36754e-16
vn 0.433013 0.25 -0.866025
vn 0.433013 0.25 -0.866025
vn 0.433013 0.25 -0.866025
vn 0.433013 0.25 -0.866025
vn 0.433013 0.25 -0.866025
vn 0.433013 0.25 -0.866025
vn 0.5 -0.866025 4.05265e-14
vn 0.5 -0.866025 4.05265e-14
vn 0.5 -0.866025 4.05265e-14
vn 0.5 -0.866025 4.05265e-14
vn 0.5 -0.866025 4.05265e-14
vn 0.5 -0.866025 4.05265e-14
vn -0.433013 -0.25 0.866025
vn -0.433013 -0.25 0.866025
vn -0.433013 -0.25 0.866025
vn -0.433013 -0.25 0.866025
vn -0.433013 -0.25 0.866025
vn -0.433013 -0.25 0.866025
vn 0.75 0.433013 0.5
vn 0.75 0.433013 0.5
vn 0.75 0.433013 0.5
vn 0.75 0.433013 0.5
vn 0.75 0.433013 0.5
vn 0.75 0.433013 0.5
vn 0.75 0.433013 0.5
vn 0.75 0.433013 0.5
vn 0.75 0.433013 0.5
vn 0.75 0.433013 0.5
vn 0.75 0.433013 0.5
vn 0.75 0.433013 0.5
vn 0.75 0.433013 0.5
vn 0.75 0.433013 0.5
vn 0.75 0.433013 0.5
vn 0.75 0.433013 0.5
vn 0.75 0.433013 0.5
vn 0.75 0.433013 0.5
vn 0.75 0.433013 0.5
vn 0.75 0.433013 0.5
vn 0.75 0.433013 0.5
vn 0.75 0.433013 0.5
vn 0.75 0.433013 0.5
vn 0.75 0.433013 0.5
vn 0.75 0.433013 0.5
vn 0.75 0.433013 0.5
vn 0.75 0.433013 0.5
vn 0.75 0.433013 0.5
vn 0.75 0.433013 0.5
vn 0.75 0.433013 0.5
vn 0.75 0.433013 0.5
vn 0.75 0.433013 0.5
vn 0.75 0.433013 0.5
vn 0.75 0.433013 0.5
vn 0.75 0.433013 0.5
vn 0.75 0.433013 0.5
vn 0.75 0.433013 0.5
vn 0.75 0.433013 0.5
vn 0.75 0.433013 0.5
vn 0.75 0.433013 0.5
vn 0.75 0.433013 0.5
vn 0.75 0.433013 0.5
vn 0.75 0.433013 0.5
vn 0.75 0.433013 0.5
vn 0.75 0.433013 0.5
vn 0.75 0.433013 0.5
vn 0.75 0.433013 0.5
vn 0.75 0.433013 0.5
vn -0.433013 -0.25 0.866025
vn -0.433013 -0.25 0.866025
vn -0.433013 -0.25 0.866025
vn -0.433013 -0.25 0.866025
vn -0.433013 -0.25 0.866025
vn -0.433013 -0.25 0.866025
vn -0.75 -0.433013 -0.5
vn -0.75 -0.433013 -0.5
vn -0.75 -0.433013 -0.5
vn -0.75 -0.433013 -0.5
vn -0.75 -0.433013 -0.5
vn -0.75 -0.433013 -0.5
vn -0.75 -0.433013 -0.5
vn -0.75 -0.433013 -0.5
vn -0.75 -0.433013 -0.5
vn -0.75 -0.433013 -0.5
vn -0.75 -0.433013 -0.5
vn -0.75 -0.433013 -0.5
vn -0.75 -0.433013 -0.5
vn -0.75 -0.433013 -0.5
vn -0.75 -0.433013 -0.5
vn -0.75 -0.433013 -0.5
vn -0.75 -0.433013 -0.5
vn -0.75 -0.433013 -0.5
vn -0.75 -0.433013 -0.5
vn -0.75 -0.433013 -0.5
vn -0.75 -0.433013 -0.5
vn -0.75 -0.433013 -0.5
vn -0.75 -0.433013 -0.5
vn -0.75 -0.433013 -0.5
vn -0.75 -0.433013 -0.5
vn -0.75 -0.433013 -0.5
vn -0.75 -0.433013 -0.5
vn -0.75 -0.433013 -0.5
vn -0.75 -0.433013 -0.5
vn -0.75 -0.433013 -0.5
vn -0.75 -0.433013 -0.5
vn -0.75 -0.433013 -0.5
vn -0.75 -0.433013 -0.5
vn -0.75 -0.433013 -0.5
vn -0.75 -0.433013 -0.5
vn -0.75 -0.433013 -0.5
vn -0.75 -0.433013 -0.5
vn -0.75 -0.433013 -0.5
vn -0.75 -0.433013 -0.5
vn -0.75 -0.433013 -0.5
vn -0.75 -0.433013 -0.5
vn -0.75 -0.433013 -0.5
vn -0.75 -0.433013 -0.5
vn -0.75 -0.433013 -0.5
vn -0.75 -0.433013 -0.5
vn -0.75 -0.433013 -0.5
vn -0.75 -0.433013 -0.5
vn -0.75 -0.433013 -0.5
vn 0.5 -0.866025 4.81562e-14
vn 0.5 -0.866025 4.81562e-14
vn 0.5 -0.866025 4.81562e-14
vn 0.5 -0.866025 4.81562e-14
vn 0.5 -0.866025 4.81562e-14
vn 0.5 -0.866025 4.81562e-14
vn 0.433013 0.25 -0.866025
vn 0.433013 0.25 -0.866025
vn 0.433013 0.25 -0.866025
vn 0.433013 0.25 -0.866025
vn 0.433013 0.25 -0.866025
vn 0.433013 0.25 -0.866025
vn 0.5 -0.866025 6.18394e-14
vn 0.5 -0.866025 6.18394e-14
vn 0.5 -0.866025 6.18394e-14
vn 0.5 -0.866025 6.18394e-14
vn 0.5 -0.866025 6.18394e-14
vn 0.5 -0.866025 6.18394e-14
vn -0.433013 -0.25 0.866025
vn -0.433013 -0.25 0.866025
vn -0.433013 -0.25 0.866025
vn -0.433013 -0.25 0.866025
vn -0.433013 -0.25 0.866025
vn -0.433013 -0.25 0.866025
vn -0.5 0.866025 1.25358e-15
vn -0.5 0.866025 1.25358e-15
vn -0.5 0.866025 1.25358e-15
vn -0.5 0.866025 1.25358e-15
vn -0.5 0.866025 1.25358e-15
vn -0.5 0.866025 1.25358e-15
vn -0.433013 -0.25 0.866025
vn -0.433013 -0.25 0.866025
vn -0.433013 -0.25 0.866025
vn -0.433013 -0.25 0.866025
vn -0.433013 -0.25 0.866025
vn -0.433013 -0.25 0.866025
vn 0.5 -0.866025 4.76132e-14
vn 0.5 -0.866025 4.76132e-14
vn 0.5 -0.866025 4.76132e-14
vn 0.5 -0.866025 4.76132e-14
vn 0.5 -0.866025 4.76132e-14
vn 0.5 -0.866025 4.76132e-14
vn -0.433013 -0.25 0.866025
vn -0.433013 -0.25 0.866025
vn -0.433013 -0.25 0.866025
vn -0.433013 -0.25 0.866025
vn -0.433013 -0.25 0.866025
vn -0.433013 -0.25 0.866025
vn -0.5 0.866025 -4.90719e-14
vn -0.5 0.866025 -4.90719e-14
vn -0.5 0.866025 -4.90719e-14
vn -0.5 0.866025 -4.90719e-14
vn -0.5 0.866025 -4.90719e-14
vn -0.5 0.866025 -4.90719e-14
vn -0.433013 -0.25 0.866025
vn -0.433013 -0.25 0.866025
vn -0.433013 -0.25 0.866025
vn -0.433013 -0.25 0.866025
vn -0.433013 -0.25 0.866025
vn -0.433013 -0.25 0.866025
vn 0.5 -0.866025 4.85477e-14
vn 0.5 -0.866025 4.85477e-14
vn 0.5 -0.866025 4.85477e-14
vn 0.5 -0.866025 4.85477e-14
vn 0.5 -0.866025 4.85477e-14
vn 0.5 -0.866025 4.85477e-14
vn -0.433013 -0.25 0.866025
vn -0.433013 -0.25 0.866025
vn -0.433013 -0.25 0.866025
vn -0.433013 -0.25 0.866025
vn -0.433013 -0.25 0.866025
vn -0.433013 -0.25 0.866025
vn -0.5 0.866025 -4.85477e-14
vn -0.5 0.866025 -4.85477e-14
vn -0.5 0.866025 -4.85477e-14
vn -0.5 0.866025 -4.85477e-14
vn -0.5 0.866025 -4.85477e-14
vn -0.5 0.866025 -4.85477e-14
vn -0.433013 -0.25 0.866025
vn -0.433013 -0.25 0.866025
vn -0.433013 -0.25 0.866025
vn -0.433013 -0.25 0.866025
vn -0.433013 -0.25 0.866025
vn -0.433013 -0.25 0.866025
vn 0.5 -0.866025 4.87545e-14
vn 0.5 -0.866025 4.87545e-14
vn 0.5 -0.866025 4.87545e-14
vn 0.5 -0.866025 4.87545e-14
vn 0.5 -0.866025 4.87545e-14
vn 0.5 -0.866025 4.87545e-14
vn -0.433013 -0.25 0.866025
vn -0.433013 -0.25 0.866025
vn -0.433013 -0.25 0.866025
vn -0.433013 -0.25 0.866025
vn -0.433013 -0.25 0.866025
vn -0.433013 -0.25 0.866025
vn -0.5 0.866025 -4.91858e-14
vn -0.5 0.866025 -4.91858e-14
vn -0.5 0.866025 -4.91858e-14
vn -0.5 0.866025 -4.91858e-14
vn -0.5 0.866025 -4.91858e-14
vn -0.5 0.866025 -4.91858e-14
vn 0 0 0
vn 0 0 0
vn 0 0 0
vn 0 0 0
vn 0 0 0
vn 0 0 0
vn 0 0 0
vn 0 0 0
vn 0 0 0
vn 0 0 0
vn 0 0 0
vn 0 0 0
vn 0 0 0
vn 0 0 0
vn 0 0 0
vn 0 0 0
vn 0 0 0
vn 0 0 0
vn 0 0 0
vn 0 0 0
vn 0 0 0
vn 0 0 0
vn 0 0 0
vn 0 0 0
vn 0 0 0
vn 0 0 0
vn 0 0 0
vn 0 0 0
vn 0 0 0
vn 0 0 0
vn 0 0 0
vn 0 0 0
vn 0 0 0
vn 0 0 0
vn 0 0 0
vn 0 0 0
vn 0 0 0
vn 0 0 0
vn 0 0 0
vn 0 0 0
vn 0 0 0
vn 0 0 0
vn 0 0 0
vn 0 0 0
vn 0 0 0
vn 0 0 0
vn 0 0 0
vn 0 0 0
vn 0 0 0
vn 0 0 0
vn 0 0 0
vn 0 0 0
vn 0 0 0
vn 0 0 0
vn 0 0 0
vn 0 0 0
vn 0 0 0
vn 0 0 0
vn 0 0 0
vn 0 0 0
vn 0 0 0
vn 0 0 0
vn 0 0 0
vn 0 0 0
vn 0 0 0
vn 0 0 0
vn 0 0 0
vn 0 0 0
vn 0 0 0
vn 0 0 0
vn 0 0 0
vn 0 0 0
vn 0 0 0
vn 0 0 0
vn 0 0 0
vn 0 0 0
vn 0 0 0
vn 0 0 0
vn 0 0 0
vn 0 0 0
vn 0 0 0
vn 0 0 0
vn 0 0 0
vn 0 0 0
vn 0 0 0
vn 0 0 0
vn 0 0 0
vn 0 0 0
vn 0 0 0
vn 0 0 0
vn 0 0 0
vn 0 0 0
vn 0 0 0
vn 0 0 0
vn 0 0 0
vn 0 0 0
vn 0 0 0
vn 0 0 0
vn 0 0 0
vn 0 0 0
vn 0 0 0
vn 0 0 0
vn 0 0 0
vn 0 0 0
vn 0 0 0
vn 0 0 0
vn 0 0 0
vn 0 0 0
vn 0 0 0
vn 0 0 0
vn 0 0 0
vn 0 0 0
vn 0 0 0
vn 0 0 0
vn 0 0 0
vn 0 0 0
vn 0 0 0
vn 0 0 0
vn 0 0 0
vn 0 0 0
vn 0 0 0
vn 0 0 0
vn 0 0 0
vn 0 0 0
vn 0 0 0
vn 0 0 0
vn 0 0 0
vn 0 0 0
vn 0 0 0
vn 0 0 0
vn 0 0 0
vn 0 0 0
vn 0 0 0
vn 0 0 0
vn 0 0 0
vn 0 0 0
vn 0 0 0
vn 0 0 0
vn 0 0 0
vn 0 0 0
vn 0 0 0
vn 0 0 0
vn 0 0 0
vn 0 0 0
vn 0 0 0
vn 0 0 0
vn 0 0 0
vn 0 0 0
vn 0 0 0
vn 0 0 0
vn 0 0 0
vn 0 0 0
vn 0 0 0
vn 0 0 0
vn 0 0 0
vn 0 0 0
vn 0 0 0
vn 0 0 0
vn 0 0 0
vn 0 0 0
vn 0 0 0
vn 0 0 0
vn 0 0 0
vn 0 0 0
vn 0 0 0
vn 0 0 0
vn 0 0 0
vn 0 0 0
vn 0 0 0
vn 0 0 0
vn 0 0 0
vn 0 0 0
vn 0 0 0
vn 0 0 0
vn 0 0 0
vn 0 0 0
vn 0 0 0
vn 0 0 0
vn 0 0 0
vn 0 0 0
vn 0 0 0
vn 0 0 0
vn 0 0 0
vn 0 0 0
vn 0 0 0
vn 0 0 0
vn 0 0 0
vn 0 0 0
vn 0 0 0
vn 0 0 0
vn 0 0 0
vn 0 0 0
vn 0 0 0
vn 0 0 0
vn 0 0 0
vn 0 0 0
vn 0 0 0
vn 0 0 0
vn 0 0 0
vn 0 0 0
vn 0 0 0
vn 0 0 0
vn 0 0 0
vn 0 0 0
vn 0 0 0
vn 0 0 0
vn 0 0 0
vn 0 0 0
vn 0 0 0
vn 0 0 0
vn 0 0 0
vn 0 0 0
vn 0 0 0
vn 0 0 0
vn 0 0 0
vn 0 0 0
vn 0 0 0
vn 0 0 0
vn 0 0 0
vn 0 0 0
vn 0 0 0
vn 0 0 0
vn 0 0 0
vn 0 0 0
vn 0 0 0
vn 0 0 0
vn 0 0 0
vn 0 0 0
vn 0 0 0
vn 0 0 0
vn 0 0 0
vn 0 0 0
vn 0 0 0
vn 0 0 0
vn 0 0 0
vn 0 0 0
vn 0 0 0
vn 0 0 0
vn 0 0 0
vn 0 0 0
vn 0 0 0
vn 0 0 0
vn 0 0 0
vn 0 0 0
vn 0 0 0
vn 0 0 0
vn 0 0 0
vn 0 0 0
vn 0 0 0
vn 0 0 0
vn 0 0 0
vn 0 0 0
vn 0 0 0
vn 0 0 0
vn 0 0 0
vn 0 0 0
vn 0 0 0
vn 0 0 0
vn 0 0 0
vn 0 0 0
vn -0.5 0.866025 -5.06641e-14
vn -0.5 0.866025 -5.06641e-14
vn -0.5 0.866025 -5.06641e-14
vn -0.5 0.866025 -5.06641e-14
vn -0.5 0.866025 -5.06641e-14
vn -0.5 0.866025 -5.06641e-14
vn -0.5 0.866025 -5.06641e-14
vn -0.5 0.866025 -5.06641e-14
vn -0.5 0.866025 -5.06641e-14
vn -0.5 0.866025 -5.06641e-14
vn -0.5 0.866025 -5.06641e-14
vn -0.5 0.866025 -5.06641e-14
vn -0.5 0.866025 -5.06641e-14
vn -0.5 0.866025 -5.06641e-14
vn -0.5 0.866025 -5.06641e-14
vn -0.5 0.866025 -5.06641e-14
vn -0.5 0.866025 -5.06641e-14
vn -0.5 0.866025 -5.06641e-14
vn -0.5 0.866025 -5.06641e-14
vn -0.5 0.866025 -5.06641e-14
vn -0.5 0.866025 -5.06641e-14
vn -0.5 0.866025 -5.06641e-14
vn -0.5 0.866025 -5.06641e-14
vn -0.5 0.866025 -5.06641e-14
vn -0.5 0.866025 -5.06641e-14
vn -0.5 0.866025 -5.06641e-14
vn -0.5 0.866025 -5.06641e-14
vn -0.5 0.866025 -5.06641e-14
vn -0.5 0.866025 -5.06641e-14
vn -0.5 0.866025 -5.06641e-14
vn -0.5 0.866025 -5.06641e-14
vn -0.5 0.866025 -5.06641e-14
vn -0.5 0.866025 -5.06641e-14
vn -0.5 0.866025 -5.06641e-14
vn -0.5 0.866025 -5.06641e-14
vn -0.5 0.866025 -5.06641e-14
vn 0.433013 0.25 -0.866025
vn 0.433013 0.25 -0.866025
vn 0.433013 0.25 -0.866025
vn 0.433013 0.25 -0.866025
vn 0.433013 0.25 -0.866025
vn 0.433013 0.25 -0.866025
vn -0.433013 -0.25 -0.866025
vn -0.433013 -0.25 -0.866025
vn -0.433013 -0.25 -0.866025
vn -0.433013 -0.25 -0.866025
vn -0.433013 -0.25 -0.866025
vn -0.433013 -0.25 -0.866025
vn -0.866025 -0.5 4.15208e-16
vn -0.866025 -0.5 4.15208e-16
vn -0.866025 -0.5 4.15208e-16
vn -0.866025 -0.5 4.15208e-16
vn -0.866025 -0.5 4.15208e-16
vn -0.866025 -0.5 4.15208e-16
vn -0.433013 -0.25 0.866025
vn -0.433013 -0.25 0.866025
vn -0.433013 -0.25 0.866025
vn -0.433013 -0.25 0.866025
vn -0.433013 -0.25 0.866025
vn -0.433013 -0.25 0.866025
vn 0.433013 0.25 0.866025
vn 0.433013 0.25 0.866025
vn 0.433013 0.25 0.866025
vn 0.433013 0.25 0.866025
vn 0.433013 0.25 0.866025
vn 0.433013 0.25 0.866025
vn 0.866025 0.5 2.37614e-15
vn 0.866025 0.5 2.37614e-15
vn 0.866025 0.5 2.37614e-15
vn 0.866025 0.5 2.37614e-15
vn 0.866025 0.5 2.37614e-15
vn 0.866025 0.5 2.37614e-15
vn 0.5 -0.866025 5.06641e-14
vn 0.5 -0.866025 5.06641e-14
vn 0.5 -0.866025 5.06641e-14
vn 0.5 -0.866025 5.06641e-14
vn 0.5 -0.866025 5.06641e-14
vn 0.5 -0.866025 5.06641e-14
vn 0.5 -0.866025 5.06641e-14
vn 0.5 -0.866025 5.06641e-14
vn 0.5 -0.866025 5.06641e-14
vn 0.5 -0.866025 5.06641e-14
vn 0.5 -0.866025 5.06641e-14
vn 0.5 -0.866025 5.06641e-14
vn 0.5 -0.866025 5.06641e-14
vn 0.5 -0.866025 5.06641e-14
vn 0.5 -0.866025 5.06641e-14
vn 0.5 -0.866025 5.06641e-14
vn 0.5 -0.866025 5.06641e-14
vn 0.5 -0.866025 5.06641e-14
vn 0.5 -0.866025 5.06641e-14
vn 0.5 -0.866025 5.06641e-14
vn 0.5 -0.866025 5.06641e-14
vn 0.5 -0.866025 5.06641e-14
vn 0.5 -0.866025 5.06641e-14
vn 0.5 -0.866025 5.06641e-14
vn 0.5 -0.866025 5.06641e-14
vn 0.5 -0.866025 5.06641e-14
vn 0.5 -0.866025 5.06641e-14
vn 0.5 -0.866025 5.06641e-14
vn 0.5 -0.866025 5.06641e-14
vn 0.5 -0.866025 5.06641e-14
vn 0.5 -0.866025 5.06641e-14
vn 0.5 -0.866025 5.06641e-14
vn 0.5 -0.866025 5.06641e-14
vn 0.5 -0.866025 5.06641e-14
vn 0.5 -0.866025 5.06641e-14
vn 0.5 -0.866025 5.06641e-14
vn 0.5 -0.866025 5.06641e-14
vn 0.5 -0.866025 5.06641e-14
vn 0.5 -0.866025 5.06641e-14
vn 0.5 -0.866025 5.06641e-14
vn 0.5 -0.866025 5.06641e-14
vn 0.5 -0.866025 5.06641e-14
vn 0.5 -0.866025 5.06641e-14
vn 0.5 -0.866025 5.06641e-14
vn 0.5 -0.866025 5.06641e-14
vn 0.5 -0.866025 5.06641e-14
vn 0.5 -0.866025 5.06641e-14
vn 0.5 -0.866025 5.06641e-14
vn 0.5 -0.866025 5.06641e-14
vn 0.5 -0.866025 5.06641e-14
vn 0.5 -0.866025 5.06641e-14
vn 0.5 -0.866025 5.06641e-14
vn 0.5 -0.866025 5.06641e-14
vn 0.5 -0.866025 5.06641e-14
vn 0.5 -0.866025 5.06641e-14
vn 0.5 -0.866025 5.06641e-14
vn 0.5 -0.866025 5.06641e-14
vn 0.5 -0.866025 5.06641e-14
vn 0.5 -0.866025 5.06641e-14
vn 0.5 -0.866025 5.06641e-14
vn 0.5 -0.866025 5.06641e-14
vn 0.5 -0.866025 5.06641e-14
vn 0.5 -0.866025 5.06641e-14
vn 0.5 -0.866025 5.06641e-14
vn 0.5 -0.866025 5.06641e-14
vn 0.5 -0.866025 5.06641e-14
vn 0.5 -0.866025 5.06641e-14
vn 0.5 -0.866025 5.06641e-14
vn 0.5 -0.866025 5.06641e-14
vn 0.5 -0.866025 5.06641e-14
vn 0.5 -0.866025 5.06641e-14
vn 0.5 -0.866025 5.06641e-14
vn -0.433013 -0.25 0.866025
vn -0.433013 -0.25 0.866025
vn -0.433013 -0.25 0.866025
vn -0.433013 -0.25 0.866025
vn -0.433013 -0.25 0.866025
vn -0.433013 -0.25 0.866025
vn 0.433013 0.25 0.866025
vn 0.433013 0.25 0.866025
vn 0.433013 0.25 0.866025
vn 0.433013 0.25 0.866025
vn 0.433013 0.25 0.866025
vn 0.433013 0.25 0.866025
vn 0.866025 0.5 -4.15208e-16
vn 0.866025 0.5 -4.15208e-16
vn 0.866025 0.5 -4.15208e-16
vn 0.866025 0.5 -4.15208e-16
vn 0.866025 0.5 -4.15208e-16
vn 0.866025 0.5 -4.15208e-16
vn 0.433013 0.25 -0.866025
vn 0.433013 0.25 -0.866025
vn 0.433013 0.25 -0.866025
vn 0.433013 0.25 -0.866025
vn 0.433013 0.25 -0.866025
vn 0.433013 0.25 -0.866025
vn -0.433013 -0.25 -0.866025
vn -0.433013 -0.25 -0.866025
vn -0.433013 -0.25 -0.866025
vn -0.433013 -0.25 -0.866025
vn -0.433013 -0.25 -0.866025
vn -0.433013 -0.25 -0.866025
vn -0.866025 -0.5 -2.37614e-15
vn -0.866025 -0.5 -2.37614e-15
vn -0.866025 -0.5 -2.37614e-15
vn -0.866025 -0.5 -2.37614e-15
vn -0.866025 -0.5 -2.37614e-15
vn -0.866025 -0.5 -2.37614e-15
vn -0.5 0.866025 -5.06641e-14
vn -0.5 0.866025 -5.06641e-14
vn -0.5 0.866025 -5.06641e-14
vn -0.5 0.866025 -5.06641e-14
vn -0.5 0.866025 -5.06641e-14
vn -0.5 0.866025 -5.06641e-14
vn -0.5 0.866025 -5.06641e-14
vn -0.5 0.866025 -5.06641e-14
vn -0.5 0.866025 -5.06641e-14
vn -0.5 0.866025 -5.06641e-14
vn -0.5 0.866025 -5.06641e-14
vn -0.5 0.866025 -5.06641e-14
vn -0.5 0.866025 -5.06641e-14
vn -0.5 0.866025 -5.06641e-14
vn -0.5 0.866025 -5.06641e-14
vn -0.5 0.866025 -5.06641e-14
vn -0.5 0.866025 -5.06641e-14
vn -0.5 0.866025 -5.06641e-14
vn -0.5 0.866025 -5.06641e-14
vn -0.5 0.866025 -5.06641e-14
vn -0.5 0.866025 -5.06641e-14
vn -0.5 0.866025 -5.06641e-14
vn -0.5 0.866025 -5.06641e-14
vn -0.5 0.866025 -5.06641e-14
vn -0.5 0.866025 -5.06641e-14
vn -0.5 0.866025 -5.06641e-14
vn -0.5 0.866025 -5.06641e-14
vn -0.5 0.866025 -5.06641e-14
vn -0.5 0.866025 -5.06641e-14
vn -0.5 0.866025 -5.06641e-14
vn -0.5 0.866025 -5.06641e-14
vn -0.5 0.866025 -5.06641e-14
vn -0.5 0.866025 -5.06641e-14
vn -0.5 0.866025 -5.06641e-14
vn -0.5 0.866025 -5.06641e-14
vn -0.5 0.866025 -5.06641e-14
vn 0 0 0
vn 0 0 0
vn 0 0 0
vn 0 0 0
vn 0 0 0
vn 0 0 0
vn 0 0 0
vn 0 0 0
vn 0 0 0
vn 0 0 0
vn 0 0 0
vn 0 0 0
vn 0 0 0
vn 0 0 0
vn 0 0 0
vn 0 0 0
vn 0 0 0
vn 0 0 0
vn 0 0 0
vn 0 0 0
vn 0 0 0
vn 0 0 0
vn 0 0 0
vn 0 0 0
vn 0 0 0
vn 0 0 0
vn 0 0 0
vn 0 0 0
vn 0 0 0
vn 0 0 0
vn 0 0 0
vn 0 0 0
vn 0 0 0
vn 0 0 0
vn 0 0 0
vn 0 0 0
vn 0 0 0
vn 0 0 0
vn 0 0 0
vn 0 0 0
vn 0 0 0
vn 0 0 0
vn 0 0 0
vn 0 0 0
vn 0 0 0
vn 0 0 0
vn 0 0 0
vn 0 0 0
vn 0 0 0
vn 0 0 0
vn 0 0 0
vn 0 0 0
vn 0 0 0
vn 0 0 0
vn 0 0 0
vn 0 0 0
vn 0 0 0
vn 0 0 0
vn 0 0 0
vn 0 0 0

# Mesh 'group_0' with 32 faces
g group_0
usemtl ID7
f  1//1 2//2 3//3
f  4//4 5//5 6//6
f  7//7 8//8 9//9
f  10//10 11//11 12//12
f  13//13 14//14 15//15
f  16//16 17//17 18//18
f  19//19 20//20 21//21
f  22//22 23//23 24//24
f  25//25 26//26 27//27
f  28//28 29//29 30//30
f  31//31 32//32 33//33
f  34//34 35//35 36//36
f  37//37 38//38 39//39
f  40//40 41//41 42//42
f  43//43 44//44 45//45
f  46//46 47//47 48//48
f  49//49 50//50 51//51
f  52//52 53//53 54//54
f  55//55 56//56 57//57
f  58//58 59//59 60//60
f  61//61 62//62 63//63
f  64//64 65//65 66//66
f  67//67 68//68 69//69
f  70//70 71//71 72//72
f  73//73 74//74 75//75
f  76//76 77//77 78//78
f  79//79 80//80 81//81
f  82//82 83//83 84//84
f  85//85 86//86 87//87
f  88//88 89//89 90//90
f  91//91 92//92 93//93
f  94//94 95//95 96//96

# Mesh 'group_0' with 32 faces
g group_0
usemtl ID13
f  97//97 98//98 99//99
f  100//100 101//101 102//102
f  103//103 104//104 105//105
f  106//106 107//107 108//108
f  109//109 110//110 111//111
f  112//112 113//113 114//114
f  115//115 116//116 117//117
f  118//118 119//119 120//120
f  121//121 122//122 123//123
f  124//124 125//125 126//126
f  127//127 128//128 129//129
f  130//130 131//131 132//132
f  133//133 134//134 135//135
f  136//136 137//137 138//138
f  139//139 140//140 141//141
f  142//142 143//143 144//144
f  145//145 146//146 147//147
f  148//148 149//149 150//150
f  151//151 152//152 153//153
f  154//154 155//155 156//156
f  157//157 158//158 159//159
f  160//160 161//161 162//162
f  163//163 164//164 165//165
f  166//166 167//167 168//168
f  169//169 170//170 171//171
f  172//172 173//173 174//174
f  175//175 176//176 177//177
f  178//178 179//179 180//180
f  181//181 182//182 183//183
f  184//184 185//185 186//186
f  187//187 188//188 189//189
f  190//190 191//191 192//192

# Mesh 'group_0' with 36 faces
g group_0
usemtl ID14
l  193 194
l  195 196
l  197 198
l  199 200
l  201 202
l  203 204
l  205 206
l  207 208
l  209 210
l  211 212
l  213 214
l  215 216
l  217 218
l  219 220
l  221 222
l  223 224
l  225 226
l  227 228
l  229 230
l  231 232
l  233 234
l  235 236
l  237 238
l  239 240
l  241 242
l  243 244
l  245 246
l  247 248
l  249 250
l  251 252
l  253 254
l  255 256
l  257 258
l  259 260
l  261 262
l  263 264

# Mesh 'group_0' with 52 faces
g group_0
usemtl ID7
f  265//265 266//266 267//267
f  268//268 269//269 270//270
f  271//271 272//272 273//273
f  274//274 275//275 276//276
f  277//277 278//278 279//279
f  280//280 281//281 282//282
f  283//283 284//284 285//285
f  286//286 287//287 288//288
f  289//289 290//290 291//291
f  292//292 293//293 294//294
f  295//295 296//296 297//297
f  298//298 299//299 300//300
f  301//301 302//302 303//303
f  304//304 305//305 306//306
f  307//307 308//308 309//309
f  310//310 311//311 312//312
f  313//313 314//314 315//315
f  316//316 317//317 318//318
f  319//319 320//320 321//321
f  322//322 323//323 324//324
f  325//325 326//326 327//327
f  328//328 329//329 330//330
f  331//331 332//332 333//333
f  334//334 335//335 336//336
f  337//337 338//338 339//339
f  340//340 341//341 342//342
f  343//343 344//344 345//345
f  346//346 347//347 348//348
f  349//349 350//350 351//351
f  352//352 353//353 354//354
f  355//355 356//356 357//357
f  358//358 359//359 360//360
f  361//361 362//362 363//363
f  364//364 365//365 366//366
f  367//367 368//368 369//369
f  370//370 371//371 372//372
f  373//373 374//374 375//375
f  376//376 377//377 378//378
f  379//379 380//380 381//381
f  382//382 383//383 384//384
f  385//385 386//386 387//387
f  388//388 389//389 390//390
f  391//391 392//392 393//393
f  394//394 395//395 396//396
f  397//397 398//398 399//399
f  400//400 401//401 402//402
f  403//403 404//404 405//405
f  406//406 407//407 408//408
f  409//409 410//410 411//411
f  412//412 413//413 414//414
f  415//415 416//416 417//417
f  418//418 419//419 420//420

# Mesh 'group_0' with 52 faces
g group_0
usemtl ID13
f  421//421 422//422 423//423
f  424//424 425//425 426//426
f  427//427 428//428 429//429
f  430//430 431//431 432//432
f  433//433 434//434 435//435
f  436//436 437//437 438//438
f  439//439 440//440 441//441
f  442//442 443//443 444//444
f  445//445 446//446 447//447
f  448//448 449//449 450//450
f  451//451 452//452 453//453
f  454//454 455//455 456//456
f  457//457 458//458 459//459
f  460//460 461//461 462//462
f  463//463 464//464 465//465
f  466//466 467//467 468//468
f  469//469 470//470 471//471
f  472//472 473//473 474//474
f  475//475 476//476 477//477
f  478//478 479//479 480//480
f  481//481 482//482 483//483
f  484//484 485//485 486//486
f  487//487 488//488 489//489
f  490//490 491//491 492//492
f  493//493 494//494 495//495
f  496//496 497//497 498//498
f  499//499 500//500 501//501
f  502//502 503//503 504//504
f  505//505 506//506 507//507
f  508//508 509//509 510//510
f  511//511 512//512 513//513
f  514//514 515//515 516//516
f  517//517 518//518 519//519
f  520//520 521//521 522//522
f  523//523 524//524 525//525
f  526//526 527//527 528//528
f  529//529 530//530 531//531
f  532//532 533//533 534//534
f  535//535 536//536 537//537
f  538//538 539//539 540//540
f  541//541 542//542 543//543
f  544//544 545//545 546//546
f  547//547 548//548 549//549
f  550//550 551//551 552//552
f  553//553 554//554 555//555
f  556//556 557//557 558//558
f  559//559 560//560 561//561
f  562//562 563//563 564//564
f  565//565 566//566 567//567
f  568//568 569//569 570//570
f  571//571 572//572 573//573
f  574//574 575//575 576//576

# Mesh 'group_0' with 45 faces
g group_0
usemtl ID14
l  577 578
l  579 580
l  581 582
l  583 584
l  585 586
l  587 588
l  589 590
l  591 592
l  593 594
l  595 596
l  597 598
l  599 600
l  601 602
l  603 604
l  605 606
l  607 608
l  609 610
l  611 612
l  613 614
l  615 616
l  617 618
l  619 620
l  621 622
l  623 624
l  625 626
l  627 628
l  629 630
l  631 632
l  633 634
l  635 636
l  637 638
l  639 640
l  641 642
l  643 644
l  645 646
l  647 648
l  649 650
l  651 652
l  653 654
l  655 656
l  657 658
l  659 660
l  661 662
l  663 664
l  665 666

# Mesh 'group_0' with 38 faces
g group_0
usemtl ID7
f  667//667 668//668 669//669
f  670//670 671//671 672//672
f  673//673 674//674 675//675
f  676//676 677//677 678//678
f  679//679 680//680 681//681
f  682//682 683//683 684//684
f  685//685 686//686 687//687
f  688//688 689//689 690//690
f  691//691 692//692 693//693
f  694//694 695//695 696//696
f  697//697 698//698 699//699
f  700//700 701//701 702//702
f  703//703 704//704 705//705
f  706//706 707//707 708//708
f  709//709 710//710 711//711
f  712//712 713//713 714//714
f  715//715 716//716 717//717
f  718//718 719//719 720//720
f  721//721 722//722 723//723
f  724//724 725//725 726//726
f  727//727 728//728 729//729
f  730//730 731//731 732//732
f  733//733 734//734 735//735
f  736//736 737//737 738//738
f  739//739 740//740 741//741
f  742//742 743//743 744//744
f  745//745 746//746 747//747
f  748//748 749//749 750//750
f  751//751 752//752 753//753
f  754//754 755//755 756//756
f  757//757 758//758 759//759
f  760//760 761//761 762//762
f  763//763 764//764 765//765
f  766//766 767//767 768//768
f  769//769 770//770 771//771
f  772//772 773//773 774//774
f  775//775 776//776 777//777
f  778//778 779//779 780//780

# Mesh 'group_0' with 38 faces
g group_0
usemtl ID13
f  781//781 782//782 783//783
f  784//784 785//785 786//786
f  787//787 788//788 789//789
f  790//790 791//791 792//792
f  793//793 794//794 795//795
f  796//796 797//797 798//798
f  799//799 800//800 801//801
f  802//802 803//803 804//804
f  805//805 806//806 807//807
f  808//808 809//809 810//810
f  811//811 812//812 813//813
f  814//814 815//815 816//816
f  817//817 818//818 819//819
f  820//820 821//821 822//822
f  823//823 824//824 825//825
f  826//826 827//827 828//828
f  829//829 830//830 831//831
f  832//832 833//833 834//834
f  835//835 836//836 837//837
f  838//838 839//839 840//840
f  841//841 842//842 843//843
f  844//844 845//845 846//846
f  847//847 848//848 849//849
f  850//850 851//851 852//852
f  853//853 854//854 855//855
f  856//856 857//857 858//858
f  859//859 860//860 861//861
f  862//862 863//863 864//864
f  865//865 866//866 867//867
f  868//868 869//869 870//870
f  871//871 872//872 873//873
f  874//874 875//875 876//876
f  877//877 878//878 879//879
f  880//880 881//881 882//882
f  883//883 884//884 885//885
f  886//886 887//887 888//888
f  889//889 890//890 891//891
f  892//892 893//893 894//894

# Mesh 'group_0' with 32 faces
g group_0
usemtl ID14
l  895 896
l  897 898
l  899 900
l  901 902
l  903 904
l  905 906
l  907 908
l  909 910
l  911 912
l  913 914
l  915 916
l  917 918
l  919 920
l  921 922
l  923 924
l  925 926
l  927 928
l  929 930
l  931 932
l  933 934
l  935 936
l  937 938
l  939 940
l  941 942
l  943 944
l  945 946
l  947 948
l  949 950
l  951 952
l  953 954
l  955 956
l  957 958

# Mesh 'group_0' with 46 faces
g group_0
usemtl ID7
f  959//959 960//960 961//961
f  962//962 963//963 964//964
f  965//965 966//966 967//967
f  968//968 969//969 970//970
f  971//971 972//972 973//973
f  974//974 975//975 976//976
f  977//977 978//978 979//979
f  980//980 981//981 982//982
f  983//983 984//984 985//985
f  986//986 987//987 988//988
f  989//989 990//990 991//991
f  992//992 993//993 994//994
f  995//995 996//996 997//997
f  998//998 999//999 1000//1000
f  1001//1001 1002//1002 1003//1003
f  1004//1004 1005//1005 1006//1006
f  1007//1007 1008//1008 1009//1009
f  1010//1010 1011//1011 1012//1012
f  1013//1013 1014//1014 1015//1015
f  1016//1016 1017//1017 1018//1018
f  1019//1019 1020//1020 1021//1021
f  1022//1022 1023//1023 1024//1024
f  1025//1025 1026//1026 1027//1027
f  1028//1028 1029//1029 1030//1030
f  1031//1031 1032//1032 1033//1033
f  1034//1034 1035//1035 1036//1036
f  1037//1037 1038//1038 1039//1039
f  1040//1040 1041//1041 1042//1042
f  1043//1043 1044//1044 1045//1045
f  1046//1046 1047//1047 1048//1048
f  1049//1049 1050//1050 1051//1051
f  1052//1052 1053//1053 1054//1054
f  1055//1055 1056//1056 1057//1057
f  1058//1058 1059//1059 1060//1060
f  1061//1061 1062//1062 1063//1063
f  1064//1064 1065//1065 1066//1066
f  1067//1067 1068//1068 1069//1069
f  1070//1070 1071//1071 1072//1072
f  1073//1073 1074//1074 1075//1075
f  1076//1076 1077//1077 1078//1078
f  1079//1079 1080//1080 1081//1081
f  1082//1082 1083//1083 1084//1084
f  1085//1085 1086//1086 1087//1087
f  1088//1088 1089//1089 1090//1090
f  1091//1091 1092//1092 1093//1093
f  1094//1094 1095//1095 1096//1096

# Mesh 'group_0' with 46 faces
g group_0
usemtl ID13
f  1097//1097 1098//1098 1099//1099
f  1100//1100 1101//1101 1102//1102
f  1103//1103 1104//1104 1105//1105
f  1106//1106 1107//1107 1108//1108
f  1109//1109 1110//1110 1111//1111
f  1112//1112 1113//1113 1114//1114
f  1115//1115 1116//1116 1117//1117
f  1118//1118 1119//1119 1120//1120
f  1121//1121 1122//1122 1123//1123
f  1124//1124 1125//1125 1126//1126
f  1127//1127 1128//1128 1129//1129
f  1130//1130 1131//1131 1132//1132
f  1133//1133 1134//1134 1135//1135
f  1136//1136 1137//1137 1138//1138
f  1139//1139 1140//1140 1141//1141
f  1142//1142 1143//1143 1144//1144
f  1145//1145 1146//1146 1147//1147
f  1148//1148 1149//1149 1150//1150
f  1151//1151 1152//1152 1153//1153
f  1154//1154 1155//1155 1156//1156
f  1157//1157 1158//1158 1159//1159
f  1160//1160 1161//1161 1162//1162
f  1163//1163 1164//1164 1165//1165
f  1166//1166 1167//1167 1168//1168
f  1169//1169 1170//1170 1171//1171
f  1172//1172 1173//1173 1174//1174
f  1175//1175 1176//1176 1177//1177
f  1178//1178 1179//1179 1180//1180
f  1181//1181 1182//1182 1183//1183
f  1184//1184 1185//1185 1186//1186
f  1187//1187 1188//1188 1189//1189
f  1190//1190 1191//1191 1192//1192
f  1193//1193 1194//1194 1195//1195
f  1196//1196 1197//1197 1198//1198
f  1199//1199 1200//1200 1201//1201
f  1202//1202 1203//1203 1204//1204
f  1205//1205 1206//1206 1207//1207
f  1208//1208 1209//1209 1210//1210
f  1211//1211 1212//1212 1213//1213
f  1214//1214 1215//1215 1216//1216
f  1217//1217 1218//1218 1219//1219
f  1220//1220 1221//1221 1222//1222
f  1223//1223 1224//1224 1225//1225
f  1226//1226 1227//1227 1228//1228
f  1229//1229 1230//1230 1231//1231
f  1232//1232 1233//1233 1234//1234

# Mesh 'group_0' with 38 faces
g group_0
usemtl ID14
l  1235 1236
l  1237 1238
l  1239 1240
l  1241 1242
l  1243 1244
l  1245 1246
l  1247 1248
l  1249 1250
l  1251 1252
l  1253 1254
l  1255 1256
l  1257 1258
l  1259 1260
l  1261 1262
l  1263 1264
l  1265 1266
l  1267 1268
l  1269 1270
l  1271 1272
l  1273 1274
l  1275 1276
l  1277 1278
l  1279 1280
l  1281 1282
l  1283 1284
l  1285 1286
l  1287 1288
l  1289 1290
l  1291 1292
l  1293 1294
l  1295 1296
l  1297 1298
l  1299 1300
l  1301 1302
l  1303 1304
l  1305 1306
l  1307 1308
l  1309 1310

# Mesh 'group_0' with 16 faces
g group_0
usemtl ID7
f  1311//1311 1312//1312 1313//1313
f  1314//1314 1315//1315 1316//1316
f  1317//1317 1318//1318 1319//1319
f  1320//1320 1321//1321 1322//1322
f  1323//1323 1324//1324 1325//1325
f  1326//1326 1327//1327 1328//1328
f  1329//1329 1330//1330 1331//1331
f  1332//1332 1333//1333 1334//1334
f  1335//1335 1336//1336 1337//1337
f  1338//1338 1339//1339 1340//1340
f  1341//1341 1342//1342 1343//1343
f  1344//1344 1345//1345 1346//1346
f  1347//1347 1348//1348 1349//1349
f  1350//1350 1351//1351 1352//1352
f  1353//1353 1354//1354 1355//1355
f  1356//1356 1357//1357 1358//1358

# Mesh 'group_0' with 16 faces
g group_0
usemtl ID13
f  1359//1359 1360//1360 1361//1361
f  1362//1362 1363//1363 1364//1364
f  1365//1365 1366//1366 1367//1367
f  1368//1368 1369//1369 1370//1370
f  1371//1371 1372//1372 1373//1373
f  1374//1374 1375//1375 1376//1376
f  1377//1377 1378//1378 1379//1379
f  1380//1380 1381//1381 1382//1382
f  1383//1383 1384//1384 1385//1385
f  1386//1386 1387//1387 1388//1388
f  1389//1389 1390//1390 1391//1391
f  1392//1392 1393//1393 1394//1394
f  1395//1395 1396//1396 1397//1397
f  1398//1398 1399//1399 1400//1400
f  1401//1401 1402//1402 1403//1403
f  1404//1404 1405//1405 1406//1406

# Mesh 'group_0' with 18 faces
g group_0
usemtl ID14
l  1407 1408
l  1409 1410
l  1411 1412
l  1413 1414
l  1415 1416
l  1417 1418
l  1419 1420
l  1421 1422
l  1423 1424
l  1425 1426
l  1427 1428
l  1429 1430
l  1431 1432
l  1433 1434
l  1435 1436
l  1437 1438
l  1439 1440
l  1441 1442

# Mesh 'group_0' with 46 faces
g group_0
usemtl ID7
f  1443//1443 1444//1444 1445//1445
f  1446//1446 1447//1447 1448//1448
f  1449//1449 1450//1450 1451//1451
f  1452//1452 1453//1453 1454//1454
f  1455//1455 1456//1456 1457//1457
f  1458//1458 1459//1459 1460//1460
f  1461//1461 1462//1462 1463//1463
f  1464//1464 1465//1465 1466//1466
f  1467//1467 1468//1468 1469//1469
f  1470//1470 1471//1471 1472//1472
f  1473//1473 1474//1474 1475//1475
f  1476//1476 1477//1477 1478//1478
f  1479//1479 1480//1480 1481//1481
f  1482//1482 1483//1483 1484//1484
f  1485//1485 1486//1486 1487//1487
f  1488//1488 1489//1489 1490//1490
f  1491//1491 1492//1492 1493//1493
f  1494//1494 1495//1495 1496//1496
f  1497//1497 1498//1498 1499//1499
f  1500//1500 1501//1501 1502//1502
f  1503//1503 1504//1504 1505//1505
f  1506//1506 1507//1507 1508//1508
f  1509//1509 1510//1510 1511//1511
f  1512//1512 1513//1513 1514//1514
f  1515//1515 1516//1516 1517//1517
f  1518//1518 1519//1519 1520//1520
f  1521//1521 1522//1522 1523//1523
f  1524//1524 1525//1525 1526//1526
f  1527//1527 1528//1528 1529//1529
f  1530//1530 1531//1531 1532//1532
f  1533//1533 1534//1534 1535//1535
f  1536//1536 1537//1537 1538//1538
f  1539//1539 1540//1540 1541//1541
f  1542//1542 1543//1543 1544//1544
f  1545//1545 1546//1546 1547//1547
f  1548//1548 1549//1549 1550//1550
f  1551//1551 1552//1552 1553//1553
f  1554//1554 1555//1555 1556//1556
f  1557//1557 1558//1558 1559//1559
f  1560//1560 1561//1561 1562//1562
f  1563//1563 1564//1564 1565//1565
f  1566//1566 1567//1567 1568//1568
f  1569//1569 1570//1570 1571//1571
f  1572//1572 1573//1573 1574//1574
f  1575//1575 1576//1576 1577//1577
f  1578//1578 1579//1579 1580//1580

# Mesh 'group_0' with 46 faces
g group_0
usemtl ID13
f  1581//1581 1582//1582 1583//1583
f  1584//1584 1585//1585 1586//1586
f  1587//1587 1588//1588 1589//1589
f  1590//1590 1591//1591 1592//1592
f  1593//1593 1594//1594 1595//1595
f  1596//1596 1597//1597 1598//1598
f  1599//1599 1600//1600 1601//1601
f  1602//1602 1603//1603 1604//1604
f  1605//1605 1606//1606 1607//1607
f  1608//1608 1609//1609 1610//1610
f  1611//1611 1612//1612 1613//1613
f  1614//1614 1615//1615 1616//1616
f  1617//1617 1618//1618 1619//1619
f  1620//1620 1621//1621 1622//1622
f  1623//1623 1624//1624 1625//1625
f  1626//1626 1627//1627 1628//1628
f  1629//1629 1630//1630 1631//1631
f  1632//1632 1633//1633 1634//1634
f  1635//1635 1636//1636 1637//1637
f  1638//1638 1639//1639 1640//1640
f  1641//1641 1642//1642 1643//1643
f  1644//1644 1645//1645 1646//1646
f  1647//1647 1648//1648 1649//1649
f  1650//1650 1651//1651 1652//1652
f  1653//1653 1654//1654 1655//1655
f  1656//1656 1657//1657 1658//1658
f  1659//1659 1660//1660 1661//1661
f  1662//1662 1663//1663 1664//1664
f  1665//1665 1666//1666 1667//1667
f  1668//1668 1669//1669 1670//1670
f  1671//1671 1672//1672 1673//1673
f  1674//1674 1675//1675 1676//1676
f  1677//1677 1678//1678 1679//1679
f  1680//1680 1681//1681 1682//1682
f  1683//1683 1684//1684 1685//1685
f  1686//1686 1687//1687 1688//1688
f  1689//1689 1690//1690 1691//1691
f  1692//1692 1693//1693 1694//1694
f  1695//1695 1696//1696 1697//1697
f  1698//1698 1699//1699 1700//1700
f  1701//1701 1702//1702 1703//1703
f  1704//1704 1705//1705 1706//1706
f  1707//1707 1708//1708 1709//1709
f  1710//1710 1711//1711 1712//1712
f  1713//1713 1714//1714 1715//1715
f  1716//1716 1717//1717 1718//1718

# Mesh 'group_0' with 38 faces
g group_0
usemtl ID14
l  1719 1720
l  1721 1722
l  1723 1724
l  1725 1726
l  1727 1728
l  1729 1730
l  1731 1732
l  1733 1734
l  1735 1736
l  1737 1738
l  1739 1740
l  1741 1742
l  1743 1744
l  1745 1746
l  1747 1748
l  1749 1750
l  1751 1752
l  1753 1754
l  1755 1756
l  1757 1758
l  1759 1760
l  1761 1762
l  1763 1764
l  1765 1766
l  1767 1768
l  1769 1770
l  1771 1772
l  1773 1774
l  1775 1776
l  1777 1778
l  1779 1780
l  1781 1782
l  1783 1784
l  1785 1786
l  1787 1788
l  1789 1790
l  1791 1792
l  1793 1794

# Mesh 'group_0' with 38 faces
g group_0
usemtl ID7
f  1795//1795 1796//1796 1797//1797
f  1798//1798 1799//1799 1800//1800
f  1801//1801 1802//1802 1803//1803
f  1804//1804 1805//1805 1806//1806
f  1807//1807 1808//1808 1809//1809
f  1810//1810 1811//1811 1812//1812
f  1813//1813 1814//1814 1815//1815
f  1816//1816 1817//1817 1818//1818
f  1819//1819 1820//1820 1821//1821
f  1822//1822 1823//1823 1824//1824
f  1825//1825 1826//1826 1827//1827
f  1828//1828 1829//1829 1830//1830
f  1831//1831 1832//1832 1833//1833
f  1834//1834 1835//1835 1836//1836
f  1837//1837 1838//1838 1839//1839
f  1840//1840 1841//1841 1842//1842
f  1843//1843 1844//1844 1845//1845
f  1846//1846 1847//1847 1848//1848
f  1849//1849 1850//1850 1851//1851
f  1852//1852 1853//1853 1854//1854
f  1855//1855 1856//1856 1857//1857
f  1858//1858 1859//1859 1860//1860
f  1861//1861 1862//1862 1863//1863
f  1864//1864 1865//1865 1866//1866
f  1867//1867 1868//1868 1869//1869
f  1870//1870 1871//1871 1872//1872
f  1873//1873 1874//1874 1875//1875
f  1876//1876 1877//1877 1878//1878
f  1879//1879 1880//1880 1881//1881
f  1882//1882 1883//1883 1884//1884
f  1885//1885 1886//1886 1887//1887
f  1888//1888 1889//1889 1890//1890
f  1891//1891 1892//1892 1893//1893
f  1894//1894 1895//1895 1896//1896
f  1897//1897 1898//1898 1899//1899
f  1900//1900 1901//1901 1902//1902
f  1903//1903 1904//1904 1905//1905
f  1906//1906 1907//1907 1908//1908

# Mesh 'group_0' with 38 faces
g group_0
usemtl ID13
f  1909//1909 1910//1910 1911//1911
f  1912//1912 1913//1913 1914//1914
f  1915//1915 1916//1916 1917//1917
f  1918//1918 1919//1919 1920//1920
f  1921//1921 1922//1922 1923//1923
f  1924//1924 1925//1925 1926//1926
f  1927//1927 1928//1928 1929//1929
f  1930//1930 1931//1931 1932//1932
f  1933//1933 1934//1934 1935//1935
f  1936//1936 1937//1937 1938//1938
f  1939//1939 1940//1940 1941//1941
f  1942//1942 1943//1943 1944//1944
f  1945//1945 1946//1946 1947//1947
f  1948//1948 1949//1949 1950//1950
f  1951//1951 1952//1952 1953//1953
f  1954//1954 1955//1955 1956//1956
f  1957//1957 1958//1958 1959//1959
f  1960//1960 1961//1961 1962//1962
f  1963//1963 1964//1964 1965//1965
f  1966//1966 1967//1967 1968//1968
f  1969//1969 1970//1970 1971//1971
f  1972//1972 1973//1973 1974//1974
f  1975//1975 1976//1976 1977//1977
f  1978//1978 1979//1979 1980//1980
f  1981//1981 1982//1982 1983//1983
f  1984//1984 1985//1985 1986//1986
f  1987//1987 1988//1988 1989//1989
f  1990//1990 1991//1991 1992//1992
f  1993//1993 1994//1994 1995//1995
f  1996//1996 1997//1997 1998//1998
f  1999//1999 2000//2000 2001//2001
f  2002//2002 2003//2003 2004//2004
f  2005//2005 2006//2006 2007//2007
f  2008//2008 2009//2009 2010//2010
f  2011//2011 2012//2012 2013//2013
f  2014//2014 2015//2015 2016//2016
f  2017//2017 2018//2018 2019//2019
f  2020//2020 2021//2021 2022//2022

# Mesh 'group_0' with 32 faces
g group_0
usemtl ID14
l  2023 2024
l  2025 2026
l  2027 2028
l  2029 2030
l  2031 2032
l  2033 2034
l  2035 2036
l  2037 2038
l  2039 2040
l  2041 2042
l  2043 2044
l  2045 2046
l  2047 2048
l  2049 2050
l  2051 2052
l  2053 2054
l  2055 2056
l  2057 2058
l  2059 2060
l  2061 2062
l  2063 2064
l  2065 2066
l  2067 2068
l  2069 2070
l  2071 2072
l  2073 2074
l  2075 2076
l  2077 2078
l  2079 2080
l  2081 2082
l  2083 2084
l  2085 2086

# Mesh 'group_0' with 52 faces
g group_0
usemtl ID7
f  2087//2087 2088//2088 2089//2089
f  2090//2090 2091//2091 2092//2092
f  2093//2093 2094//2094 2095//2095
f  2096//2096 2097//2097 2098//2098
f  2099//2099 2100//2100 2101//2101
f  2102//2102 2103//2103 2104//2104
f  2105//2105 2106//2106 2107//2107
f  2108//2108 2109//2109 2110//2110
f  2111//2111 2112//2112 2113//2113
f  2114//2114 2115//2115 2116//2116
f  2117//2117 2118//2118 2119//2119
f  2120//2120 2121//2121 2122//2122
f  2123//2123 2124//2124 2125//2125
f  2126//2126 2127//2127 2128//2128
f  2129//2129 2130//2130 2131//2131
f  2132//2132 2133//2133 2134//2134
f  2135//2135 2136//2136 2137//2137
f  2138//2138 2139//2139 2140//2140
f  2141//2141 2142//2142 2143//2143
f  2144//2144 2145//2145 2146//2146
f  2147//2147 2148//2148 2149//2149
f  2150//2150 2151//2151 2152//2152
f  2153//2153 2154//2154 2155//2155
f  2156//2156 2157//2157 2158//2158
f  2159//2159 2160//2160 2161//2161
f  2162//2162 2163//2163 2164//2164
f  2165//2165 2166//2166 2167//2167
f  2168//2168 2169//2169 2170//2170
f  2171//2171 2172//2172 2173//2173
f  2174//2174 2175//2175 2176//2176
f  2177//2177 2178//2178 2179//2179
f  2180//2180 2181//2181 2182//2182
f  2183//2183 2184//2184 2185//2185
f  2186//2186 2187//2187 2188//2188
f  2189//2189 2190//2190 2191//2191
f  2192//2192 2193//2193 2194//2194
f  2195//2195 2196//2196 2197//2197
f  2198//2198 2199//2199 2200//2200
f  2201//2201 2202//2202 2203//2203
f  2204//2204 2205//2205 2206//2206
f  2207//2207 2208//2208 2209//2209
f  2210//2210 2211//2211 2212//2212
f  2213//2213 2214//2214 2215//2215
f  2216//2216 2217//2217 2218//2218
f  2219//2219 2220//2220 2221//2221
f  2222//2222 2223//2223 2224//2224
f  2225//2225 2226//2226 2227//2227
f  2228//2228 2229//2229 2230//2230
f  2231//2231 2232//2232 2233//2233
f  2234//2234 2235//2235 2236//2236
f  2237//2237 2238//2238 2239//2239
f  2240//2240 2241//2241 2242//2242

# Mesh 'group_0' with 52 faces
g group_0
usemtl ID13
f  2243//2243 2244//2244 2245//2245
f  2246//2246 2247//2247 2248//2248
f  2249//2249 2250//2250 2251//2251
f  2252//2252 2253//2253 2254//2254
f  2255//2255 2256//2256 2257//2257
f  2258//2258 2259//2259 2260//2260
f  2261//2261 2262//2262 2263//2263
f  2264//2264 2265//2265 2266//2266
f  2267//2267 2268//2268 2269//2269
f  2270//2270 2271//2271 2272//2272
f  2273//2273 2274//2274 2275//2275
f  2276//2276 2277//2277 2278//2278
f  2279//2279 2280//2280 2281//2281
f  2282//2282 2283//2283 2284//2284
f  2285//2285 2286//2286 2287//2287
f  2288//2288 2289//2289 2290//2290
f  2291//2291 2292//2292 2293//2293
f  2294//2294 2295//2295 2296//2296
f  2297//2297 2298//2298 2299//2299
f  2300//2300 2301//2301 2302//2302
f  2303//2303 2304//2304 2305//2305
f  2306//2306 2307//2307 2308//2308
f  2309//2309 2310//2310 2311//2311
f  2312//2312 2313//2313 2314//2314
f  2315//2315 2316//2316 2317//2317
f  2318//2318 2319//2319 2320//2320
f  2321//2321 2322//2322 2323//2323
f  2324//2324 2325//2325 2326//2326
f  2327//2327 2328//2328 2329//2329
f  2330//2330 2331//2331 2332//2332
f  2333//2333 2334//2334 2335//2335
f  2336//2336 2337//2337 2338//2338
f  2339//2339 2340//2340 2341//2341
f  2342//2342 2343//2343 2344//2344
f  2345//2345 2346//2346 2347//2347
f  2348//2348 2349//2349 2350//2350
f  2351//2351 2352//2352 2353//2353
f  2354//2354 2355//2355 2356//2356
f  2357//2357 2358//2358 2359//2359
f  2360//2360 2361//2361 2362//2362
f  2363//2363 2364//2364 2365//2365
f  2366//2366 2367//2367 2368//2368
f  2369//2369 2370//2370 2371//2371
f  2372//2372 2373//2373 2374//2374
f  2375//2375 2376//2376 2377//2377
f  2378//2378 2379//2379 2380//2380
f  2381//2381 2382//2382 2383//2383
f  2384//2384 2385//2385 2386//2386
f  2387//2387 2388//2388 2389//2389
f  2390//2390 2391//2391 2392//2392
f  2393//2393 2394//2394 2395//2395
f  2396//2396 2397//2397 2398//2398

# Mesh 'group_0' with 45 faces
g group_0
usemtl ID14
l  2399 2400
l  2401 2402
l  2403 2404
l  2405 2406
l  2407 2408
l  2409 2410
l  2411 2412
l  2413 2414
l  2415 2416
l  2417 2418
l  2419 2420
l  2421 2422
l  2423 2424
l  2425 2426
l  2427 2428
l  2429 2430
l  2431 2432
l  2433 2434
l  2435 2436
l  2437 2438
l  2439 2440
l  2441 2442
l  2443 2444
l  2445 2446
l  2447 2448
l  2449 2450
l  2451 2452
l  2453 2454
l  2455 2456
l  2457 2458
l  2459 2460
l  2461 2462
l  2463 2464
l  2465 2466
l  2467 2468
l  2469 2470
l  2471 2472
l  2473 2474
l  2475 2476
l  2477 2478
l  2479 2480
l  2481 2482
l  2483 2484
l  2485 2486
l  2487 2488

# Mesh 'group_0' with 16 faces
g group_0
usemtl ID7
f  2489//2489 2490//2490 2491//2491
f  2492//2492 2493//2493 2494//2494
f  2495//2495 2496//2496 2497//2497
f  2498//2498 2499//2499 2500//2500
f  2501//2501 2502//2502 2503//2503
f  2504//2504 2505//2505 2506//2506
f  2507//2507 2508//2508 2509//2509
f  2510//2510 2511//2511 2512//2512
f  2513//2513 2514//2514 2515//2515
f  2516//2516 2517//2517 2518//2518
f  2519//2519 2520//2520 2521//2521
f  2522//2522 2523//2523 2524//2524
f  2525//2525 2526//2526 2527//2527
f  2528//2528 2529//2529 2530//2530
f  2531//2531 2532//2532 2533//2533
f  2534//2534 2535//2535 2536//2536

# Mesh 'group_0' with 16 faces
g group_0
usemtl ID13
f  2537//2537 2538//2538 2539//2539
f  2540//2540 2541//2541 2542//2542
f  2543//2543 2544//2544 2545//2545
f  2546//2546 2547//2547 2548//2548
f  2549//2549 2550//2550 2551//2551
f  2552//2552 2553//2553 2554//2554
f  2555//2555 2556//2556 2557//2557
f  2558//2558 2559//2559 2560//2560
f  2561//2561 2562//2562 2563//2563
f  2564//2564 2565//2565 2566//2566
f  2567//2567 2568//2568 2569//2569
f  2570//2570 2571//2571 2572//2572
f  2573//2573 2574//2574 2575//2575
f  2576//2576 2577//2577 2578//2578
f  2579//2579 2580//2580 2581//2581
f  2582//2582 2583//2583 2584//2584

# Mesh 'group_0' with 19 faces
g group_0
usemtl ID14
l  2585 2586
l  2587 2588
l  2589 2590
l  2591 2592
l  2593 2594
l  2595 2596
l  2597 2598
l  2599 2600
l  2601 2602
l  2603 2604
l  2605 2606
l  2607 2608
l  2609 2610
l  2611 2612
l  2613 2614
l  2615 2616
l  2617 2618
l  2619 2620
l  2621 2622

# Mesh 'group_0' with 1 faces
g group_0
usemtl ID14
l  2623 2624

# Mesh 'group_0' with 1 faces
g group_0
usemtl ID14
l  2625 2626

# Mesh 'group_0' with 1 faces
g group_0
usemtl ID14
l  2627 2628

# Mesh 'group_2' with 12 faces
g group_2
usemtl ID7
f  2629//2623 2630//2624 2631//2625
f  2632//2626 2633//2627 2634//2628
f  2635//2629 2636//2630 2637//2631
f  2638//2632 2639//2633 2640//2634
f  2641//2635 2642//2636 2643//2637
f  2644//2638 2645//2639 2646//2640
f  2647//2641 2648//2642 2649//2643
f  2650//2644 2651//2645 2652//2646
f  2653//2647 2654//2648 2655//2649
f  2656//2650 2657//2651 2658//2652
f  2659//2653 2660//2654 2661//2655
f  2662//2656 2663//2657 2664//2658

# Mesh 'group_2' with 12 faces
g group_2
usemtl ID13
f  2665//2659 2666//2660 2667//2661
f  2668//2662 2669//2663 2670//2664
f  2671//2665 2672//2666 2673//2667
f  2674//2668 2675//2669 2676//2670
f  2677//2671 2678//2672 2679//2673
f  2680//2674 2681//2675 2682//2676
f  2683//2677 2684//2678 2685//2679
f  2686//2680 2687//2681 2688//2682
f  2689//2683 2690//2684 2691//2685
f  2692//2686 2693//2687 2694//2688
f  2695//2689 2696//2690 2697//2691
f  2698//2692 2699//2693 2700//2694

# Mesh 'group_2' with 18 faces
g group_2
usemtl ID14
l  2701 2702
l  2703 2704
l  2705 2706
l  2707 2708
l  2709 2710
l  2711 2712
l  2713 2714
l  2715 2716
l  2717 2718
l  2719 2720
l  2721 2722
l  2723 2724
l  2725 2726
l  2727 2728
l  2729 2730
l  2731 2732
l  2733 2734
l  2735 2736

# Mesh 'group_2' with 24 faces
g group_2
usemtl ID7
f  2737//2731 2738//2732 2739//2733
f  2740//2734 2741//2735 2742//2736
f  2743//2737 2744//2738 2745//2739
f  2746//2740 2747//2741 2748//2742
f  2749//2743 2750//2744 2751//2745
f  2752//2746 2753//2747 2754//2748
f  2755//2749 2756//2750 2757//2751
f  2758//2752 2759//2753 2760//2754
f  2761//2755 2762//2756 2763//2757
f  2764//2758 2765//2759 2766//2760
f  2767//2761 2768//2762 2769//2763
f  2770//2764 2771//2765 2772//2766
f  2773//2767 2774//2768 2775//2769
f  2776//2770 2777//2771 2778//2772
f  2779//2773 2780//2774 2781//2775
f  2782//2776 2783//2777 2784//2778
f  2785//2779 2786//2780 2787//2781
f  2788//2782 2789//2783 2790//2784
f  2791//2785 2792//2786 2793//2787
f  2794//2788 2795//2789 2796//2790
f  2797//2791 2798//2792 2799//2793
f  2800//2794 2801//2795 2802//2796
f  2803//2797 2804//2798 2805//2799
f  2806//2800 2807//2801 2808//2802

# Mesh 'group_2' with 24 faces
g group_2
usemtl ID13
f  2809//2803 2810//2804 2811//2805
f  2812//2806 2813//2807 2814//2808
f  2815//2809 2816//2810 2817//2811
f  2818//2812 2819//2813 2820//2814
f  2821//2815 2822//2816 2823//2817
f  2824//2818 2825//2819 2826//2820
f  2827//2821 2828//2822 2829//2823
f  2830//2824 2831//2825 2832//2826
f  2833//2827 2834//2828 2835//2829
f  2836//2830 2837//2831 2838//2832
f  2839//2833 2840//2834 2841//2835
f  2842//2836 2843//2837 2844//2838
f  2845//2839 2846//2840 2847//2841
f  2848//2842 2849//2843 2850//2844
f  2851//2845 2852//2846 2853//2847
f  2854//2848 2855//2849 2856//2850
f  2857//2851 2858//2852 2859//2853
f  2860//2854 2861//2855 2862//2856
f  2863//2857 2864//2858 2865//2859
f  2866//2860 2867//2861 2868//2862
f  2869//2863 2870//2864 2871//2865
f  2872//2866 2873//2867 2874//2868
f  2875//2869 2876//2870 2877//2871
f  2878//2872 2879//2873 2880//2874

# Mesh 'group_2' with 24 faces
g group_2
usemtl ID14
l  2881 2882
l  2883 2884
l  2885 2886
l  2887 2888
l  2889 2890
l  2891 2892
l  2893 2894
l  2895 2896
l  2897 2898
l  2899 2900
l  2901 2902
l  2903 2904
l  2905 2906
l  2907 2908
l  2909 2910
l  2911 2912
l  2913 2914
l  2915 2916
l  2917 2918
l  2919 2920
l  2921 2922
l  2923 2924
l  2925 2926
l  2927 2928

# Mesh 'group_2' with 16 faces
g group_2
usemtl ID7
f  2929//2923 2930//2924 2931//2925
f  2932//2926 2933//2927 2934//2928
f  2935//2929 2936//2930 2937//2931
f  2938//2932 2939//2933 2940//2934
f  2941//2935 2942//2936 2943//2937
f  2944//2938 2945//2939 2946//2940
f  2947//2941 2948//2942 2949//2943
f  2950//2944 2951//2945 2952//2946
f  2953//2947 2954//2948 2955//2949
f  2956//2950 2957//2951 2958//2952
f  2959//2953 2960//2954 2961//2955
f  2962//2956 2963//2957 2964//2958
f  2965//2959 2966//2960 2967//2961
f  2968//2962 2969//2963 2970//2964
f  2971//2965 2972//2966 2973//2967
f  2974//2968 2975//2969 2976//2970

# Mesh 'group_2' with 16 faces
g group_2
usemtl ID13
f  2977//2971 2978//2972 2979//2973
f  2980//2974 2981//2975 2982//2976
f  2983//2977 2984//2978 2985//2979
f  2986//2980 2987//2981 2988//2982
f  2989//2983 2990//2984 2991//2985
f  2992//2986 2993//2987 2994//2988
f  2995//2989 2996//2990 2997//2991
f  2998//2992 2999//2993 3000//2994
f  3001//2995 3002//2996 3003//2997
f  3004//2998 3005//2999 3006//3000
f  3007//3001 3008//3002 3009//3003
f  3010//3004 3011//3005 3012//3006
f  3013//3007 3014//3008 3015//3009
f  3016//3010 3017//3011 3018//3012
f  3019//3013 3020//3014 3021//3015
f  3022//3016 3023//3017 3024//3018

# Mesh 'group_2' with 18 faces
g group_2
usemtl ID14
l  3025 3026
l  3027 3028
l  3029 3030
l  3031 3032
l  3033 3034
l  3035 3036
l  3037 3038
l  3039 3040
l  3041 3042
l  3043 3044
l  3045 3046
l  3047 3048
l  3049 3050
l  3051 3052
l  3053 3054
l  3055 3056
l  3057 3058
l  3059 3060

# Mesh 'group_2' with 36 faces
g group_2
usemtl ID7
f  3061//3055 3062//3056 3063//3057
f  3064//3058 3065//3059 3066//3060
f  3067//3061 3068//3062 3069//3063
f  3070//3064 3071//3065 3072//3066
f  3073//3067 3074//3068 3075//3069
f  3076//3070 3077//3071 3078//3072
f  3079//3073 3080//3074 3081//3075
f  3082//3076 3083//3077 3084//3078
f  3085//3079 3086//3080 3087//3081
f  3088//3082 3089//3083 3090//3084
f  3091//3085 3092//3086 3093//3087
f  3094//3088 3095//3089 3096//3090
f  3097//3091 3098//3092 3099//3093
f  3100//3094 3101//3095 3102//3096
f  3103//3097 3104//3098 3105//3099
f  3106//3100 3107//3101 3108//3102
f  3109//3103 3110//3104 3111//3105
f  3112//3106 3113//3107 3114//3108
f  3115//3109 3116//3110 3117//3111
f  3118//3112 3119//3113 3120//3114
f  3121//3115 3122//3116 3123//3117
f  3124//3118 3125//3119 3126//3120
f  3127//3121 3128//3122 3129//3123
f  3130//3124 3131//3125 3132//3126
f  3133//3127 3134//3128 3135//3129
f  3136//3130 3137//3131 3138//3132
f  3139//3133 3140//3134 3141//3135
f  3142//3136 3143//3137 3144//3138
f  3145//3139 3146//3140 3147//3141
f  3148//3142 3149//3143 3150//3144
f  3151//3145 3152//3146 3153//3147
f  3154//3148 3155//3149 3156//3150
f  3157//3151 3158//3152 3159//3153
f  3160//3154 3161//3155 3162//3156
f  3163//3157 3164//3158 3165//3159
f  3166//3160 3167//3161 3168//3162

# Mesh 'group_2' with 36 faces
g group_2
usemtl ID13
f  3169//3163 3170//3164 3171//3165
f  3172//3166 3173//3167 3174//3168
f  3175//3169 3176//3170 3177//3171
f  3178//3172 3179//3173 3180//3174
f  3181//3175 3182//3176 3183//3177
f  3184//3178 3185//3179 3186//3180
f  3187//3181 3188//3182 3189//3183
f  3190//3184 3191//3185 3192//3186
f  3193//3187 3194//3188 3195//3189
f  3196//3190 3197//3191 3198//3192
f  3199//3193 3200//3194 3201//3195
f  3202//3196 3203//3197 3204//3198
f  3205//3199 3206//3200 3207//3201
f  3208//3202 3209//3203 3210//3204
f  3211//3205 3212//3206 3213//3207
f  3214//3208 3215//3209 3216//3210
f  3217//3211 3218//3212 3219//3213
f  3220//3214 3221//3215 3222//3216
f  3223//3217 3224//3218 3225//3219
f  3226//3220 3227//3221 3228//3222
f  3229//3223 3230//3224 3231//3225
f  3232//3226 3233//3227 3234//3228
f  3235//3229 3236//3230 3237//3231
f  3238//3232 3239//3233 3240//3234
f  3241//3235 3242//3236 3243//3237
f  3244//3238 3245//3239 3246//3240
f  3247//3241 3248//3242 3249//3243
f  3250//3244 3251//3245 3252//3246
f  3253//3247 3254//3248 3255//3249
f  3256//3250 3257//3251 3258//3252
f  3259//3253 3260//3254 3261//3255
f  3262//3256 3263//3257 3264//3258
f  3265//3259 3266//3260 3267//3261
f  3268//3262 3269//3263 3270//3264
f  3271//3265 3272//3266 3273//3267
f  3274//3268 3275//3269 3276//3270

# Mesh 'group_2' with 30 faces
g group_2
usemtl ID14
l  3277 3278
l  3279 3280
l  3281 3282
l  3283 3284
l  3285 3286
l  3287 3288
l  3289 3290
l  3291 3292
l  3293 3294
l  3295 3296
l  3297 3298
l  3299 3300
l  3301 3302
l  3303 3304
l  3305 3306
l  3307 3308
l  3309 3310
l  3311 3312
l  3313 3314
l  3315 3316
l  3317 3318
l  3319 3320
l  3321 3322
l  3323 3324
l  3325 3326
l  3327 3328
l  3329 3330
l  3331 3332
l  3333 3334
l  3335 3336

# Mesh 'group_2' with 156 faces
g group_2
usemtl ID7
f  3337//3331 3338//3332 3339//3333
f  3340//3334 3341//3335 3342//3336
f  3343//3337 3344//3338 3345//3339
f  3346//3340 3347//3341 3348//3342
f  3349//3343 3350//3344 3351//3345
f  3352//3346 3353//3347 3354//3348
f  3355//3349 3356//3350 3357//3351
f  3358//3352 3359//3353 3360//3354
f  3361//3355 3362//3356 3363//3357
f  3364//3358 3365//3359 3366//3360
f  3367//3361 3368//3362 3369//3363
f  3370//3364 3371//3365 3372//3366
f  3373//3367 3374//3368 3375//3369
f  3376//3370 3377//3371 3378//3372
f  3379//3373 3380//3374 3381//3375
f  3382//3376 3383//3377 3384//3378
f  3385//3379 3386//3380 3387//3381
f  3388//3382 3389//3383 3390//3384
f  3391//3385 3392//3386 3393//3387
f  3394//3388 3395//3389 3396//3390
f  3397//3391 3398//3392 3399//3393
f  3400//3394 3401//3395 3402//3396
f  3403//3397 3404//3398 3405//3399
f  3406//3400 3407//3401 3408//3402
f  3409//3403 3410//3404 3411//3405
f  3412//3406 3413//3407 3414//3408
f  3415//3409 3416//3410 3417//3411
f  3418//3412 3419//3413 3420//3414
f  3421//3415 3422//3416 3423//3417
f  3424//3418 3425//3419 3426//3420
f  3427//3421 3428//3422 3429//3423
f  3430//3424 3431//3425 3432//3426
f  3433//3427 3434//3428 3435//3429
f  3436//3430 3437//3431 3438//3432
f  3439//3433 3440//3434 3441//3435
f  3442//3436 3443//3437 3444//3438
f  3445//3439 3446//3440 3447//3441
f  3448//3442 3449//3443 3450//3444
f  3451//3445 3452//3446 3453//3447
f  3454//3448 3455//3449 3456//3450
f  3457//3451 3458//3452 3459//3453
f  3460//3454 3461//3455 3462//3456
f  3463//3457 3464//3458 3465//3459
f  3466//3460 3467//3461 3468//3462
f  3469//3463 3470//3464 3471//3465
f  3472//3466 3473//3467 3474//3468
f  3475//3469 3476//3470 3477//3471
f  3478//3472 3479//3473 3480//3474
f  3481//3475 3482//3476 3483//3477
f  3484//3478 3485//3479 3486//3480
f  3487//3481 3488//3482 3489//3483
f  3490//3484 3491//3485 3492//3486
f  3493//3487 3494//3488 3495//3489
f  3496//3490 3497//3491 3498//3492
f  3499//3493 3500//3494 3501//3495
f  3502//3496 3503//3497 3504//3498
f  3505//3499 3506//3500 3507//3501
f  3508//3502 3509//3503 3510//3504
f  3511//3505 3512//3506 3513//3507
f  3514//3508 3515//3509 3516//3510
f  3517//3511 3518//3512 3519//3513
f  3520//3514 3521//3515 3522//3516
f  3523//3517 3524//3518 3525//3519
f  3526//3520 3527//3521 3528//3522
f  3529//3523 3530//3524 3531//3525
f  3532//3526 3533//3527 3534//3528
f  3535//3529 3536//3530 3537//3531
f  3538//3532 3539//3533 3540//3534
f  3541//3535 3542//3536 3543//3537
f  3544//3538 3545//3539 3546//3540
f  3547//3541 3548//3542 3549//3543
f  3550//3544 3551//3545 3552//3546
f  3553//3547 3554//3548 3555//3549
f  3556//3550 3557//3551 3558//3552
f  3559//3553 3560//3554 3561//3555
f  3562//3556 3563//3557 3564//3558
f  3565//3559 3566//3560 3567//3561
f  3568//3562 3569//3563 3570//3564
f  3571//3565 3572//3566 3573//3567
f  3574//3568 3575//3569 3576//3570
f  3577//3571 3578//3572 3579//3573
f  3580//3574 3581//3575 3582//3576
f  3583//3577 3584//3578 3585//3579
f  3586//3580 3587//3581 3588//3582
f  3589//3583 3590//3584 3591//3585
f  3592//3586 3593//3587 3594//3588
f  3595//3589 3596//3590 3597//3591
f  3598//3592 3599//3593 3600//3594
f  3601//3595 3602//3596 3603//3597
f  3604//3598 3605//3599 3606//3600
f  3607//3601 3608//3602 3609//3603
f  3610//3604 3611//3605 3612//3606
f  3613//3607 3614//3608 3615//3609
f  3616//3610 3617//3611 3618//3612
f  3619//3613 3620//3614 3621//3615
f  3622//3616 3623//3617 3624//3618
f  3625//3619 3626//3620 3627//3621
f  3628//3622 3629//3623 3630//3624
f  3631//3625 3632//3626 3633//3627
f  3634//3628 3635//3629 3636//3630
f  3637//3631 3638//3632 3639//3633
f  3640//3634 3641//3635 3642//3636
f  3643//3637 3644//3638 3645//3639
f  3646//3640 3647//3641 3648//3642
f  3649//3643 3650//3644 3651//3645
f  3652//3646 3653//3647 3654//3648
f  3655//3649 3656//3650 3657//3651
f  3658//3652 3659//3653 3660//3654
f  3661//3655 3662//3656 3663//3657
f  3664//3658 3665//3659 3666//3660
f  3667//3661 3668//3662 3669//3663
f  3670//3664 3671//3665 3672//3666
f  3673//3667 3674//3668 3675//3669
f  3676//3670 3677//3671 3678//3672
f  3679//3673 3680//3674 3681//3675
f  3682//3676 3683//3677 3684//3678
f  3685//3679 3686//3680 3687//3681
f  3688//3682 3689//3683 3690//3684
f  3691//3685 3692//3686 3693//3687
f  3694//3688 3695//3689 3696//3690
f  3697//3691 3698//3692 3699//3693
f  3700//3694 3701//3695 3702//3696
f  3703//3697 3704//3698 3705//3699
f  3706//3700 3707//3701 3708//3702
f  3709//3703 3710//3704 3711//3705
f  3712//3706 3713//3707 3714//3708
f  3715//3709 3716//3710 3717//3711
f  3718//3712 3719//3713 3720//3714
f  3721//3715 3722//3716 3723//3717
f  3724//3718 3725//3719 3726//3720
f  3727//3721 3728//3722 3729//3723
f  3730//3724 3731//3725 3732//3726
f  3733//3727 3734//3728 3735//3729
f  3736//3730 3737//3731 3738//3732
f  3739//3733 3740//3734 3741//3735
f  3742//3736 3743//3737 3744//3738
f  3745//3739 3746//3740 3747//3741
f  3748//3742 3749//3743 3750//3744
f  3751//3745 3752//3746 3753//3747
f  3754//3748 3755//3749 3756//3750
f  3757//3751 3758//3752 3759//3753
f  3760//3754 3761//3755 3762//3756
f  3763//3757 3764//3758 3765//3759
f  3766//3760 3767//3761 3768//3762
f  3769//3763 3770//3764 3771//3765
f  3772//3766 3773//3767 3774//3768
f  3775//3769 3776//3770 3777//3771
f  3778//3772 3779//3773 3780//3774
f  3781//3775 3782//3776 3783//3777
f  3784//3778 3785//3779 3786//3780
f  3787//3781 3788//3782 3789//3783
f  3790//3784 3791//3785 3792//3786
f  3793//3787 3794//3788 3795//3789
f  3796//3790 3797//3791 3798//3792
f  3799//3793 3800//3794 3801//3795
f  3802//3796 3803//3797 3804//3798

# Mesh 'group_2' with 156 faces
g group_2
usemtl ID13
f  3805//3799 3806//3800 3807//3801
f  3808//3802 3809//3803 3810//3804
f  3811//3805 3812//3806 3813//3807
f  3814//3808 3815//3809 3816//3810
f  3817//3811 3818//3812 3819//3813
f  3820//3814 3821//3815 3822//3816
f  3823//3817 3824//3818 3825//3819
f  3826//3820 3827//3821 3828//3822
f  3829//3823 3830//3824 3831//3825
f  3832//3826 3833//3827 3834//3828
f  3835//3829 3836//3830 3837//3831
f  3838//3832 3839//3833 3840//3834
f  3841//3835 3842//3836 3843//3837
f  3844//3838 3845//3839 3846//3840
f  3847//3841 3848//3842 3849//3843
f  3850//3844 3851//3845 3852//3846
f  3853//3847 3854//3848 3855//3849
f  3856//3850 3857//3851 3858//3852
f  3859//3853 3860//3854 3861//3855
f  3862//3856 3863//3857 3864//3858
f  3865//3859 3866//3860 3867//3861
f  3868//3862 3869//3863 3870//3864
f  3871//3865 3872//3866 3873//3867
f  3874//3868 3875//3869 3876//3870
f  3877//3871 3878//3872 3879//3873
f  3880//3874 3881//3875 3882//3876
f  3883//3877 3884//3878 3885//3879
f  3886//3880 3887//3881 3888//3882
f  3889//3883 3890//3884 3891//3885
f  3892//3886 3893//3887 3894//3888
f  3895//3889 3896//3890 3897//3891
f  3898//3892 3899//3893 3900//3894
f  3901//3895 3902//3896 3903//3897
f  3904//3898 3905//3899 3906//3900
f  3907//3901 3908//3902 3909//3903
f  3910//3904 3911//3905 3912//3906
f  3913//3907 3914//3908 3915//3909
f  3916//3910 3917//3911 3918//3912
f  3919//3913 3920//3914 3921//3915
f  3922//3916 3923//3917 3924//3918
f  3925//3919 3926//3920 3927//3921
f  3928//3922 3929//3923 3930//3924
f  3931//3925 3932//3926 3933//3927
f  3934//3928 3935//3929 3936//3930
f  3937//3931 3938//3932 3939//3933
f  3940//3934 3941//3935 3942//3936
f  3943//3937 3944//3938 3945//3939
f  3946//3940 3947//3941 3948//3942
f  3949//3943 3950//3944 3951//3945
f  3952//3946 3953//3947 3954//3948
f  3955//3949 3956//3950 3957//3951
f  3958//3952 3959//3953 3960//3954
f  3961//3955 3962//3956 3963//3957
f  3964//3958 3965//3959 3966//3960
f  3967//3961 3968//3962 3969//3963
f  3970//3964 3971//3965 3972//3966
f  3973//3967 3974//3968 3975//3969
f  3976//3970 3977//3971 3978//3972
f  3979//3973 3980//3974 3981//3975
f  3982//3976 3983//3977 3984//3978
f  3985//3979 3986//3980 3987//3981
f  3988//3982 3989//3983 3990//3984
f  3991//3985 3992//3986 3993//3987
f  3994//3988 3995//3989 3996//3990
f  3997//3991 3998//3992 3999//3993
f  4000//3994 4001//3995 4002//3996
f  4003//3997 4004//3998 4005//3999
f  4006//4000 4007//4001 4008//4002
f  4009//4003 4010//4004 4011//4005
f  4012//4006 4013//4007 4014//4008
f  4015//4009 4016//4010 4017//4011
f  4018//4012 4019//4013 4020//4014
f  4021//4015 4022//4016 4023//4017
f  4024//4018 4025//4019 4026//4020
f  4027//4021 4028//4022 4029//4023
f  4030//4024 4031//4025 4032//4026
f  4033//4027 4034//4028 4035//4029
f  4036//4030 4037//4031 4038//4032
f  4039//4033 4040//4034 4041//4035
f  4042//4036 4043//4037 4044//4038
f  4045//4039 4046//4040 4047//4041
f  4048//4042 4049//4043 4050//4044
f  4051//4045 4052//4046 4053//4047
f  4054//4048 4055//4049 4056//4050
f  4057//4051 4058//4052 4059//4053
f  4060//4054 4061//4055 4062//4056
f  4063//4057 4064//4058 4065//4059
f  4066//4060 4067//4061 4068//4062
f  4069//4063 4070//4064 4071//4065
f  4072//4066 4073//4067 4074//4068
f  4075//4069 4076//4070 4077//4071
f  4078//4072 4079//4073 4080//4074
f  4081//4075 4082//4076 4083//4077
f  4084//4078 4085//4079 4086//4080
f  4087//4081 4088//4082 4089//4083
f  4090//4084 4091//4085 4092//4086
f  4093//4087 4094//4088 4095//4089
f  4096//4090 4097//4091 4098//4092
f  4099//4093 4100//4094 4101//4095
f  4102//4096 4103//4097 4104//4098
f  4105//4099 4106//4100 4107//4101
f  4108//4102 4109//4103 4110//4104
f  4111//4105 4112//4106 4113//4107
f  4114//4108 4115//4109 4116//4110
f  4117//4111 4118//4112 4119//4113
f  4120//4114 4121//4115 4122//4116
f  4123//4117 4124//4118 4125//4119
f  4126//4120 4127//4121 4128//4122
f  4129//4123 4130//4124 4131//4125
f  4132//4126 4133//4127 4134//4128
f  4135//4129 4136//4130 4137//4131
f  4138//4132 4139//4133 4140//4134
f  4141//4135 4142//4136 4143//4137
f  4144//4138 4145//4139 4146//4140
f  4147//4141 4148//4142 4149//4143
f  4150//4144 4151//4145 4152//4146
f  4153//4147 4154//4148 4155//4149
f  4156//4150 4157//4151 4158//4152
f  4159//4153 4160//4154 4161//4155
f  4162//4156 4163//4157 4164//4158
f  4165//4159 4166//4160 4167//4161
f  4168//4162 4169//4163 4170//4164
f  4171//4165 4172//4166 4173//4167
f  4174//4168 4175//4169 4176//4170
f  4177//4171 4178//4172 4179//4173
f  4180//4174 4181//4175 4182//4176
f  4183//4177 4184//4178 4185//4179
f  4186//4180 4187//4181 4188//4182
f  4189//4183 4190//4184 4191//4185
f  4192//4186 4193//4187 4194//4188
f  4195//4189 4196//4190 4197//4191
f  4198//4192 4199//4193 4200//4194
f  4201//4195 4202//4196 4203//4197
f  4204//4198 4205//4199 4206//4200
f  4207//4201 4208//4202 4209//4203
f  4210//4204 4211//4205 4212//4206
f  4213//4207 4214//4208 4215//4209
f  4216//4210 4217//4211 4218//4212
f  4219//4213 4220//4214 4221//4215
f  4222//4216 4223//4217 4224//4218
f  4225//4219 4226//4220 4227//4221
f  4228//4222 4229//4223 4230//4224
f  4231//4225 4232//4226 4233//4227
f  4234//4228 4235//4229 4236//4230
f  4237//4231 4238//4232 4239//4233
f  4240//4234 4241//4235 4242//4236
f  4243//4237 4244//4238 4245//4239
f  4246//4240 4247//4241 4248//4242
f  4249//4243 4250//4244 4251//4245
f  4252//4246 4253//4247 4254//4248
f  4255//4249 4256//4250 4257//4251
f  4258//4252 4259//4253 4260//4254
f  4261//4255 4262//4256 4263//4257
f  4264//4258 4265//4259 4266//4260
f  4267//4261 4268//4262 4269//4263
f  4270//4264 4271//4265 4272//4266

# Mesh 'group_2' with 130 faces
g group_2
usemtl ID14
l  4273 4274
l  4275 4276
l  4277 4278
l  4279 4280
l  4281 4282
l  4283 4284
l  4285 4286
l  4287 4288
l  4289 4290
l  4291 4292
l  4293 4294
l  4295 4296
l  4297 4298
l  4299 4300
l  4301 4302
l  4303 4304
l  4305 4306
l  4307 4308
l  4309 4310
l  4311 4312
l  4313 4314
l  4315 4316
l  4317 4318
l  4319 4320
l  4321 4322
l  4323 4324
l  4325 4326
l  4327 4328
l  4329 4330
l  4331 4332
l  4333 4334
l  4335 4336
l  4337 4338
l  4339 4340
l  4341 4342
l  4343 4344
l  4345 4346
l  4347 4348
l  4349 4350
l  4351 4352
l  4353 4354
l  4355 4356
l  4357 4358
l  4359 4360
l  4361 4362
l  4363 4364
l  4365 4366
l  4367 4368
l  4369 4370
l  4371 4372
l  4373 4374
l  4375 4376
l  4377 4378
l  4379 4380
l  4381 4382
l  4383 4384
l  4385 4386
l  4387 4388
l  4389 4390
l  4391 4392
l  4393 4394
l  4395 4396
l  4397 4398
l  4399 4400
l  4401 4402
l  4403 4404
l  4405 4406
l  4407 4408
l  4409 4410
l  4411 4412
l  4413 4414
l  4415 4416
l  4417 4418
l  4419 4420
l  4421 4422
l  4423 4424
l  4425 4426
l  4427 4428
l  4429 4430
l  4431 4432
l  4433 4434
l  4435 4436
l  4437 4438
l  4439 4440
l  4441 4442
l  4443 4444
l  4445 4446
l  4447 4448
l  4449 4450
l  4451 4452
l  4453 4454
l  4455 4456
l  4457 4458
l  4459 4460
l  4461 4462
l  4463 4464
l  4465 4466
l  4467 4468
l  4469 4470
l  4471 4472
l  4473 4474
l  4475 4476
l  4477 4478
l  4479 4480
l  4481 4482
l  4483 4484
l  4485 4486
l  4487 4488
l  4489 4490
l  4491 4492
l  4493 4494
l  4495 4496
l  4497 4498
l  4499 4500
l  4501 4502
l  4503 4504
l  4505 4506
l  4507 4508
l  4509 4510
l  4511 4512
l  4513 4514
l  4515 4516
l  4517 4518
l  4519 4520
l  4521 4522
l  4523 4524
l  4525 4526
l  4527 4528
l  4529 4530
l  4531 4532

# Mesh 'group_2' with 36 faces
g group_2
usemtl ID7
f  4533//4527 4534//4528 4535//4529
f  4536//4530 4537//4531 4538//4532
f  4539//4533 4540//4534 4541//4535
f  4542//4536 4543//4537 4544//4538
f  4545//4539 4546//4540 4547//4541
f  4548//4542 4549//4543 4550//4544
f  4551//4545 4552//4546 4553//4547
f  4554//4548 4555//4549 4556//4550
f  4557//4551 4558//4552 4559//4553
f  4560//4554 4561//4555 4562//4556
f  4563//4557 4564//4558 4565//4559
f  4566//4560 4567//4561 4568//4562
f  4569//4563 4570//4564 4571//4565
f  4572//4566 4573//4567 4574//4568
f  4575//4569 4576//4570 4577//4571
f  4578//4572 4579//4573 4580//4574
f  4581//4575 4582//4576 4583//4577
f  4584//4578 4585//4579 4586//4580
f  4587//4581 4588//4582 4589//4583
f  4590//4584 4591//4585 4592//4586
f  4593//4587 4594//4588 4595//4589
f  4596//4590 4597//4591 4598//4592
f  4599//4593 4600//4594 4601//4595
f  4602//4596 4603//4597 4604//4598
f  4605//4599 4606//4600 4607//4601
f  4608//4602 4609//4603 4610//4604
f  4611//4605 4612//4606 4613//4607
f  4614//4608 4615//4609 4616//4610
f  4617//4611 4618//4612 4619//4613
f  4620//4614 4621//4615 4622//4616
f  4623//4617 4624//4618 4625//4619
f  4626//4620 4627//4621 4628//4622
f  4629//4623 4630//4624 4631//4625
f  4632//4626 4633//4627 4634//4628
f  4635//4629 4636//4630 4637//4631
f  4638//4632 4639//4633 4640//4634

# Mesh 'group_2' with 36 faces
g group_2
usemtl ID13
f  4641//4635 4642//4636 4643//4637
f  4644//4638 4645//4639 4646//4640
f  4647//4641 4648//4642 4649//4643
f  4650//4644 4651//4645 4652//4646
f  4653//4647 4654//4648 4655//4649
f  4656//4650 4657//4651 4658//4652
f  4659//4653 4660//4654 4661//4655
f  4662//4656 4663//4657 4664//4658
f  4665//4659 4666//4660 4667//4661
f  4668//4662 4669//4663 4670//4664
f  4671//4665 4672//4666 4673//4667
f  4674//4668 4675//4669 4676//4670
f  4677//4671 4678//4672 4679//4673
f  4680//4674 4681//4675 4682//4676
f  4683//4677 4684//4678 4685//4679
f  4686//4680 4687//4681 4688//4682
f  4689//4683 4690//4684 4691//4685
f  4692//4686 4693//4687 4694//4688
f  4695//4689 4696//4690 4697//4691
f  4698//4692 4699//4693 4700//4694
f  4701//4695 4702//4696 4703//4697
f  4704//4698 4705//4699 4706//4700
f  4707//4701 4708//4702 4709//4703
f  4710//4704 4711//4705 4712//4706
f  4713//4707 4714//4708 4715//4709
f  4716//4710 4717//4711 4718//4712
f  4719//4713 4720//4714 4721//4715
f  4722//4716 4723//4717 4724//4718
f  4725//4719 4726//4720 4727//4721
f  4728//4722 4729//4723 4730//4724
f  4731//4725 4732//4726 4733//4727
f  4734//4728 4735//4729 4736//4730
f  4737//4731 4738//4732 4739//4733
f  4740//4734 4741//4735 4742//4736
f  4743//4737 4744//4738 4745//4739
f  4746//4740 4747//4741 4748//4742

# Mesh 'group_2' with 30 faces
g group_2
usemtl ID14
l  4749 4750
l  4751 4752
l  4753 4754
l  4755 4756
l  4757 4758
l  4759 4760
l  4761 4762
l  4763 4764
l  4765 4766
l  4767 4768
l  4769 4770
l  4771 4772
l  4773 4774
l  4775 4776
l  4777 4778
l  4779 4780
l  4781 4782
l  4783 4784
l  4785 4786
l  4787 4788
l  4789 4790
l  4791 4792
l  4793 4794
l  4795 4796
l  4797 4798
l  4799 4800
l  4801 4802
l  4803 4804
l  4805 4806
l  4807 4808

# Mesh 'group_3' with 12 faces
g group_3
usemtl ID7
f  4809//4803 4810//4804 4811//4805
f  4812//4806 4813//4807 4814//4808
f  4815//4809 4816//4810 4817//4811
f  4818//4812 4819//4813 4820//4814
f  4821//4815 4822//4816 4823//4817
f  4824//4818 4825//4819 4826//4820
f  4827//4821 4828//4822 4829//4823
f  4830//4824 4831//4825 4832//4826
f  4833//4827 4834//4828 4835//4829
f  4836//4830 4837//4831 4838//4832
f  4839//4833 4840//4834 4841//4835
f  4842//4836 4843//4837 4844//4838

# Mesh 'group_3' with 12 faces
g group_3
usemtl ID13
f  4845//4839 4846//4840 4847//4841
f  4848//4842 4849//4843 4850//4844
f  4851//4845 4852//4846 4853//4847
f  4854//4848 4855//4849 4856//4850
f  4857//4851 4858//4852 4859//4853
f  4860//4854 4861//4855 4862//4856
f  4863//4857 4864//4858 4865//4859
f  4866//4860 4867//4861 4868//4862
f  4869//4863 4870//4864 4871//4865
f  4872//4866 4873//4867 4874//4868
f  4875//4869 4876//4870 4877//4871
f  4878//4872 4879//4873 4880//4874

# Mesh 'group_3' with 18 faces
g group_3
usemtl ID14
l  4881 4882
l  4883 4884
l  4885 4886
l  4887 4888
l  4889 4890
l  4891 4892
l  4893 4894
l  4895 4896
l  4897 4898
l  4899 4900
l  4901 4902
l  4903 4904
l  4905 4906
l  4907 4908
l  4909 4910
l  4911 4912
l  4913 4914
l  4915 4916

# Mesh 'group_3' with 24 faces
g group_3
usemtl ID7
f  4917//4911 4918//4912 4919//4913
f  4920//4914 4921//4915 4922//4916
f  4923//4917 4924//4918 4925//4919
f  4926//4920 4927//4921 4928//4922
f  4929//4923 4930//4924 4931//4925
f  4932//4926 4933//4927 4934//4928
f  4935//4929 4936//4930 4937//4931
f  4938//4932 4939//4933 4940//4934
f  4941//4935 4942//4936 4943//4937
f  4944//4938 4945//4939 4946//4940
f  4947//4941 4948//4942 4949//4943
f  4950//4944 4951//4945 4952//4946
f  4953//4947 4954//4948 4955//4949
f  4956//4950 4957//4951 4958//4952
f  4959//4953 4960//4954 4961//4955
f  4962//4956 4963//4957 4964//4958
f  4965//4959 4966//4960 4967//4961
f  4968//4962 4969//4963 4970//4964
f  4971//4965 4972//4966 4973//4967
f  4974//4968 4975//4969 4976//4970
f  4977//4971 4978//4972 4979//4973
f  4980//4974 4981//4975 4982//4976
f  4983//4977 4984//4978 4985//4979
f  4986//4980 4987//4981 4988//4982

# Mesh 'group_3' with 24 faces
g group_3
usemtl ID13
f  4989//4983 4990//4984 4991//4985
f  4992//4986 4993//4987 4994//4988
f  4995//4989 4996//4990 4997//4991
f  4998//4992 4999//4993 5000//4994
f  5001//4995 5002//4996 5003//4997
f  5004//4998 5005//4999 5006//5000
f  5007//5001 5008//5002 5009//5003
f  5010//5004 5011//5005 5012//5006
f  5013//5007 5014//5008 5015//5009
f  5016//5010 5017//5011 5018//5012
f  5019//5013 5020//5014 5021//5015
f  5022//5016 5023//5017 5024//5018
f  5025//5019 5026//5020 5027//5021
f  5028//5022 5029//5023 5030//5024
f  5031//5025 5032//5026 5033//5027
f  5034//5028 5035//5029 5036//5030
f  5037//5031 5038//5032 5039//5033
f  5040//5034 5041//5035 5042//5036
f  5043//5037 5044//5038 5045//5039
f  5046//5040 5047//5041 5048//5042
f  5049//5043 5050//5044 5051//5045
f  5052//5046 5053//5047 5054//5048
f  5055//5049 5056//5050 5057//5051
f  5058//5052 5059//5053 5060//5054

# Mesh 'group_3' with 24 faces
g group_3
usemtl ID14
l  5061 5062
l  5063 5064
l  5065 5066
l  5067 5068
l  5069 5070
l  5071 5072
l  5073 5074
l  5075 5076
l  5077 5078
l  5079 5080
l  5081 5082
l  5083 5084
l  5085 5086
l  5087 5088
l  5089 5090
l  5091 5092
l  5093 5094
l  5095 5096
l  5097 5098
l  5099 5100
l  5101 5102
l  5103 5104
l  5105 5106
l  5107 5108

# Mesh 'group_3' with 16 faces
g group_3
usemtl ID7
f  5109//5103 5110//5104 5111//5105
f  5112//5106 5113//5107 5114//5108
f  5115//5109 5116//5110 5117//5111
f  5118//5112 5119//5113 5120//5114
f  5121//5115 5122//5116 5123//5117
f  5124//5118 5125//5119 5126//5120
f  5127//5121 5128//5122 5129//5123
f  5130//5124 5131//5125 5132//5126
f  5133//5127 5134//5128 5135//5129
f  5136//5130 5137//5131 5138//5132
f  5139//5133 5140//5134 5141//5135
f  5142//5136 5143//5137 5144//5138
f  5145//5139 5146//5140 5147//5141
f  5148//5142 5149//5143 5150//5144
f  5151//5145 5152//5146 5153//5147
f  5154//5148 5155//5149 5156//5150

# Mesh 'group_3' with 16 faces
g group_3
usemtl ID13
f  5157//5151 5158//5152 5159//5153
f  5160//5154 5161//5155 5162//5156
f  5163//5157 5164//5158 5165//5159
f  5166//5160 5167//5161 5168//5162
f  5169//5163 5170//5164 5171//5165
f  5172//5166 5173//5167 5174//5168
f  5175//5169 5176//5170 5177//5171
f  5178//5172 5179//5173 5180//5174
f  5181//5175 5182//5176 5183//5177
f  5184//5178 5185//5179 5186//5180
f  5187//5181 5188//5182 5189//5183
f  5190//5184 5191//5185 5192//5186
f  5193//5187 5194//5188 5195//5189
f  5196//5190 5197//5191 5198//5192
f  5199//5193 5200//5194 5201//5195
f  5202//5196 5203//5197 5204//5198

# Mesh 'group_3' with 18 faces
g group_3
usemtl ID14
l  5205 5206
l  5207 5208
l  5209 5210
l  5211 5212
l  5213 5214
l  5215 5216
l  5217 5218
l  5219 5220
l  5221 5222
l  5223 5224
l  5225 5226
l  5227 5228
l  5229 5230
l  5231 5232
l  5233 5234
l  5235 5236
l  5237 5238
l  5239 5240

# Mesh 'group_3' with 36 faces
g group_3
usemtl ID7
f  5241//5235 5242//5236 5243//5237
f  5244//5238 5245//5239 5246//5240
f  5247//5241 5248//5242 5249//5243
f  5250//5244 5251//5245 5252//5246
f  5253//5247 5254//5248 5255//5249
f  5256//5250 5257//5251 5258//5252
f  5259//5253 5260//5254 5261//5255
f  5262//5256 5263//5257 5264//5258
f  5265//5259 5266//5260 5267//5261
f  5268//5262 5269//5263 5270//5264
f  5271//5265 5272//5266 5273//5267
f  5274//5268 5275//5269 5276//5270
f  5277//5271 5278//5272 5279//5273
f  5280//5274 5281//5275 5282//5276
f  5283//5277 5284//5278 5285//5279
f  5286//5280 5287//5281 5288//5282
f  5289//5283 5290//5284 5291//5285
f  5292//5286 5293//5287 5294//5288
f  5295//5289 5296//5290 5297//5291
f  5298//5292 5299//5293 5300//5294
f  5301//5295 5302//5296 5303//5297
f  5304//5298 5305//5299 5306//5300
f  5307//5301 5308//5302 5309//5303
f  5310//5304 5311//5305 5312//5306
f  5313//5307 5314//5308 5315//5309
f  5316//5310 5317//5311 5318//5312
f  5319//5313 5320//5314 5321//5315
f  5322//5316 5323//5317 5324//5318
f  5325//5319 5326//5320 5327//5321
f  5328//5322 5329//5323 5330//5324
f  5331//5325 5332//5326 5333//5327
f  5334//5328 5335//5329 5336//5330
f  5337//5331 5338//5332 5339//5333
f  5340//5334 5341//5335 5342//5336
f  5343//5337 5344//5338 5345//5339
f  5346//5340 5347//5341 5348//5342

# Mesh 'group_3' with 36 faces
g group_3
usemtl ID13
f  5349//5343 5350//5344 5351//5345
f  5352//5346 5353//5347 5354//5348
f  5355//5349 5356//5350 5357//5351
f  5358//5352 5359//5353 5360//5354
f  5361//5355 5362//5356 5363//5357
f  5364//5358 5365//5359 5366//5360
f  5367//5361 5368//5362 5369//5363
f  5370//5364 5371//5365 5372//5366
f  5373//5367 5374//5368 5375//5369
f  5376//5370 5377//5371 5378//5372
f  5379//5373 5380//5374 5381//5375
f  5382//5376 5383//5377 5384//5378
f  5385//5379 5386//5380 5387//5381
f  5388//5382 5389//5383 5390//5384
f  5391//5385 5392//5386 5393//5387
f  5394//5388 5395//5389 5396//5390
f  5397//5391 5398//5392 5399//5393
f  5400//5394 5401//5395 5402//5396
f  5403//5397 5404//5398 5405//5399
f  5406//5400 5407//5401 5408//5402
f  5409//5403 5410//5404 5411//5405
f  5412//5406 5413//5407 5414//5408
f  5415//5409 5416//5410 5417//5411
f  5418//5412 5419//5413 5420//5414
f  5421//5415 5422//5416 5423//5417
f  5424//5418 5425//5419 5426//5420
f  5427//5421 5428//5422 5429//5423
f  5430//5424 5431//5425 5432//5426
f  5433//5427 5434//5428 5435//5429
f  5436//5430 5437//5431 5438//5432
f  5439//5433 5440//5434 5441//5435
f  5442//5436 5443//5437 5444//5438
f  5445//5439 5446//5440 5447//5441
f  5448//5442 5449//5443 5450//5444
f  5451//5445 5452//5446 5453//5447
f  5454//5448 5455//5449 5456//5450

# Mesh 'group_3' with 30 faces
g group_3
usemtl ID14
l  5457 5458
l  5459 5460
l  5461 5462
l  5463 5464
l  5465 5466
l  5467 5468
l  5469 5470
l  5471 5472
l  5473 5474
l  5475 5476
l  5477 5478
l  5479 5480
l  5481 5482
l  5483 5484
l  5485 5486
l  5487 5488
l  5489 5490
l  5491 5492
l  5493 5494
l  5495 5496
l  5497 5498
l  5499 5500
l  5501 5502
l  5503 5504
l  5505 5506
l  5507 5508
l  5509 5510
l  5511 5512
l  5513 5514
l  5515 5516

# Mesh 'group_3' with 156 faces
g group_3
usemtl ID7
f  5517//5511 5518//5512 5519//5513
f  5520//5514 5521//5515 5522//5516
f  5523//5517 5524//5518 5525//5519
f  5526//5520 5527//5521 5528//5522
f  5529//5523 5530//5524 5531//5525
f  5532//5526 5533//5527 5534//5528
f  5535//5529 5536//5530 5537//5531
f  5538//5532 5539//5533 5540//5534
f  5541//5535 5542//5536 5543//5537
f  5544//5538 5545//5539 5546//5540
f  5547//5541 5548//5542 5549//5543
f  5550//5544 5551//5545 5552//5546
f  5553//5547 5554//5548 5555//5549
f  5556//5550 5557//5551 5558//5552
f  5559//5553 5560//5554 5561//5555
f  5562//5556 5563//5557 5564//5558
f  5565//5559 5566//5560 5567//5561
f  5568//5562 5569//5563 5570//5564
f  5571//5565 5572//5566 5573//5567
f  5574//5568 5575//5569 5576//5570
f  5577//5571 5578//5572 5579//5573
f  5580//5574 5581//5575 5582//5576
f  5583//5577 5584//5578 5585//5579
f  5586//5580 5587//5581 5588//5582
f  5589//5583 5590//5584 5591//5585
f  5592//5586 5593//5587 5594//5588
f  5595//5589 5596//5590 5597//5591
f  5598//5592 5599//5593 5600//5594
f  5601//5595 5602//5596 5603//5597
f  5604//5598 5605//5599 5606//5600
f  5607//5601 5608//5602 5609//5603
f  5610//5604 5611//5605 5612//5606
f  5613//5607 5614//5608 5615//5609
f  5616//5610 5617//5611 5618//5612
f  5619//5613 5620//5614 5621//5615
f  5622//5616 5623//5617 5624//5618
f  5625//5619 5626//5620 5627//5621
f  5628//5622 5629//5623 5630//5624
f  5631//5625 5632//5626 5633//5627
f  5634//5628 5635//5629 5636//5630
f  5637//5631 5638//5632 5639//5633
f  5640//5634 5641//5635 5642//5636
f  5643//5637 5644//5638 5645//5639
f  5646//5640 5647//5641 5648//5642
f  5649//5643 5650//5644 5651//5645
f  5652//5646 5653//5647 5654//5648
f  5655//5649 5656//5650 5657//5651
f  5658//5652 5659//5653 5660//5654
f  5661//5655 5662//5656 5663//5657
f  5664//5658 5665//5659 5666//5660
f  5667//5661 5668//5662 5669//5663
f  5670//5664 5671//5665 5672//5666
f  5673//5667 5674//5668 5675//5669
f  5676//5670 5677//5671 5678//5672
f  5679//5673 5680//5674 5681//5675
f  5682//5676 5683//5677 5684//5678
f  5685//5679 5686//5680 5687//5681
f  5688//5682 5689//5683 5690//5684
f  5691//5685 5692//5686 5693//5687
f  5694//5688 5695//5689 5696//5690
f  5697//5691 5698//5692 5699//5693
f  5700//5694 5701//5695 5702//5696
f  5703//5697 5704//5698 5705//5699
f  5706//5700 5707//5701 5708//5702
f  5709//5703 5710//5704 5711//5705
f  5712//5706 5713//5707 5714//5708
f  5715//5709 5716//5710 5717//5711
f  5718//5712 5719//5713 5720//5714
f  5721//5715 5722//5716 5723//5717
f  5724//5718 5725//5719 5726//5720
f  5727//5721 5728//5722 5729//5723
f  5730//5724 5731//5725 5732//5726
f  5733//5727 5734//5728 5735//5729
f  5736//5730 5737//5731 5738//5732
f  5739//5733 5740//5734 5741//5735
f  5742//5736 5743//5737 5744//5738
f  5745//5739 5746//5740 5747//5741
f  5748//5742 5749//5743 5750//5744
f  5751//5745 5752//5746 5753//5747
f  5754//5748 5755//5749 5756//5750
f  5757//5751 5758//5752 5759//5753
f  5760//5754 5761//5755 5762//5756
f  5763//5757 5764//5758 5765//5759
f  5766//5760 5767//5761 5768//5762
f  5769//5763 5770//5764 5771//5765
f  5772//5766 5773//5767 5774//5768
f  5775//5769 5776//5770 5777//5771
f  5778//5772 5779//5773 5780//5774
f  5781//5775 5782//5776 5783//5777
f  5784//5778 5785//5779 5786//5780
f  5787//5781 5788//5782 5789//5783
f  5790//5784 5791//5785 5792//5786
f  5793//5787 5794//5788 5795//5789
f  5796//5790 5797//5791 5798//5792
f  5799//5793 5800//5794 5801//5795
f  5802//5796 5803//5797 5804//5798
f  5805//5799 5806//5800 5807//5801
f  5808//5802 5809//5803 5810//5804
f  5811//5805 5812//5806 5813//5807
f  5814//5808 5815//5809 5816//5810
f  5817//5811 5818//5812 5819//5813
f  5820//5814 5821//5815 5822//5816
f  5823//5817 5824//5818 5825//5819
f  5826//5820 5827//5821 5828//5822
f  5829//5823 5830//5824 5831//5825
f  5832//5826 5833//5827 5834//5828
f  5835//5829 5836//5830 5837//5831
f  5838//5832 5839//5833 5840//5834
f  5841//5835 5842//5836 5843//5837
f  5844//5838 5845//5839 5846//5840
f  5847//5841 5848//5842 5849//5843
f  5850//5844 5851//5845 5852//5846
f  5853//5847 5854//5848 5855//5849
f  5856//5850 5857//5851 5858//5852
f  5859//5853 5860//5854 5861//5855
f  5862//5856 5863//5857 5864//5858
f  5865//5859 5866//5860 5867//5861
f  5868//5862 5869//5863 5870//5864
f  5871//5865 5872//5866 5873//5867
f  5874//5868 5875//5869 5876//5870
f  5877//5871 5878//5872 5879//5873
f  5880//5874 5881//5875 5882//5876
f  5883//5877 5884//5878 5885//5879
f  5886//5880 5887//5881 5888//5882
f  5889//5883 5890//5884 5891//5885
f  5892//5886 5893//5887 5894//5888
f  5895//5889 5896//5890 5897//5891
f  5898//5892 5899//5893 5900//5894
f  5901//5895 5902//5896 5903//5897
f  5904//5898 5905//5899 5906//5900
f  5907//5901 5908//5902 5909//5903
f  5910//5904 5911//5905 5912//5906
f  5913//5907 5914//5908 5915//5909
f  5916//5910 5917//5911 5918//5912
f  5919//5913 5920//5914 5921//5915
f  5922//5916 5923//5917 5924//5918
f  5925//5919 5926//5920 5927//5921
f  5928//5922 5929//5923 5930//5924
f  5931//5925 5932//5926 5933//5927
f  5934//5928 5935//5929 5936//5930
f  5937//5931 5938//5932 5939//5933
f  5940//5934 5941//5935 5942//5936
f  5943//5937 5944//5938 5945//5939
f  5946//5940 5947//5941 5948//5942
f  5949//5943 5950//5944 5951//5945
f  5952//5946 5953//5947 5954//5948
f  5955//5949 5956//5950 5957//5951
f  5958//5952 5959//5953 5960//5954
f  5961//5955 5962//5956 5963//5957
f  5964//5958 5965//5959 5966//5960
f  5967//5961 5968//5962 5969//5963
f  5970//5964 5971//5965 5972//5966
f  5973//5967 5974//5968 5975//5969
f  5976//5970 5977//5971 5978//5972
f  5979//5973 5980//5974 5981//5975
f  5982//5976 5983//5977 5984//5978

# Mesh 'group_3' with 156 faces
g group_3
usemtl ID13
f  5985//5979 5986//5980 5987//5981
f  5988//5982 5989//5983 5990//5984
f  5991//5985 5992//5986 5993//5987
f  5994//5988 5995//5989 5996//5990
f  5997//5991 5998//5992 5999//5993
f  6000//5994 6001//5995 6002//5996
f  6003//5997 6004//5998 6005//5999
f  6006//6000 6007//6001 6008//6002
f  6009//6003 6010//6004 6011//6005
f  6012//6006 6013//6007 6014//6008
f  6015//6009 6016//6010 6017//6011
f  6018//6012 6019//6013 6020//6014
f  6021//6015 6022//6016 6023//6017
f  6024//6018 6025//6019 6026//6020
f  6027//6021 6028//6022 6029//6023
f  6030//6024 6031//6025 6032//6026
f  6033//6027 6034//6028 6035//6029
f  6036//6030 6037//6031 6038//6032
f  6039//6033 6040//6034 6041//6035
f  6042//6036 6043//6037 6044//6038
f  6045//6039 6046//6040 6047//6041
f  6048//6042 6049//6043 6050//6044
f  6051//6045 6052//6046 6053//6047
f  6054//6048 6055//6049 6056//6050
f  6057//6051 6058//6052 6059//6053
f  6060//6054 6061//6055 6062//6056
f  6063//6057 6064//6058 6065//6059
f  6066//6060 6067//6061 6068//6062
f  6069//6063 6070//6064 6071//6065
f  6072//6066 6073//6067 6074//6068
f  6075//6069 6076//6070 6077//6071
f  6078//6072 6079//6073 6080//6074
f  6081//6075 6082//6076 6083//6077
f  6084//6078 6085//6079 6086//6080
f  6087//6081 6088//6082 6089//6083
f  6090//6084 6091//6085 6092//6086
f  6093//6087 6094//6088 6095//6089
f  6096//6090 6097//6091 6098//6092
f  6099//6093 6100//6094 6101//6095
f  6102//6096 6103//6097 6104//6098
f  6105//6099 6106//6100 6107//6101
f  6108//6102 6109//6103 6110//6104
f  6111//6105 6112//6106 6113//6107
f  6114//6108 6115//6109 6116//6110
f  6117//6111 6118//6112 6119//6113
f  6120//6114 6121//6115 6122//6116
f  6123//6117 6124//6118 6125//6119
f  6126//6120 6127//6121 6128//6122
f  6129//6123 6130//6124 6131//6125
f  6132//6126 6133//6127 6134//6128
f  6135//6129 6136//6130 6137//6131
f  6138//6132 6139//6133 6140//6134
f  6141//6135 6142//6136 6143//6137
f  6144//6138 6145//6139 6146//6140
f  6147//6141 6148//6142 6149//6143
f  6150//6144 6151//6145 6152//6146
f  6153//6147 6154//6148 6155//6149
f  6156//6150 6157//6151 6158//6152
f  6159//6153 6160//6154 6161//6155
f  6162//6156 6163//6157 6164//6158
f  6165//6159 6166//6160 6167//6161
f  6168//6162 6169//6163 6170//6164
f  6171//6165 6172//6166 6173//6167
f  6174//6168 6175//6169 6176//6170
f  6177//6171 6178//6172 6179//6173
f  6180//6174 6181//6175 6182//6176
f  6183//6177 6184//6178 6185//6179
f  6186//6180 6187//6181 6188//6182
f  6189//6183 6190//6184 6191//6185
f  6192//6186 6193//6187 6194//6188
f  6195//6189 6196//6190 6197//6191
f  6198//6192 6199//6193 6200//6194
f  6201//6195 6202//6196 6203//6197
f  6204//6198 6205//6199 6206//6200
f  6207//6201 6208//6202 6209//6203
f  6210//6204 6211//6205 6212//6206
f  6213//6207 6214//6208 6215//6209
f  6216//6210 6217//6211 6218//6212
f  6219//6213 6220//6214 6221//6215
f  6222//6216 6223//6217 6224//6218
f  6225//6219 6226//6220 6227//6221
f  6228//6222 6229//6223 6230//6224
f  6231//6225 6232//6226 6233//6227
f  6234//6228 6235//6229 6236//6230
f  6237//6231 6238//6232 6239//6233
f  6240//6234 6241//6235 6242//6236
f  6243//6237 6244//6238 6245//6239
f  6246//6240 6247//6241 6248//6242
f  6249//6243 6250//6244 6251//6245
f  6252//6246 6253//6247 6254//6248
f  6255//6249 6256//6250 6257//6251
f  6258//6252 6259//6253 6260//6254
f  6261//6255 6262//6256 6263//6257
f  6264//6258 6265//6259 6266//6260
f  6267//6261 6268//6262 6269//6263
f  6270//6264 6271//6265 6272//6266
f  6273//6267 6274//6268 6275//6269
f  6276//6270 6277//6271 6278//6272
f  6279//6273 6280//6274 6281//6275
f  6282//6276 6283//6277 6284//6278
f  6285//6279 6286//6280 6287//6281
f  6288//6282 6289//6283 6290//6284
f  6291//6285 6292//6286 6293//6287
f  6294//6288 6295//6289 6296//6290
f  6297//6291 6298//6292 6299//6293
f  6300//6294 6301//6295 6302//6296
f  6303//6297 6304//6298 6305//6299
f  6306//6300 6307//6301 6308//6302
f  6309//6303 6310//6304 6311//6305
f  6312//6306 6313//6307 6314//6308
f  6315//6309 6316//6310 6317//6311
f  6318//6312 6319//6313 6320//6314
f  6321//6315 6322//6316 6323//6317
f  6324//6318 6325//6319 6326//6320
f  6327//6321 6328//6322 6329//6323
f  6330//6324 6331//6325 6332//6326
f  6333//6327 6334//6328 6335//6329
f  6336//6330 6337//6331 6338//6332
f  6339//6333 6340//6334 6341//6335
f  6342//6336 6343//6337 6344//6338
f  6345//6339 6346//6340 6347//6341
f  6348//6342 6349//6343 6350//6344
f  6351//6345 6352//6346 6353//6347
f  6354//6348 6355//6349 6356//6350
f  6357//6351 6358//6352 6359//6353
f  6360//6354 6361//6355 6362//6356
f  6363//6357 6364//6358 6365//6359
f  6366//6360 6367//6361 6368//6362
f  6369//6363 6370//6364 6371//6365
f  6372//6366 6373//6367 6374//6368
f  6375//6369 6376//6370 6377//6371
f  6378//6372 6379//6373 6380//6374
f  6381//6375 6382//6376 6383//6377
f  6384//6378 6385//6379 6386//6380
f  6387//6381 6388//6382 6389//6383
f  6390//6384 6391//6385 6392//6386
f  6393//6387 6394//6388 6395//6389
f  6396//6390 6397//6391 6398//6392
f  6399//6393 6400//6394 6401//6395
f  6402//6396 6403//6397 6404//6398
f  6405//6399 6406//6400 6407//6401
f  6408//6402 6409//6403 6410//6404
f  6411//6405 6412//6406 6413//6407
f  6414//6408 6415//6409 6416//6410
f  6417//6411 6418//6412 6419//6413
f  6420//6414 6421//6415 6422//6416
f  6423//6417 6424//6418 6425//6419
f  6426//6420 6427//6421 6428//6422
f  6429//6423 6430//6424 6431//6425
f  6432//6426 6433//6427 6434//6428
f  6435//6429 6436//6430 6437//6431
f  6438//6432 6439//6433 6440//6434
f  6441//6435 6442//6436 6443//6437
f  6444//6438 6445//6439 6446//6440
f  6447//6441 6448//6442 6449//6443
f  6450//6444 6451//6445 6452//6446

# Mesh 'group_3' with 130 faces
g group_3
usemtl ID14
l  6453 6454
l  6455 6456
l  6457 6458
l  6459 6460
l  6461 6462
l  6463 6464
l  6465 6466
l  6467 6468
l  6469 6470
l  6471 6472
l  6473 6474
l  6475 6476
l  6477 6478
l  6479 6480
l  6481 6482
l  6483 6484
l  6485 6486
l  6487 6488
l  6489 6490
l  6491 6492
l  6493 6494
l  6495 6496
l  6497 6498
l  6499 6500
l  6501 6502
l  6503 6504
l  6505 6506
l  6507 6508
l  6509 6510
l  6511 6512
l  6513 6514
l  6515 6516
l  6517 6518
l  6519 6520
l  6521 6522
l  6523 6524
l  6525 6526
l  6527 6528
l  6529 6530
l  6531 6532
l  6533 6534
l  6535 6536
l  6537 6538
l  6539 6540
l  6541 6542
l  6543 6544
l  6545 6546
l  6547 6548
l  6549 6550
l  6551 6552
l  6553 6554
l  6555 6556
l  6557 6558
l  6559 6560
l  6561 6562
l  6563 6564
l  6565 6566
l  6567 6568
l  6569 6570
l  6571 6572
l  6573 6574
l  6575 6576
l  6577 6578
l  6579 6580
l  6581 6582
l  6583 6584
l  6585 6586
l  6587 6588
l  6589 6590
l  6591 6592
l  6593 6594
l  6595 6596
l  6597 6598
l  6599 6600
l  6601 6602
l  6603 6604
l  6605 6606
l  6607 6608
l  6609 6610
l  6611 6612
l  6613 6614
l  6615 6616
l  6617 6618
l  6619 6620
l  6621 6622
l  6623 6624
l  6625 6626
l  6627 6628
l  6629 6630
l  6631 6632
l  6633 6634
l  6635 6636
l  6637 6638
l  6639 6640
l  6641 6642
l  6643 6644
l  6645 6646
l  6647 6648
l  6649 6650
l  6651 6652
l  6653 6654
l  6655 6656
l  6657 6658
l  6659 6660
l  6661 6662
l  6663 6664
l  6665 6666
l  6667 6668
l  6669 6670
l  6671 6672
l  6673 6674
l  6675 6676
l  6677 6678
l  6679 6680
l  6681 6682
l  6683 6684
l  6685 6686
l  6687 6688
l  6689 6690
l  6691 6692
l  6693 6694
l  6695 6696
l  6697 6698
l  6699 6700
l  6701 6702
l  6703 6704
l  6705 6706
l  6707 6708
l  6709 6710
l  6711 6712

# Mesh 'group_3' with 36 faces
g group_3
usemtl ID7
f  6713//6707 6714//6708 6715//6709
f  6716//6710 6717//6711 6718//6712
f  6719//6713 6720//6714 6721//6715
f  6722//6716 6723//6717 6724//6718
f  6725//6719 6726//6720 6727//6721
f  6728//6722 6729//6723 6730//6724
f  6731//6725 6732//6726 6733//6727
f  6734//6728 6735//6729 6736//6730
f  6737//6731 6738//6732 6739//6733
f  6740//6734 6741//6735 6742//6736
f  6743//6737 6744//6738 6745//6739
f  6746//6740 6747//6741 6748//6742
f  6749//6743 6750//6744 6751//6745
f  6752//6746 6753//6747 6754//6748
f  6755//6749 6756//6750 6757//6751
f  6758//6752 6759//6753 6760//6754
f  6761//6755 6762//6756 6763//6757
f  6764//6758 6765//6759 6766//6760
f  6767//6761 6768//6762 6769//6763
f  6770//6764 6771//6765 6772//6766
f  6773//6767 6774//6768 6775//6769
f  6776//6770 6777//6771 6778//6772
f  6779//6773 6780//6774 6781//6775
f  6782//6776 6783//6777 6784//6778
f  6785//6779 6786//6780 6787//6781
f  6788//6782 6789//6783 6790//6784
f  6791//6785 6792//6786 6793//6787
f  6794//6788 6795//6789 6796//6790
f  6797//6791 6798//6792 6799//6793
f  6800//6794 6801//6795 6802//6796
f  6803//6797 6804//6798 6805//6799
f  6806//6800 6807//6801 6808//6802
f  6809//6803 6810//6804 6811//6805
f  6812//6806 6813//6807 6814//6808
f  6815//6809 6816//6810 6817//6811
f  6818//6812 6819//6813 6820//6814

# Mesh 'group_3' with 36 faces
g group_3
usemtl ID13
f  6821//6815 6822//6816 6823//6817
f  6824//6818 6825//6819 6826//6820
f  6827//6821 6828//6822 6829//6823
f  6830//6824 6831//6825 6832//6826
f  6833//6827 6834//6828 6835//6829
f  6836//6830 6837//6831 6838//6832
f  6839//6833 6840//6834 6841//6835
f  6842//6836 6843//6837 6844//6838
f  6845//6839 6846//6840 6847//6841
f  6848//6842 6849//6843 6850//6844
f  6851//6845 6852//6846 6853//6847
f  6854//6848 6855//6849 6856//6850
f  6857//6851 6858//6852 6859//6853
f  6860//6854 6861//6855 6862//6856
f  6863//6857 6864//6858 6865//6859
f  6866//6860 6867//6861 6868//6862
f  6869//6863 6870//6864 6871//6865
f  6872//6866 6873//6867 6874//6868
f  6875//6869 6876//6870 6877//6871
f  6878//6872 6879//6873 6880//6874
f  6881//6875 6882//6876 6883//6877
f  6884//6878 6885//6879 6886//6880
f  6887//6881 6888//6882 6889//6883
f  6890//6884 6891//6885 6892//6886
f  6893//6887 6894//6888 6895//6889
f  6896//6890 6897//6891 6898//6892
f  6899//6893 6900//6894 6901//6895
f  6902//6896 6903//6897 6904//6898
f  6905//6899 6906//6900 6907//6901
f  6908//6902 6909//6903 6910//6904
f  6911//6905 6912//6906 6913//6907
f  6914//6908 6915//6909 6916//6910
f  6917//6911 6918//6912 6919//6913
f  6920//6914 6921//6915 6922//6916
f  6923//6917 6924//6918 6925//6919
f  6926//6920 6927//6921 6928//6922

# Mesh 'group_3' with 30 faces
g group_3
usemtl ID14
l  6929 6930
l  6931 6932
l  6933 6934
l  6935 6936
l  6937 6938
l  6939 6940
l  6941 6942
l  6943 6944
l  6945 6946
l  6947 6948
l  6949 6950
l  6951 6952
l  6953 6954
l  6955 6956
l  6957 6958
l  6959 6960
l  6961 6962
l  6963 6964
l  6965 6966
l  6967 6968
l  6969 6970
l  6971 6972
l  6973 6974
l  6975 6976
l  6977 6978
l  6979 6980
l  6981 6982
l  6983 6984
l  6985 6986
l  6987 6988

